Price,Miles,Trim,Year,Vin,City,State
84995,15273,Base,2018,WBSJF0C50JB282049,Redwood City,CA
93900,12810,Base,2019,WBSJF0C51KB284149,El Cajon,CA
76953,38610,Base,2018,WBSJF0C53JB282188,ROCKLAND,MA
79790,22333,Base,2018,WBSJF0C52JB282005,Catonsville,MD
89877,8553,Base,2019,WBSJF0C53KB284458,Virginia Beach,VA
75988,40597,Base,2018,WBSJF0C59JB282146,Middletown,RI
80495,24423,Base,2018,WBSJF0C54JB282541,Beaverton,OR
91250,10464,Base,2019,WBSJF0C53KB447268,Melbourne,FL
73999,49288,Base,2018,WBSJF0C52JB282036,Crystal Lake,IL
77675,33088,Base,2018,WBSJF0C56JB282721,Milwaukee,WI
71896,44239,Base,2018,WBSJF0C58JB282168,Butler,NJ
88991,16559,Base,2019,WBSJF0C51KB285009,San Antonio,TX
84500,30546,Base,2019,WBSJF0C56KB285684,Brighton,MA
83444,26196,Base,2018,WBSJF0C56JB283769,Barrington,IL
85800,31622,Base,2019,WBSJF0C50KB285339,Wexford,PA
96765,9788,Base,2019,WBSJF0C52KB447777,Harriman,NY
81476,23835,Base,2018,WBSJF0C59JB283717,Arlington Heights,IL
80003,24412,Base,2018,WBSJF0C54JB283107,Coral Springs,FL
87700,14114,Base,2019,WBSJF0C50KB447244,Wexford,PA
79985,29659,Base,2018,WBSJF0C50JB283962,Beaverton,OR
74883,37222,Base,2018,WBSJF0C54JB282751,Barrington,IL
98995,10041,Base,2019,WBSJF0C57KB285449,Suitland,MD
85850,21706,Base,2018,WBSJF0C5XJB282169,Fishers,IN
113500,3052,Base,2021,WBS83CH03MCF70025,Melbourne,FL
91377,10510,Base,2019,WBSJF0C51KB447303,Barrington,IL
89989,7996,Base,2019,WBSJF0C50KB446840,Brooklyn,NY
84993,6105,Base,2018,WBSJF0C50JB282925,Fife,WA
93927,14181,Base,2019,WBSJF0C5XKB284232,Clarendon Hills,IL
81997,29985,Base,2018,WBSJF0C56JB282346,Dayton,OH
108990,4545,Base,2021,WBS83CH0XMCF10078,Bakersfield,CA
95590,16806,Base,2019,WBSJF0C53KB447660,Saint Louis,MO
83995,37007,Base,2018,WBSJF0C51JB282660,West Palm Beach,FL
86371,24055,Base,2018,WBSJF0C58JB283076,Silver Spring,MD
96911,8307,Base,2019,WBSJF0C57KB446950,Tampa,FL
95976,9336,Base,2019,WBSJF0C54KB447070,Tampa,FL
87997,19862,Base,2018,WBSJF0C52JB283946,San Luis Obispo,CA
82921,24878,Base,2018,WBSJF0C59JB282003,North Charleston,SC
118999,1742,Base,2021,WBS83CH06MCG85959,Livonia,MI
91995,17089,Base,2018,WBSJF0C53JB283731,Honolulu,HI
85397,21104,Base,2019,WBSJF0C52KB285908,Danbury,CT
81477,36579,Base,2018,WBSJF0C5XJB282107,Barrington,IL
100285,11759,Base,2019,WBSJF0C57KB447712,Topeka,KS
99989,12725,Base,2019,WBSJF0C52KB447147,Countryside,IL
77990,30500,Base,2018,WBSJF0C56JG577465,Valley Stream,NY
90491,9535,Base,2019,WBSJF0C55KB448373,Fife,WA
78288,42855,Base,2018,WBSJF0C5XJB283323,Saint Louis,MO
93995,13344,Base,2019,WBSJF0C55KB284316,Concord,CA
86770,47971,Base,2018,WBSJF0C5XJB283810,Macon,GA
94985,16384,Base,2019,WBSJF0C5XKB447915,Towson,MD
103495,3595,Base,2019,WBSJF0C54KB285862,Suitland,MD
91991,3697,Base,2018,WBSJF0C50JB282522,Louisville,KY
82500,43561,Base,2018,WBSJF0C58JB283630,Schaumburg,IL
86477,26637,Base,2018,WBSJF0C55JB282306,Barrington,IL
89984,13638,Base,2019,WBSJF0C50KB285065,North Miami Beach,FL
92400,23020,Base,2019,WBSJF0C58KB448044,San Antonio,TX
84554,44640,Base,2018,WBSJF0C59JB283040,Shrewsbury,MA
108888,12428,Base,2019,WBSJF0C5XKB446649,Palm Springs,CA
88888,22824,Base,2018,WBSJF0C55JB283228,Des Plaines,IL
91234,3282,Base,2018,WBSJF0C58JB282199,Falmouth,ME
91900,21650,Base,2019,WBSJF0C53KB284735,Brighton,MA
97995,23367,Base,2019,WBSJF0C54KB446808,West Palm Beach,FL
86830,2086,Base,2018,WBSJF0C54JB283575,Miami,FL
90950,28808,Base,2018,WBSJF0C59JB282485,Miami,FL
80000,26805,Base,2018,WBSJF0C58JB283059,Vienna,VA
81900,15912,Base,2018,WBSJF0C57JB283909,N/A,N/A
88888,31574,Base,2019,WBSJF0C5XKB284781,N/A,N/A
85950,6956,Base,2018,WBSJF0C57JB283523,N/A,N/A
99995,6698,Competition,2019,WBSJF0C51KB447270,Rocklin,CA
97691,23685,Competition,2020,WBSJF0C09LCE38769,Carrollton,TX
90227,19662,Competition,2019,WBSJF0C5XKB285414,Miami,FL
92995,22930,Competition,2019,WBSJF0C55KB284185,Lake Bluff,IL
94500,26736,Competition,2019,WBSJF0C5XKB448367,Brighton,MA
94500,10001,Competition,2019,WBSJF0C55KB446607,Archbold,OH
87985,27706,Competition,2020,WBSJF0C02LCE42789,Jacksonville,FL
87995,27395,Competition,2019,WBSJF0C56KB284986,Teterboro,NJ
93448,14090,Competition,2019,WBSJF0C51KB285849,Costa Mesa,CA
99999,15680,Competition,2020,WBSJF0C06LCD43862,Alexandria,VA
98800,8399,Competition,2019,WBSJF0C55KB285790,Las Vegas,NV
116477,1764,Competition,2021,WBS83CH07MCF86342,Akron,OH
112995,6046,Competition,2020,WBSJF0C07LCD27590,West Melbourne,FL
93990,17012,Competition,2019,WBSJF0C52KB446712,Bloomington,MN
102980,9028,Competition,2019,WBSJF0C50KB284160,Cincinnati,OH
101900,8116,Competition,2019,WBSJF0C53KB446900,Pompano Beach,FL
92995,25090,Competition,2019,WBSJF0C52KB284709,Houston,TX
89998,32227,Competition,2019,WBSJF0C54KB446758,Doral,FL
92287,13890,Competition,2019,WBSJF0C51KB285527,Plymouth,WI
84999,34206,Competition,2019,WBSJF0C5XKB447123,Houston,TX
94900,23329,Competition,2019,WBSJF0C53KB285240,Edmond,OK
102511,20388,Competition,2019,WBSJF0C53KB448095,Knoxville,TN
119997,8632,Competition,2020,WBSJF0C05LCD40046,Sacramento,CA
92998,19168,Competition,2019,WBSJF0C51KB446684,Rochester,MN
94996,19898,Competition,2019,WBSJF0C53KB285268,Charlotte,NC
93990,24066,Competition,2019,WBSJF0C50KB285308,Valley Stream,NY
104749,9881,Competition,2019,WBSJF0C58KB446715,Streetsboro,OH
94088,15908,Competition,2019,WBSJF0C52KB284385,Norwood,MA
96298,19490,Competition,2019,WBSJF0C53KB285142,Indian Trail,NC
99994,14432,Competition,2019,WBSJF0C51KB285057,Scottsdale,AZ
110000,16859,Competition,2020,WBSJF0C02LCD90323,Canton,OH
97000,11633,Competition,2019,WBSJF0C53KB446766,Scottsdale,AZ
112998,5164,Competition,2019,WBSJF0C52KB448573,Lynnwood,WA
102800,15777,Competition,2019,WBSJF0C57KB447354,Rockville,MD
99990,5837,Competition,2019,WBSJF0C56KB447393,Greensboro,NC
113995,908,Competition,2020,WBSJF0C08LCE65493,The Woodlands,TX
104995,6832,Competition,2019,WBSJF0C55KB285840,Dallas,TX
114850,3969,Competition,2021,WBS83CH02MCE95625,Bellingham,WA
95999,11847,Competition,2019,WBSJF0C52KB447018,Buena Park,CA
102980,10392,Competition,2019,WBSJF0C59KB447405,Cincinnati,OH
119043,1005,Competition,2021,WBS83CH05MCF42050,N/A,N/A
99853,14003,Competition,2020,WBSJF0C06LB448937,N/A,N/A
81392,42693,Unspecified,2018,WBSJF0C53JB283650,DALLAS,TX
90999,28629,Unspecified,2019,WBSJF0C5XKB447414,Sacramento,CA
74900,39516,Unspecified,2018,WBSJF0C56JB281990,Concord,CA
77991,36991,Unspecified,2018,WBSJF0C57JB282971,Southborough,MA
31491,115584,Unspecified,2013,WBSFV9C58DD096538,Manassas,VA
38500,77376,Unspecified,2014,WBSFV9C59ED593146,Baton Rouge,LA
91898,15645,Unspecified,2019,WBSJF0C55KB284218,Chandler,AZ
85485,28482,Unspecified,2018,WBSJF0C5XJB283399,Weston,FL
34250,79955,Unspecified,2013,WBSFV9C56DD096943,San Francisco,CA
83900,20920,Unspecified,2018,WBSJF0C54JB281986,Encinitas,CA
29999,99292,Unspecified,2013,WBSFV9C55DC773955,Santa Clara,CA
73630,26283,Unspecified,2018,WBSJF0C53JB282465,El Paso,TX
91495,5320,Unspecified,2019,WBSJF0C5XKB448112,Fort Wayne,IN
80590,25494,Unspecified,2018,WBSJF0C56JB282203,Boulder,CO
91999,10731,Unspecified,2019,WBSJF0C52KB447519,Fort Myers,FL
40500,73480,Unspecified,2014,WBSFV9C50ED593620,Lakeside,CA
98795,5730,Unspecified,2020,WBSJF0C02LCD69892,Paramus,NJ
33176,68501,Unspecified,2013,WBSFV9C53DC773257,Chandler,AZ
17500,94263,Unspecified,2006,WBSNB93556B581674,Orange,CA
96559,10659,Unspecified,2020,WBSJF0C03LCD76446,Carrollton,TX
75986,31870,Unspecified,2018,WBSJF0C55JB282645,Cleveland,OH
77988,31236,Unspecified,2018,WBSJF0C52JB283302,Garland,TX
74996,39570,Unspecified,2018,WBSJF0C51JB282724,Santa Clara,CA
82796,24310,Unspecified,2018,WBSJF0C5XJB282818,Highlands Ranch,CO
91995,15432,Unspecified,2019,WBSJF0C54KB447828,Cleveland,OH
82000,21810,Unspecified,2018,WBSJF0C59JB283152,Bonner Springs,KS
81392,42693,Unspecified,2018,WBSJF0C53JB283650,DALLAS,TX
84999,12589,Unspecified,2018,WBSJF0C51JB282545,Darien,CT
49999,41869,Unspecified,2016,WBSFV9C58GG343107,Glendale Heights,IL
101470,9509,Unspecified,2020,WBSJF0C0XLCE21110,Delray Beach,FL
18995,68972,Unspecified,2006,WBSNB93556CX06117,Fort Worth,TX
89900,12226,Unspecified,2019,WBSJF0C50KB284272,Concord,CA
34995,79787,Unspecified,2014,WBSFV9C57ED097424,Sumner,WA
29995,106156,Unspecified,2013,WBSFV9C50DD096727,Haltom City,TX
99995,6937,Unspecified,2020,WBSJF0C00LCE17163,Glendale,AZ
90627,9498,Unspecified,2018,WBSJF0C58JB284079,Phoenix,AZ
84995,18801,Unspecified,2018,WBSJF0C50JB283301,San Antonio,TX
38950,47048,Unspecified,2013,WBSFV9C50DD096436,Daytona Beach,FL
18500,107658,Unspecified,2006,WBSNB93586B582995,Stuart,FL
49988,62702,Unspecified,2016,WBSFV9C52GD595775,Wilmington,NC
97499,10069,Unspecified,2019,WBSJF0C59KB448263,Turnersville,NJ
85597,28395,Unspecified,2018,WBSJF0C54JB282927,Vista,CA
85777,13943,Unspecified,2018,WBSJF0C51JB284067,Boerne,TX
79498,22615,Unspecified,2018,WBSJF0C58JB283160,Mountain View,CA
84985,24844,Unspecified,2019,WBSJF0C59KB447923,Orlando,FL
101990,8090,Unspecified,2020,WBSJF0C00LCE13212,Catonsville,MD
33995,88807,Unspecified,2013,WBSFV9C53DD095877,Roseville,CA
19995,98110,Unspecified,2008,WBSNB93558CX10090,Fairfax,VA
89900,27214,Unspecified,2019,WBSJF0C56KB446714,Costa Mesa,CA
81550,33182,Unspecified,2018,WBSJF0C58JB282977,Englewood,CO
89900,27214,Unspecified,2019,WBSJF0C56KB446714,Costa Mesa,CA
87500,6757,Unspecified,2018,WBSJF0C59JG577489,Scottsdale,AZ
19900,91000,Unspecified,2008,WBSNB93578CX10625,Glenshaw,PA
51995,29637,Unspecified,2016,WBSFV9C53GD595557,Oakland,CA
101900,4199,Unspecified,2020,WBSJF0C08LCD26156,Brighton,MA
57998,7917,Unspecified,2016,WBSFV9C53GG343676,Doral,FL
34985,86574,Unspecified,2013,WBSFV9C52DD096518,Massapequa,NY
23991,60801,Unspecified,2008,WBSNB93528CX09723,Jacksonville,FL
95976,6242,Unspecified,2018,WBSJF0C52JB283395,Downers Grove,IL
38995,70069,Unspecified,2014,WBSFV9C50ED593178,Sacramento,CA
14999,106050,Unspecified,2007,WBSNB93587CX06873,Nampa,ID
38995,62514,Unspecified,2013,WBSFV9C52DD096860,Streamwood,IL
81980,35992,Unspecified,2018,WBSJF0C51JB282898,Valencia,CA
17895,98188,Unspecified,2006,WBSNB93536B583908,ALSIP,IL
105000,3453,Unspecified,2020,WBSJF0C04LCD75306,Canton,OH
29995,109490,Unspecified,2013,WBSFV9C51DC773421,Midvale,UT
27990,154772,Unspecified,2001,WBSDE93481BZ99326,Sun Valley,CA
30495,107284,Unspecified,2013,WBSFV9C55DD096481,Spotsylvania,VA
39999,57191,Unspecified,2013,WBSFV9C5XDD096606,Des Plaines,IL
43375,72150,Unspecified,2015,WBSFV9C50FD595045,Fresno,CA
79999,49281,Unspecified,2019,WBSJF0C58KB285024,Los Angeles,CA
31900,102275,Unspecified,2013,WBSFV9C5XDC772896,Tucson,AZ
82000,31946,Unspecified,2018,WBSJF0C58JB282641,Berkeley,CA
39939,57909,Unspecified,2013,WBSFV9C50DC772700,Noblesville,IN
43399,77846,Unspecified,2015,WBSFV9C59FD594704,Colton,CA
85888,26073,Unspecified,2018,WBSJF0C5XJB282432,Grapevine,TX
14995,137002,Unspecified,2006,WBSNB93596B582603,Duluth,GA
49995,65890,Unspecified,2016,WBSFV9C54GD595664,San Luis Obispo,CA
17000,141000,Unspecified,2008,WBSNB93538CX08340,Modesto,CA
43991,44276,Unspecified,2015,WBSFV9C57FD594295,Florence,KY
41396,65656,Unspecified,2015,WBSFV9C59FD595139,San Luis Obispo,CA
84987,13236,Unspecified,2018,WBSJF0C56JB283383,Highlands Ranch,CO
93500,16851,Unspecified,2019,WBSJF0C55KB284204,Sterling,VA
88473,13851,Unspecified,2018,WBSJF0C5XJB283094,Phoenix,AZ
91990,10767,Unspecified,2019,WBSJF0C56KB284230,Great Neck,NY
37500,78009,Unspecified,2014,WBSFV9C57ED593260,Mason,OH
89999,20913,Unspecified,2018,WBSJF0C59JB282552,N Miami Beach,FL
41975,49252,Unspecified,2014,WBSFV9C54ED097512,El Paso,TX
81950,17990,Unspecified,2018,WBSJF0C57JB282467,Lewisville,TX
39950,86962,Unspecified,2014,WBSFV9C52ED593957,Holbrook,MA
54900,31847,Unspecified,2015,WBSFV9C51FD595068,Bellevue,WA
84900,27349,Unspecified,2019,WBSJF0C58KB284147,Fort Lauderdale,FL
68881,54525,Unspecified,2018,WBSJF0C50JB282164,Avenel,NJ
81000,35231,Unspecified,2018,WBSJF0C52JB282599,Berkeley,CA
88798,16517,Unspecified,2018,WBSJF0C58JB282980,Shrewsbury,MA
97500,25907,Unspecified,2020,WBSJF0C00LCD03034,Mamaroneck,NY
42777,57039,Unspecified,2014,WBSFV9C58ED593882,Houston,TX
22900,68731,Unspecified,2008,WBSNB93538CX08726,Aurora,CO
61500,27326,Unspecified,2016,WBSFV9C50GD595788,Grand Rapids,MI
79995,24161,Unspecified,2018,WBSJF0C52JB283428,Birmingham,MI
59988,32339,Unspecified,2016,WBSFV9C54GD595440,Buford,GA
37995,55758,Unspecified,2013,WBSFV9C5XDC772994,Orlando,FL
48990,50665,Unspecified,2015,WBSFV9C57FD595091,Lewisville,TX
84998,17525,Unspecified,2018,WBSJF0C53JB282871,Rancho Cordova,CA
92599,12045,Unspecified,2019,WBSJF0C58KB448223,Torrance,CA
39995,50473,Unspecified,2013,WBSFV9C50DC773653,Everett,WA
37595,70833,Unspecified,2013,WBSFV9C53DD095409,Summerville,SC
24000,65221,Unspecified,2006,WBSNB93506CX06462,Noblesville,IN
96480,16780,Unspecified,2019,WBSJF0C57KB284396,Cincinnati,OH
34500,72615,Unspecified,2013,WBSFV9C59DC772632,Indianapolis,IN
85792,32105,Unspecified,2018,WBSJF0C57JB283070,Roseville,CA
46777,62196,Unspecified,2015,WBSFV9C50FD594610,Prosper,TX
47997,48970,Unspecified,2014,WBSFV9C58ED593462,Bel Air,MD
36995,71540,Unspecified,2013,WBSFV9C59DC773344,Fontana,CA
19995,90590,Unspecified,2009,WBSNB93509C043088,Frederick,MD
57491,26788,Unspecified,2016,WBSFV9C55GG343646,Flint,MI
85608,26275,Unspecified,2019,WBSJF0C5XKB448059,Chattanooga,TN
46537,64484,Unspecified,2015,WBSFV9C57FD594975,Topeka,KS
84995,32894,Unspecified,2018,WBSJF0C57JB282775,Delray Beach,FL
89000,25662,Unspecified,2018,WBSJF0C56JB283741,Cerritos,CA
73772,50178,Unspecified,2018,WBSJF0C5XJB283502,Jacksonville,FL
89991,22932,Unspecified,2018,WBSJF0C50JB282777,Fremont,CA
105996,16316,Unspecified,2020,WBSJF0C03LB449074,Bellevue,WA
18499,101789,Unspecified,2006,WBSNB93546B581584,Capitol Heights,MD
62998,13901,Unspecified,2016,WBSFV9C5XGG343366,Mountain View,CA
48465,59807,Unspecified,2016,WBSFV9C56GD595715,Libertyville,IL
33000,23255,Unspecified,2010,WBSNB9C57AC043089,Berkeley,CA
98995,15530,Unspecified,2018,WBSJF0C56JB282959,Wilmington,NC
82990,19646,Unspecified,2018,WBSJF0C59JB283054,Tampa,FL
19999,102615,Unspecified,2006,WBSNB935X6B583436,Palatine,IL
39998,78255,Unspecified,2014,WBSFV9C53ED592977,Sacramento,CA
89900,16420,Unspecified,2019,WBSJF0C54KB284355,Anaheim,CA
86877,17069,Unspecified,2018,WBSJF0C50JB282083,Santa Monica,CA
19998,118254,Unspecified,2006,WBSNB93526B584046,Rancho Cordova,CA
83500,29823,Unspecified,2018,WBSJF0C52JB282568,Chicago,IL
39995,48932,Unspecified,2013,WBSFV9C52DD096941,Springfield,VA
86850,31589,Unspecified,2018,WBSJF0C50JB282889,Encinitas,CA
90997,24448,Unspecified,2019,WBSJF0C52KB284287,Morristown,NJ
49895,39771,Unspecified,2015,WBSFV9C57FD595205,Winter Park,FL
42995,57302,Unspecified,2014,WBSFV9C53ED593160,Portland,OR
28888,52514,Unspecified,2006,WBSNB93576B582048,San Diego,CA
96998,25203,Unspecified,2020,WBSJF0C04LCD20712,Frisco,TX
87886,57397,Unspecified,2018,WBSJF0C54JB283592,Charlotte,NC
81988,29504,Unspecified,2018,WBSJF0C59JB282700,Norwood,MA
43888,75551,Unspecified,2014,WBSFV9C53ED593384,Concord,CA
92087,19056,Unspecified,2019,WBSJF0C52KB285293,Fenton,MO
89999,16895,Unspecified,2019,WBSJF0C55KB285661,Clifton,NJ
58000,6735,Unspecified,2013,WBSFV9C50DC773426,Santa Barbara,CA
92950,17726,Unspecified,2018,WBSJF0C50JB284061,Miami,FL
27990,53961,Unspecified,2006,WBSNB93516B581722,Gaithersburg,MD
87950,21653,Unspecified,2018,WBSJF0C59JB282163,King Of Prussia,PA
50900,44969,Unspecified,2014,WBSFV9C56ED593900,Knoxville,TN
49999,42062,Unspecified,2000,WBSDE9346YBZ95480,Bellevue,WA
94000,23620,Unspecified,2019,WBSJF0C50KB284269,Scottsdale,AZ
99000,43480,Unspecified,2001,WBSDE934X1BZ97707,Rancho Santa Fe,CA
88988,42650,Unspecified,2018,WBSJF0C53JB283518,Buford,GA
20500,82277,Unspecified,2006,WBSNB93516B583342,Chantilly,VA
77500,54423,Unspecified,2013,WBSFV9C50DC772471,San Jose,CA
83999,24088,Unspecified,2018,WBSJF0C55JB284038,Fort Myers,FL
97880,3437,Unspecified,2018,WBSJF0C57JB283053,Downers Grove,IL
21750,81095,Unspecified,2009,WBSNB93539CX10994,Rancho Cordova,CA
53100,33499,Unspecified,2015,WBSFV9C54FD594528,Dublin,OH
50000,41927,Unspecified,2016,WBSFV9C52GD595663,Saint Louis,MO
81991,37533,Unspecified,2018,WBSJF0C52JB283090,Westmont,IL
49990,61392,Unspecified,2014,WBSFV9C52ED097699,Costa Mesa,CA
22995,118177,Unspecified,2009,WBSNB93529CX10971,Indianapolis,IN
89500,35411,Unspecified,2018,WBSJF0C51JB283324,Atlanta,GA
98997,13147,Unspecified,2019,WBSJF0C54KB284243,Ramsey,NJ
75889,39803,Unspecified,2018,WBSJF0C56JB282329,Hillside,NJ
62998,51884,Unspecified,2014,WBSFV9C56ED593962,Lynnwood,WA
32991,101589,Unspecified,2008,WBSNB935X8CX10683,Manassas,VA
107000,2700,Unspecified,2019,WBSJF0C58KB284214,Pompano Beach,FL
88995,9850,Unspecified,2018,WBSJF0C5XJB282737,Glendale Heights,IL
84990,32675,Unspecified,2018,WBSJF0C51JB283954,Las Vegas,NV
83228,21876,Unspecified,2018,WBSJF0C55JB281964,Santa Monica,CA
106451,16777,Unspecified,2019,WBSJF0C57KB447015,Lynnwood,WA
52963,53080,Unspecified,2014,WBSFV9C52ED593165,Longmont,CO
89995,11639,Unspecified,2018,WBSJF0C59JB282695,Akron,OH
52800,42482,Unspecified,2015,WBSFV9C5XFD594677,Avondale,AZ
50709,35182,Unspecified,2015,WBSFV9C51FD594745,Atlanta,GA
56995,28146,Unspecified,2016,WBSFV9C5XGG343335,Fort Lauderdale,FL
59995,43102,Unspecified,2000,WBSDE9343YBZ95162,Wilmington,DE
102990,5695,Unspecified,2020,WBSJF0C00LCD77795,Freehold,NJ
69997,57075,Unspecified,1993,WBSHD9315PBK06566,Hickory,NC
44995,62445,Unspecified,2014,WBSFV9C59ED594023,Seattle,WA
24999,67980,Unspecified,2006,WBSNB93596CX06489,Roswell,GA
39987,84231,Unspecified,2013,WBSFV9C55DC772255,Buffalo Grove,IL
49500,42217,Unspecified,2013,WBSFV9C58DC772654,Bloomington,IN
38495,31510,Unspecified,2007,WBSNB935X7CX07295,Akron,OH
52990,31591,Unspecified,2014,WBSFV9C50ED097734,Sarasota,FL
104990,988,Unspecified,2021,WBS83CH08MCF77844,Bluffton,SC
94995,15265,Unspecified,2018,WBSJF0C54JB283138,Knoxville,TN
39900,41000,Unspecified,2012,WBSFV9C53CC772317,Glenshaw,PA
26580,97821,Unspecified,2009,WBSNB93529CX10937,Daytona Beach,FL
45358,67126,Unspecified,2015,WBSFV9C59FD594668,Reno,NV
41998,35716,Unspecified,2013,WBSFV9C50DC772759,Lynnwood,WA
44995,58102,Unspecified,2008,WBSNB93508CX09560,Orlando,FL
49885,88119,Unspecified,2014,WBSFV9C51ED593528,Daly City,CA
37900,58000,Unspecified,2012,WBSFV9C58CC772393,Glenshaw,PA
59995,33725,Unspecified,2013,WBSFV9C54DD096343,Hasbrouck Heights,NJ
116995,3550,Unspecified,2021,WBS83CH01MCF22796,Totowa,NJ
51950,49275,Unspecified,2016,WBSFV9C50GD595550,Roswell,GA
51995,31918,Unspecified,2014,WBSFV9C55ED593578,Villa Park,IL
59990,43393,Unspecified,2003,WBSDE93403CF93783,Gaithersburg,MD
43900,65802,Unspecified,2015,WBSFV9C57FD594670,North Plainfield,NJ
77900,29200,Unspecified,2002,WBSDE93472CF91267,Orlando,FL
35990,57156,Unspecified,2013,WBSFV9C52DC773914,Atlanta,GA
112995,10190,Unspecified,2021,WBS83CH04MCF22520,Pleasant Grove,UT
86977,26642,Unspecified,2018,WBSJF0C50JB283573,Eugene,OR
94989,34157,Unspecified,2019,WBSJF0C50KB447681,Doylestown,PA
92500,15610,Unspecified,2019,WBSJF0C56KB448706,Bellingham,WA
88900,39108,Unspecified,2018,WBSJF0C50JG577462,Pompano Beach,FL
16990,108138,Unspecified,2006,WBSNB93526B581258,Tampa,FL
32995,72494,Unspecified,2007,WBSNB93567CX07391,Coventry,CT
47114,47121,Unspecified,2014,WBSFV9C57ED097794,Coconut Creek,FL
96995,6695,Unspecified,2019,WBSJF0C50KB448488,Parsippany,NJ
26990,42741,Unspecified,2008,WBSNB93558CX09327,Hollywood,FL
113410,1295,Unspecified,2021,WBS83CH03MCF49403,Grapevine,TX
39844,55740,Unspecified,2014,WBSFV9C56ED593170,Baton Rouge,LA
48598,48919,Unspecified,2015,WBSFV9C55FD595249,Wichita,KS
19995,96202,Unspecified,2007,WBSNB935X7CX07961,N/A,N/A
81990,26001,Unspecified,2018,WBSJF0C56JB283979,N/A,N/A
88537,10782,Unspecified,2018,WBSJF0C53JB282773,N/A,N/A
89555,14443,Unspecified,2018,WBSJF0C54JB282393,N/A,N/A
79997,27551,Unspecified,2018,WBSJF0C55JB284105,N/A,N/A
109988,5972,Unspecified,2021,WBS83CH09MCF70000,N/A,N/A
23950,95499,Unspecified,2010,WBSNB9C57AC043481,N/A,N/A
91002,21349,Unspecified,2019,WBSJF0C57KB446897,N/A,N/A
38500,113496,Unspecified,1993,WBSHD9310PBK06622,N/A,N/A
99747,9033,Unspecified,2020,WBSJF0C04LCD80540,N/A,N/A
93999,17178,Unspecified,2019,WBSJF0C53KB285772,N/A,N/A
77665,45472,Unspecified,2018,WBSJF0C50JB282892,N/A,N/A
88999,26948,Unspecified,2018,WBSJF0C50JB283024,N/A,N/A
67931,39909,Unspecified,2000,WBSDE9347YBZ94449,N/A,N/A
51586,38986,Unspecified,2015,WBSFV9C59FD594380,N/A,N/A
36999,109241,Unspecified,2002,WBSDE93452CF91672,N/A,N/A
88999,29526,Unspecified,2018,WBSJF0C59JB282647,N/A,N/A
47995,59362,Unspecified,2015,WBSFV9C56FD595342,N/A,N/A
