Price,Miles,Trim,Year,Vin
269000,8286,LP700,2012,ZHWUC1ZD4CLA01279
237777,44395,LP700,2013,ZHWUC1ZD7DLA01343
239000,23063,LP700,2012,ZHWUC1ZD4CLA00407
259900,8445,LP700,2012,ZHWUC1ZD7CLA00241
334900,6462,LP700,2015,ZHWUR1ZD2FLA03339
249900,17222,LP700,2013,ZHWUC1ZD5DLA01678
367595,10833,LP700,2016,ZHWUR1ZD7GLA04469
325000,2664,LP700,2013,ZHWUR1ZD6DLA01686
289995,9233,LP700,2012,ZHWUC1ZD1CLA01191
275777,8756,LP700,2012,ZHWUC1ZD3CLA00690
339990,2552,LP700,2014,ZHWUR1ZDXELA02812
319888,19350,LP700,2015,ZHWUR1ZD9FLA03094
359951,3104,LP700,2014,ZHWUR1ZD8ELA02470
315000,7000,LP700,2014,ZHWUR1ZD3ELA02716
329951,9406,LP700,2014,ZHWUR1ZD1ELA02214
279950,13414,LP700,2013,ZHWUC1ZD1DLA01547
349998,12068,LP700,2016,ZHWUC1ZDXGLA05164
339888,7870,LP700,2014,ZHWUR1ZD1ELA02892
279996,16998,LP700,2012,ZHWUC1ZD4CLA00116
349951,4225,LP700,2014,ZHWUR1ZD0ELA02141
335900,5275,LP700,2014,ZHWUR1ZD8ELA02677
324950,12594,LP700,2015,ZHWUR1ZD7FLA03448
388800,2458,LP700,2016,ZHWUR1ZD1GLA05178
549951,1173,LP750,2017,ZHWUT3ZDXHLA05565
459989,6587,LP750,2016,ZHWUF3ZD7GLA05027
424989,7972,LP750,2016,ZHWUF3ZD1GLA04858
425899,7142,LP750,2016,ZHWUF3ZDXGLA04373
698000,2409,SVJ,2020,ZHWUN6ZD5LLA09639
698000,2409,S,2020,ZHWUN6ZD5LLA09639
488888,3357,Unspecified,2016,ZHWUF3ZD2GLA04559
