Price,Miles,Trim,Year,Vin,City,State
96298,17893,Carrera,2019,WP0AA2A98KS103524,Bradenton,FL
61500,52598,Carrera,2014,WP0AA2A9XES107417,St Louis Park,MN
20750,88650,Carrera,2000,WP0CA2996YS654671,Renton,WA
114992,2283,Carrera,2020,WP0AA2A97LS205463,Grand Rapids,MI
75000,35504,Carrera,2016,WP0AA2A95GS106730,West Palm Beach,FL
22998,113307,Carrera,2003,WP0CA29943S650353,Plano,TX
39990,32428,Carrera,2004,WP0AA29974S620563,Gladstone,OR
38991,71252,Carrera,2007,WP0AA299X7S710133,Dallas,TX
28988,60956,Carrera,2002,WP0AA29922S622542,Duluth,GA
82995,22524,Carrera,2014,WP0AA2A91ES107080,Warwick,RI
117995,7790,Carrera,2020,WP0AA2A91LS205586,Plano,TX
25989,89181,Carrera,2003,WP0AA29903S622072,Tacoma,WA
27850,46053,Carrera,2002,WP0CA29962S652510,Bellingham,WA
29997,91660,Carrera,2003,WP0AA29963S622822,Knoxville,TN
37899,74589,Carrera,2007,WP0AA29927S711440,Deerfield Beach,FL
85822,26413,Carrera,2017,WP0AA2A98HS107579,Chandler,AZ
74981,22825,Carrera,2015,WP0AA2A98FS106218,San Antonio,TX
27992,75198,Carrera,2004,WP0CA29994S651578,North Richland Hills,TX
18350,113633,Carrera,2001,WP0CA29971S651378,Garner,NC
99993,8171,Carrera,2018,WP0AA2A96JS106307,Woodland Hills,CA
72500,33900,Carrera,2015,WP0AA2A98FS106882,Boca Raton,FL
104881,7873,Carrera,2018,WP0AA2A90JS105783,Ontario,CA
98989,11525,Carrera,2018,WP0AA2A99JS105362,Lithia Springs,GA
92998,21659,Carrera,2019,WP0AA2A93KS103589,Newark,DE
37500,37865,Carrera,2004,WP0AA29934S620804,Edmond,OK
33491,39890,Carrera,2004,WP0AA29944S621735,Orange,CA
59900,103352,Carrera,2015,WP0AA2A96FS100062,Brooklyn,NY
87597,35976,Carrera,2018,WP0AA2A92JS105090,Indianapolis,IN
27617,79803,Carrera,2003,WP0AA29913S620153,Carmel,IN
33907,45222,Carrera,2003,WP0CA29943S651146,Vero Beach,FL
33500,98041,Carrera,2005,WP0AA29945S716085,Houston,TX
21900,101801,Carrera,2001,WP0CA29921S651885,Tempe,AZ
108788,14785,Carrera,2019,WP0AA2A9XKS104206,Santa Clara,CA
57995,20680,Carrera,2011,WP0CA2A9XBS740245,West Palm Beach,FL
97998,6665,Carrera,2017,WP0AA2A97HS107492,Minneapolis,MN
94900,13295,Carrera,2017,WP0AA2A94HS107207,Bellevue,WA
25900,103802,Carrera,2005,WP0AA29905S715466,Fort Lauderdale,FL
139591,1965,Carrera,2021,WP0AA2A93MS205882,Elyria,OH
105946,9344,Carrera,2018,WP0AA2A94JS105494,Sarasota,FL
33997,60928,Carrera,2003,WP0AA29943S620955,Lake Park,FL
93500,44347,Carrera,2016,WP0AB2A9XGS123164,Santa Barbara,CA
83995,10308,Carrera,2014,WP0CA2A9XES140071,New London,CT
59900,9611,Carrera,2006,WP0AA29906S715498,Midlothian,VA
87000,28893,Carrera,2017,WP0AA2A95HS107054,Daytona Beach,FL
71888,32661,Carrera,2015,WP0AA2A93FS106112,Boerne,TX
129995,9614,Carrera,2019,WP0AB2A92KS114712,Santa Fe,NM
134900,763,Carrera,2021,WP0AA2A95MS206158,Doral,FL
130991,8579,Carrera,2020,WP0CA2A96LS251634,Seaside,CA
99991,29641,Carrera,2018,WP0CA2A92JS138406,Los Angeles,CA
97555,14616,Carrera,2017,WP0AA2A94HS108051,Boerne,TX
36999,76371,Carrera,2005,WP0AA29985S715361,Carrollton,TX
99866,15111,Carrera,2017,WP0AA2A98HS106951,Knoxville,TN
29669,97308,Carrera,2004,WP0CA299X4S652061,Indianapolis,IN
118900,19813,Carrera,2016,WP0AB2A99GS123351,Houston,TX
99509,11500,Carrera,2018,WP0AA2A93JS105891,Orlando,FL
26455,93414,Carrera,2002,WP0CA29952S652627,Glendale,CA
27880,79767,Carrera,2003,WP0CA29943S650692,Kent,WA
94800,23736,Carrera,2019,WP0AA2A95KS104310,VALLEJO,CA
78212,65044,Carrera,2017,WP0CA2A98HS141711,Cayce,SC
82509,41635,Carrera,2014,WP0CA2A90ES140614,Westerly,RI
74990,7453,Carrera,2012,WP0AA2A91CS106508,Okemos,MI
42900,52629,Carrera,2003,WP0AA29903S622007,Chandler,AZ
104999,18112,Carrera,2015,WP0AB2A91FS124573,Clifton,NJ
124750,5418,Carrera,2020,WP0AA2A9XLS206395,Upper Saddle River,NJ
38995,83831,Carrera,2005,WP0AA29985S716977,Roseville,CA
147500,2743,Carrera,2016,WP0CB2A96GS154534,Jupiter,FL
42995,74829,Carrera,2008,WP0CA29918S765757,Laguna Beach,CA
27900,50947,Carrera,1999,WP0CA2995XS654787,Naples,FL
142501,1434,Carrera,2021,WP0AA2A99MS206325,Ocala,FL
112998,10494,Carrera,2017,WP0CA2A99HS141880,Katy,TX
58795,29644,Carrera,2009,WP0AA29979S706432,Glendale,CA
25987,112443,Carrera,2003,WP0CA29973S653103,Vista,CA
78990,59950,Carrera,2017,WP0AA2A9XHS108023,Marietta,GA
159995,5943,Carrera,2019,WP0CB2A90KS136152,Naples,FL
119991,1672,Carrera,2018,WP0AA2A96JS106551,Maitland,FL
99958,45930,Carrera,2019,WP0CA2A95KS129281,Marietta,GA
94995,18209,Carrera,2019,WP0AA2A9XKS103556,Medford,OR
107999,30119,Carrera,2016,WP0AB2A94GS122527,Houston,TX
55900,68657,Carrera,2012,WP0AA2A96CS106276,West Chester,PA
96995,19197,Carrera,2017,WP0AA2A9XHS107485,Rocklin,CA
130530,16631,Carrera,2020,WP0AA2A91LS205829,Orlando,FL
32922,49355,Carrera,2002,WP0CA29982S652444,Indianapolis,IN
76955,37700,Carrera,2014,WP0CA2A99ES140630,CHERRY HILL,NJ
44990,57804,Carrera,2006,WP0CA299X6S756228,Minneapolis,MN
77940,26898,Carrera,2015,WP0CA2A97FS137078,Boca Raton,FL
74990,26026,Carrera,2014,WP0AA2A98ES107352,Concord,CA
128777,588,Carrera,2020,WP0CA2A96LS251097,Pittsburgh,PA
95990,30160,Carrera,2017,WP0CA2A94HS142287,Lafayette,LA
54999,23239,Carrera,2008,WP0CA29988S765187,Torrance,CA
104799,13287,Carrera,2019,WP0AA2A97KS103644,Arlington,VA
44997,44990,Carrera,2004,WP0AA299X4S621500,Melbourne,FL
129998,17280,Carrera,2017,WP0CA2A97HS142610,Allston,MA
89998,14086,Carrera,2016,WP0AA2A99GS106519,Newark,DE
105000,8206,Carrera,2018,WP0AA2A9XJS105659,West Palm Beach,FL
125000,3987,Carrera,2020,WP0AA2A91LS205667,West Palm Beach,FL
147900,11637,Carrera,2019,WP0AB2A95KS114753,Portland,OR
69998,54400,Carrera,1995,WP0CA2995SS340940,Newark,DE
118995,19021,Carrera,2015,WP0AB2A90FS125620,East Hartford,CT
98991,29893,Carrera,2017,WP0AA2A9XHS106871,Los Angeles,CA
99999,8517,Carrera,2017,WP0AA2A99HS107414,Ramsey,NJ
47911,50101,Carrera,2005,WP0AA29975S716839,Bloomington,IL
34900,35177,Carrera,2002,WP0CA299X2S650548,El Cajon,CA
56495,59562,Carrera,2008,WP0AA29958S711062,Westmont,IL
31981,53465,Carrera,1999,WP0CA2997XS655908,Brentwood,TN
49981,55489,Carrera,2003,WP0AA29953S620432,Brentwood,TN
131995,3471,Carrera,2021,WP0AA2A97MS205612,San Diego,CA
25950,65633,Carrera,2001,WP0CA29921S654155,Saint Louis,MO
71985,34102,Carrera,2013,WP0AA2A94DS107959,San Juan Capistrano,CA
98990,14235,Carrera,2018,WP0AA2A91JS106506,Sarasota,FL
73990,35052,Carrera,2014,WP0AA2A93ES107341,Sarasota,FL
37995,95374,Carrera,2006,WP0CA29966S755092,Jacksonville,FL
31871,33550,Carrera,2002,WP0CA29942S653901,Daytona Beach,FL
119995,16827,Carrera,2020,WP0AA2A96LS205194,Delray Beach,FL
26500,80517,Carrera,2001,WP0CA29941S650463,Beaverton,OR
83788,36878,Carrera,2014,WP0CA2A94ES140177,Santa Clara,CA
145000,6074,Carrera,2019,WP0AB2A97KS114933,West Palm Beach,FL
148900,6106,Carrera,2019,WP0AB2A91KS115513,Portland,OR
110000,5362,Carrera,2017,WP0AA2A97HS108044,Plano,TX
59900,19364,Carrera,2006,WP0AA29946S715133,Portland,OR
79881,29606,Carrera,2014,WP0AA2A9XES107742,Ontario,CA
42118,45770,Carrera,2005,WP0CA29995S755375,San Antonio,TX
108999,14045,Carrera,2020,WP0AA2A99LS205450,Irondale,AL
107990,29021,Carrera,2016,WP0AB2A93GS122339,Daly City,CA
79850,17565,Carrera,2013,WP0AA2A97DS106868,Miami,FL
85000,17785,Carrera,1998,WP0CA2990WS340527,Santa Barbara,CA
180000,90865,Carrera,1984,WP0AB0912ES120484,Jupiter,FL
109950,12279,Carrera,2018,WP0AA2A97JS105196,King Of Prussia,PA
76000,33127,Carrera,2013,WP0CA2A91DS140202,Miami,FL
39990,56824,Carrera,2003,WP0CA29943S653205,Towson,MD
154788,2100,Carrera,2019,WP0AB2A97KS115404,Santa Clara,CA
149000,1402,Carrera,2016,WP0AB2A94GS122446,West Palm Beach,FL
134900,1415,Carrera,2021,WP0AA2A98MS205781,Dublin,OH
28888,70843,Carrera,1999,WP0AA2999XS625140,San Ramon,CA
64995,38337,Carrera,2011,WP0AA2A94BS706471,Rocklin,CA
33990,89371,Carrera,2003,WP0AA29953S621483,Okemos,MI
49988,48699,Carrera,2008,WP0CA29928S765735,Pittsburgh,PA
27990,73478,Carrera,1999,WP0AA2997XS621216,Jacksonville,FL
138474,2052,Carrera,2018,WP0AB2A90JS123407,Coral Gables,FL
99500,46534,Carrera,1996,WP0AA2992TS322775,Rocklin,CA
51950,52676,Carrera,2005,WP0AA29925S715680,King Of Prussia,PA
91995,21990,Carrera,2017,WP0AA2A94HS108163,Costa Mesa,CA
85850,39402,Carrera,2017,WP0AA2A99HS108207,Miami,FL
100000,26822,Carrera,2018,WP0AA2A91JS105775,Oklahoma City,OK
79995,11882,Carrera,2010,WP0AA2A93AS706167,Glen Cove,NY
174979,14236,Carrera,1989,WP0EB0914KS173216,Marietta,GA
55991,28814,Carrera,2008,WP0AA29918S710720,Seaside,CA
93900,13205,Carrera,2017,WP0AA2A90HS106720,Coral Gables,FL
26899,95775,Carrera,2001,WP0CA29921S652177,Fife,WA
93799,21799,Carrera,2017,WP0AA2A90HS106538,Arlington,VA
96950,23378,Carrera,2017,WP0AA2A95HS107412,Atlanta,GA
92408,9941,Carrera,2014,WP0AA2A92ES107668,Indianapolis,IN
31487,73990,Carrera,2004,WP0AA29904S621585,Gainesville,FL
114788,26676,Carrera,2017,WP0AA2A90HS107527,Santa Clara,CA
77991,19278,Carrera,2014,WP0AA2A93ES106450,Houston,TX
93499,37505,Carrera,2018,WP0AA2A99JS105281,Arlington,VA
86800,36136,Carrera,2017,WP0AA2A94HS106798,Miami,FL
45900,49908,Carrera,2007,WP0AA29977S711384,Honolulu,HI
128777,12689,Carrera,2019,WP0AB2A90KS114157,Boerne,TX
229911,5124,Carrera,1989,WP0EB0917KS173128,Las Vegas,NV
77994,36875,Carrera,2014,WP0AA2A93ES106092,Davie,FL
35980,43749,Carrera,2003,WP0CA29923S650755,Newport Beach,CA
39950,39225,Carrera,2002,WP0AA29922S622539,San Diego,CA
111881,12242,Carrera,2019,WP0AA2A94KS103441,Ontario,CA
98456,36798,Carrera,2017,WP0AA2A93HS106839,Oklahoma City,OK
59900,52815,Carrera,1996,WP0CA2992TS340069,Pompano Beach,FL
30980,45727,Carrera,2001,WP0CA29991S652998,Columbus,OH
76950,32996,Carrera,2013,WP0AA2A96DS107509,Roswell,GA
55500,68865,Carrera,1984,WP0EB0915ES170636,Fremont,CA
124900,7406,Carrera,2016,WP0AB2A97GS122540,Portland,OR
99987,14385,Carrera,2018,WP0AA2A99JS105460,Monterey,CA
35997,67361,Carrera,2002,WP0AA29932S621304,Towson,MD
69980,54341,Carrera,2012,WP0CA2A92CS140546,West Chester,PA
29995,53561,Carrera,1999,WP0AA2995XS625250,San Antonio,TX
125830,4462,Carrera,2020,WP0CA2A96LS251777,Los Angeles,CA
109991,18459,Carrera,2015,WP0AB2A90FS124516,Barrington,IL
50900,32958,Carrera,2005,WP0AA29935S717065,Dublin,OH
124950,1022,Carrera,2018,WP0AA2A93JS106376,King Of Prussia,PA
42957,89394,Carrera,2007,WP0AA29937S711043,Mobile,AL
132995,7172,Carrera,2016,WP0AB2A93GS122311,Las Vegas,NV
108900,1055,Carrera,2017,WP0CA2A9XHS141869,Pompano Beach,FL
18995,140947,Carrera,1999,WP0AA2999XS623646,Garden City,ID
69850,55005,Carrera,1995,WP0CA2996SS341238,Hickory,NC
105481,19920,Carrera,2019,WP0CA2A92KS129304,Greensboro,NC
52992,50229,Carrera,2003,WP0AA29923S621408,Brentwood,TN
55900,55398,Carrera,2006,WP0AA29976S715935,Pompano Beach,FL
32900,61737,Carrera,2001,WP0AA29961S621375,Miami,FL
94981,27989,Carrera,2017,WP0AA2A98HS106528,Riverside,CA
96588,21149,Carrera,2018,WP0AA2A95JS106377,Westbury,NY
120400,8291,Carrera,2020,WP0AA2A92LS206584,Los Angeles,CA
94839,27175,Carrera,2019,WP0AA2A91KS103509,Davie,FL
76992,21701,Carrera,2012,WP0AA2A95CS106642,Barrington,IL
59000,31953,Carrera,2009,WP0CA29989S740548,Dublin,OH
79900,22664,Carrera,1995,WP0CA2998SS341533,Palm Springs,CA
79900,13276,Carrera,2012,WP0AA2A9XCS789146,Portland,OR
91999,22991,Carrera,2017,WP0AA2A96HS107239,Clifton,NJ
79900,12749,Carrera,2010,WP0AA2A99AS706531,Portland,OR
94900,28877,Carrera,2012,WP0AB2A9XCS720549,Portland,OR
85988,45755,Carrera,2017,WP0AA2A95HS106602,Garland,TX
129900,17783,Carrera,2016,WP0AB2A91GS122825,Portland,OR
129985,2916,Carrera,2020,WP0CA2A96LS251360,Orlando,FL
89900,25302,Carrera,2015,WP0CA2A99FS141438,Southampton,NY
47500,82212,Carrera,1988,WP0EB0919JS170696,Saint George,UT
108900,17199,Carrera,2017,WP0AA2A9XHS107597,Fairfield,CT
49950,29231,Carrera,2006,WP0AA29916S717034,Neptune,NJ
33988,70660,Carrera,2004,WP0CA29974S653460,San Jose,CA
137991,24067,Carrera,2018,WP0AB2A99JS124071,Los Angeles,CA
99991,5092,Carrera,2018,WP0AA2A96JS106453,Powell,OH
32395,58815,Carrera,2000,WP0CA2992YS651489,Covington,WA
34998,43202,Carrera,2001,WP0CA29951S653663,Delray Beach,FL
79999,17816,Carrera,2012,WP0CA2A95CS140184,Freeport,NY
130000,5535,Carrera,2020,WP0AA2A98LS205150,Centerville,UT
47500,54000,Carrera,2006,WP0CA29926S756823,Orange,CA
49898,29854,Carrera,2001,WP0CA299X1S654162,Los Angeles,CA
105000,14574,Carrera,2017,WP0AA2A9XHS107731,West Palm Beach,FL
66800,29501,Carrera,1996,WP0CA2998TS341811,Dublin,OH
50000,47650,Carrera,2003,WP0AA29973S621923,Saint Louis,MO
49980,42013,Carrera,2006,WP0CA29996S755510,Irvine,CA
99990,45556,Carrera,2015,WP0CB2A9XFS155331,West Palm Beach,FL
144990,6723,Carrera,2018,WP0AB2A90JS123598,Towson,MD
51996,40242,Carrera,2005,WP0AA29995S716941,Mocksville,NC
68981,44502,Carrera,2014,WP0AA2A98ES106718,Orange,CA
32990,55485,Carrera,2002,WP0CA29942S653462,Willow Grove,PA
45000,75000,Carrera,2005,WP0AA29995S715921,Orange,CA
54900,113653,Carrera,1986,WP0EB0912GS160844,Mentor,OH
59995,38333,Carrera,2009,WP0AA29989S706617,Las Vegas,NV
44788,48288,Carrera,2005,WP0CA29955S755454,Marietta,GA
30998,52070,Carrera,2000,WP0CA2990YS650339,Glendale Heights,IL
121999,8146,Carrera,2020,WP0AA2A99LS206369,Irondale,AL
75000,23627,Carrera,2012,WP0AA2A93CS106526,Bloomington,IN
43900,62757,Carrera,2006,WP0CA299X6S755919,Honolulu,HI
43974,89145,Carrera,2005,WP0AA29945S717205,Mocksville,NC
149000,9287,Carrera,1987,WP0EB0910HS171990,Pompano Beach,FL
49800,67907,Carrera,2009,WP0AA29989S706293,Glendale Heights,IL
44900,52296,Carrera,2006,WP0CA29966S755139,Pittsburgh,PA
64900,63336,Carrera,1988,WP0EB0912JS171706,Grand Rapids,MI
64999,79173,Carrera,2012,WP0AA2A94CS106132,Houston,TX
128950,22768,Carrera,2018,WP0AB2A96JS122391,Roswell,GA
79995,8371,Carrera,2013,WP0CA2A94DS140937,Largo,FL
97898,27761,Carrera,2018,WP0CA2A99JS138189,Austin,TX
96999,20252,Carrera,2017,WP0AA2A95HS107460,San Diego,CA
42995,48973,Carrera,2005,WP0CA29945S755655,Rancho Santa Fe,CA
74506,125301,Carrera,1984,WP0AB091XES120572,Louisville,KY
79888,59800,Carrera,2017,WP0AA2A97HS106620,Scottsdale,AZ
96644,22555,Carrera,2017,WP0AA2A93HS107876,San Antonio,TX
91999,29335,Carrera,2017,WP0AA2A92HS108453,Clifton,NJ
93000,6544,Carrera,2014,WP0AA2A94ES106604,Pompano Beach,FL
49996,66601,Carrera,1997,WP0CA299XVS341487,Houston,TX
134888,831,Carrera,2020,WP0AA2A92LS205516,Newark,DE
41990,48905,Carrera,2003,WP0CA299X3S651989,Lowell,MA
79888,5517,Carrera,2012,WP0AA2A93CS789120,Boerne,TX
77990,23049,Carrera,2013,WP0AA2A99DS107181,Beverly,NJ
24950,59157,Carrera,1999,WP0CA2994XS651685,Daytona Beach,FL
106991,13224,Carrera,2018,WP0CA2A97JS138515,Los Angeles,CA
141240,2041,Carrera,2021,WP0CA2A94MS239399,Bronx,NY
104981,16173,Carrera,2018,WP0AA2A95JS105147,Melbourne,FL
98900,28262,Carrera,2017,WP0CA2A94HS142516,Pompano Beach,FL
49000,89852,Carrera,1984,WP0EB0917ES161761,East Hartford,CT
139900,8680,Carrera,2016,WP0AB2A94GS123354,Portland,OR
54995,72554,Carrera,2010,WP0AA2A90AS706269,Honolulu,HI
59999,173262,Carrera,1988,WP0AB0913JS121962,Portland,OR
129900,49800,Carrera,1996,WP0AA2998TS320898,Portland,OR
29995,81932,Carrera,2001,WP0CA29921S652664,Delran,NJ
94991,22750,Carrera,2017,WP0AA2A92HS108100,Barrington,IL
39995,39395,Carrera,2003,WP0CA29923S651386,Glen Cove,NY
104955,34139,Carrera,2018,WP0CA2A9XJS138265,CHERRY HILL,NJ
25597,75045,Carrera,2001,WP0AA29961S620744,Golden,CO
28990,98678,Carrera,2003,WP0CA29983S651361,Lowell,MA
46555,28279,Carrera,2005,WP0AA29965S717240,Downers Grove,IL
128000,15908,Carrera,2020,WP0AA2A94LS206151,West Palm Beach,FL
69995,50500,Carrera,2014,WP0CA2A92ES140775,Laurinburg,NC
109000,10701,Carrera,1986,WP0AB0915GS121163,Glen Cove,NY
295000,7436,Carrera,1988,WP0AB0913JS121881,Scottsdale,AZ
48999,64276,Carrera,2005,WP0AA29925S715615,Tucson,AZ
42999,52993,Carrera,2007,WP0AA29937S710460,Hollywood,CA
34900,66097,Carrera,2002,WP0AA29932S620170,Vero Beach,FL
132900,10780,Carrera,2016,WP0CB2A94GS154760,Brighton,MA
72500,37660,Carrera,2012,WP0CA2A96CS140310,Bloomington,IN
45995,67933,Carrera,2006,WP0CA29996S757273,Frederick,MD
109999,17192,Carrera,2017,WP0CA2A93HS141986,Upper Saddle River,NJ
75950,51981,Carrera,1995,WP0CA2993SS340385,Saint Louis,MO
81995,31489,Carrera,2016,WP0CA2A91GS141239,Largo,FL
28999,25223,Carrera,1999,WP0CA2999XS654520,Birmingham,AL
74979,36808,Carrera,2014,WP0AA2A94ES107882,Marietta,GA
130333,1895,Carrera,2020,WP0AA2A94LS206411,Davie,FL
59995,76100,Carrera,1986,WP0EB0919GS170545,Pipersville,PA
48900,9551,Carrera,2002,WP0AA29942S623109,Danbury,CT
129995,828,Carrera,2021,WP0AA2A96MS206234,West Melbourne,FL
73995,39454,Carrera,2013,WP0CA2A97DS141564,Springfield,NJ
95990,22753,Carrera,2017,WP0AA2A93HS106999,Towson,MD
73950,31059,Carrera,2013,WP0AA2A9XDS106895,Phoenix,AZ
99995,25310,Carrera,2018,WP0AA2A92JS106577,Las Vegas,NV
148999,3156,Carrera,2018,WP0AB2A92JS122808,Newark,DE
92998,26275,Carrera,2017,WP0CA2A96HS142033,Shrewsbury,MA
84988,43000,Carrera,2017,WP0AA2A96HS107774,Henderson,NV
94994,31345,Carrera,2018,WP0AA2A92JS105672,Indianapolis,IN
78995,17391,Carrera,2014,WP0AA2A90ES107295,Parsippany,NJ
58698,33813,Carrera,2009,WP0AA29969S706552,Buford,GA
87998,33688,Carrera,2017,WP0AA2A98HS107131,Burlington,MA
159689,5142,Carrera,2019,WP0CB2A95KS136390,Atlanta,GA
45500,59983,Carrera,2005,WP0AA29905S717024,Canton,OH
42999,49556,Carrera,2007,WP0AA29907S710593,Orlando,FL
35850,38121,Carrera,2003,WP0CA29943S651955,Houston,TX
61874,60325,Carrera,2013,WP0AA2A9XDS107304,Savannah,GA
144900,5142,Carrera,2018,WP0AB2A91JS122654,Springfield,IL
77357,20415,Carrera,2014,WP0AA2A99ES107604,Mobile,AL
75900,26927,Carrera,2013,WP0AA2A9XDS108162,Scottsdale,AZ
22900,96443,Carrera,2000,WP0CA2990YS650454,Carrollton,TX
96996,29661,Carrera,2017,WP0CA2A91HS142098,Westmont,IL
38497,44847,Carrera,2003,WP0AA29983S622224,Fairfax,VA
103900,10476,Carrera,2017,WP0CA2A98HS142146,Pompano Beach,FL
79995,17606,Carrera,2012,WP0AA2A97CS106075,Glen Cove,NY
79999,31505,Carrera,2014,WP0CA2A96ES140438,Clifton,NJ
59950,82797,Carrera,1996,WP0AA2993TS320260,Bellevue,WA
92991,34525,Carrera,2017,WP0AA2A93HS108378,N/A,N/A
119992,14629,Carrera,2020,WP0AA2A98LS206380,N/A,N/A
103988,9248,Carrera,2018,WP0CA2A96JS138456,N/A,N/A
152000,15477,Carrera,2016,WP0AB2A98GS123065,N/A,N/A
119995,1335,Carrera,2020,WP0AA2A96LS205101,N/A,N/A
105900,8100,Carrera,2017,WP0AA2A91HS107892,N/A,N/A
129992,1226,Carrera,2020,WP0AA2A94LS205808,N/A,N/A
92985,16560,Carrera,2017,WP0AA2A92HS107996,N/A,N/A
139950,14444,Carrera,2019,WP0AB2A95KS115062,N/A,N/A
108995,12665,Carrera,2015,WP0CB2A91FS155251,N/A,N/A
97900,12883,Carrera,2018,WP0AA2A95JS105245,N/A,N/A
107535,15814,Carrera,2017,WP0AA2A9XHS107776,N/A,N/A
121995,22964,Carrera,2020,WP0AA2A99LS205285,N/A,N/A
99991,12009,Carrera,2018,WP0AA2A94JS105981,N/A,N/A
90900,33698,Carrera,2018,WP0AA2A95JS105536,N/A,N/A
69995,53446,Carrera,2012,WP0AA2A97CS106657,N/A,N/A
105993,13381,Carrera,2019,WP0AA2A9XKS103427,N/A,N/A
89980,27654,Carrera,2018,WP0AA2A99JS105118,N/A,N/A
129900,10320,Carrera,2020,WP0AA2A98LS206329,N/A,N/A
99995,20501,Carrera,2019,WP0AA2A91KS103543,N/A,N/A
149991,20923,Carrera,2016,WP0AB2A92GS123370,N/A,N/A
119992,1952,Carrera,2020,WP0AA2A95LS206465,N/A,N/A
140790,4027,Carrera,2019,WP0AB2A92KS114242,N/A,N/A
96998,20975,Carrera,2017,WP0AA2A96HS108472,N/A,N/A
79939,34695,Carrera,2014,WP0CA2A98ES140828,N/A,N/A
132900,1472,Carrera,2020,WP0AA2A90LS206082,N/A,N/A
119991,3965,Carrera,2020,WP0AA2A9XLS205148,N/A,N/A
72900,39454,Carrera,2011,WP0AA2A93BS706459,N/A,N/A
59500,43935,Carrera,1995,WP0CA2998SS342066,N/A,N/A
53000,100408,Carrera,1997,WP0AA2999VS320492,N/A,N/A
39200,56898,Carrera,2006,WP0CA29906S757114,N/A,N/A
35500,130148,Carrera,2004,WP0CA29984S651801,N/A,N/A
33415,49490,Carrera,2003,WP0AA29913S622551,N/A,N/A
99899,1184,Carrera,2019,WP0AA2A90KS103999,N/A,N/A
99995,5616,Carrera,2017,WP0AA2A98HS107940,N/A,N/A
84900,75293,Carrera,1987,WP0EB0910HS172041,N/A,N/A
94995,26902,Carrera,2018,WP0AA2A90JS105931,N/A,N/A
58950,89574,Carrera,2014,WP0AA2A92ES107878,N/A,N/A
82897,28670,Carrera,2016,WP0AA2A91GS106076,N/A,N/A
94853,18253,Carrera,2018,WP0AA2A9XJS105449,N/A,N/A
96395,12054,Carrera,2018,WP0AA2A95JS106198,N/A,N/A
47211,44973,Carrera,2008,WP0CA29968S765253,N/A,N/A
86500,66414,Carrera,1988,WP0AB0916JS121163,N/A,N/A
55332,33426,Carrera,2006,WP0CA29946S756676,N/A,N/A
65000,53500,Carrera,1987,WP0EB0912HS170887,N/A,N/A
109992,19354,Carrera,2017,WP0AA2A91HS107231,N/A,N/A
37911,20942,Carrera,2001,WP0CA29901S651061,N/A,N/A
49990,27327,Carrera,2005,WP0AA29975S717182,N/A,N/A
81991,13545,Carrera,2013,WP0CA2A99DS140920,N/A,N/A
99992,33984,Carrera,2017,WP0AA2A99HS108272,N/A,N/A
32980,33115,Carrera,2001,WP0CAS9921S651076,N/A,N/A
99950,24177,Carrera,2019,WP0AA2A96KS103568,N/A,N/A
104995,9201,Carrera,2018,WP0CA2A97JS138143,N/A,N/A
45500,30781,Carrera,2002,WP0CA29912S650440,N/A,N/A
125898,4476,Carrera,2020,WP0AA2A90LS205708,N/A,N/A
29990,32832,Carrera,2000,WP0CA2998YS654106,N/A,N/A
129995,7850,Carrera,2020,WP0CA2A99LS251370,N/A,N/A
47900,204071,Carrera,1985,WP0AB0911FS120459,N/A,N/A
45995,40000,Carrera,2000,WP0CA2995YS653981,N/A,N/A
34999,30105,Carrera,2001,WP0AA29961S621506,N/A,N/A
87616,9330,Carrera-S,2014,WP0AB2A91ES121218,Milwaukee,WI
43500,81921,Carrera-S,2006,WP0AB29936S742224,Redwood City,CA
38991,46703,Carrera-S,2007,WP0AB29927S732429,SPRING,TX
34500,164963,Carrera-S,2006,WP0CB29956S766727,Carrollton,TX
81980,22351,Carrera-S,2014,WP0AB2A96ES122218,Irvine,CA
96900,5427,Carrera-S,2015,WP0AB2A9XFS124393,Palm Springs,CA
81990,30471,Carrera-S,2013,WP0AB2A93DS120196,San Rafael,CA
84900,14771,Carrera-S,2013,WP0AB2A93DS123051,Tempe,AZ
101990,6411,Carrera-S,2016,WP0AB2A97GS122618,Daly City,CA
56990,38994,Carrera-S,2010,WP0CB2A97AS754857,Birmingham,AL
84998,10010,Carrera-S,2013,WP0AB2A9XDS123175,Blair,NE
99000,7106,Carrera-S,2015,WP0AB2A90FS125228,West Palm Beach,FL
137067,7442,Carrera-S,2020,WP0AB2A94LS228843,Tucson,AZ
75999,34947,Carrera-S,2014,WP0AB2A98ES121717,Trooper,PA
38149,76584,Carrera-S,2006,WP0CB29976S766471,Charlotte,NC
41999,78000,Carrera-S,2006,WP0CB29926S769309,Scottsdale,AZ
49950,130325,Carrera-S,2012,WP0AB2A93CS121430,Norco,CA
142995,9397,Carrera-S,2020,WP0AB2A97LS229310,Orlando,FL
89831,11897,Carrera-S,2013,WP0AB2A91DS120097,Wilmington,DE
89988,18308,Carrera-S,2014,WP0AB2A96ES120372,Buford,GA
129990,8812,Carrera-S,2019,WP0CB2A96KS136608,Westmont,IL
148995,5836,Carrera-S,2020,WP0AB2A96LS225443,Melbourne,FL
105981,31181,Carrera-S,2019,WP0CB2A97KS136441,Avenel,NJ
63200,19971,Carrera-S,2012,WP0AB2A95CS121428,Sibley,LA
155000,5210,Carrera-S,2020,WP0AB2A98LS226853,Las Vegas,NV
84998,17970,Carrera-S,2013,WP0CB2A96DS156196,Milwaukee,WI
57997,38915,Carrera-S,2007,WP0AB29937S730334,Portland,OR
122900,14266,Carrera-S,2019,WP0AB2A98KS114942,Hickory,NC
85850,14432,Carrera-S,2013,WP0CB2A98DS155082,Miami,FL
159995,2405,Carrera-S,2020,WP0CB2A95LS263433,Rocklin,CA
124998,13468,Carrera-S,2019,WP0AB2A90KS114143,Allston,MA
135995,7518,Carrera-S,2020,WP0AB2A90LS225986,Arlington Heights,IL
142999,2654,Carrera-S,2020,WP0AB2A96LS225328,Valencia,CA
148888,2594,Carrera-S,2020,WP0AB2A9XLS226837,Grapevine,TX
124900,5522,Carrera-S,2019,WP0AB2A99KS114822,Pompano Beach,FL
120000,35940,Carrera-S,2018,WP0CB2A91JS147921,Las Vegas,NV
159000,2497,Carrera-S,2020,WP0AB2A98LS229624,Las Vegas,NV
118000,14999,Carrera-S,2017,WP0CB2A92HS154564,Parsippany,NJ
94975,11903,Carrera-S,2015,WP0CB2A93FS154165,Hyannis,MA
124995,6245,Carrera-S,2019,WP0CB2A98KS136383,Massapequa,NY
122320,31624,Carrera-S,2020,WP0AB2A99LS227851,Columbia,SC
84101,36451,Carrera-S,2014,WP0AB2A9XES120391,Oklahoma City,OK
105900,13170,Carrera-S,2017,WP0AB2A95HS123493,Addison,TX
105467,30298,Carrera-S,2017,WP0AB2A98HS125125,Fort Myers,FL
79387,19396,Carrera-S,2012,WP0CB2A96CS754108,MT LAUREL TOWNSHIP,NJ
64991,77890,Carrera-S,2012,WP0CB2A96CS154284,Barrington,IL
93900,14374,Carrera-S,2013,WP0CB2A98DS155065,Brentwood,TN
122799,20596,Carrera-S,2018,WP0CB2A95JS148053,Arlington,VA
52995,46331,Carrera-S,2006,WP0AB29976S742372,Orlando,FL
67500,29351,Carrera-S,2007,WP0CB29957S775560,Englewood,NJ
137481,5758,Carrera-S,2020,WP0AB2A92LS227058,Greensboro,NC
96950,24206,Carrera-S,2016,WP0AB2A92GS122722,Atlanta,GA
92991,41805,Carrera-S,2017,WP0CB2A98HS155718,Seaside,CA
79995,24225,Carrera-S,2009,WP0CB29989S755113,Syosset,NY
159950,1000,Carrera-S,2021,WP0CB2A94MS248102,Roswell,GA
154995,6195,Carrera-S,2020,WP0CB2A93LS262247,West Melbourne,FL
65000,27381,Carrera-S,2006,WP0CB29996S768786,Parsippany,NJ
144625,13045,Carrera-S,2020,WP0AB2A92LS225908,Knoxville,TN
151995,2677,Carrera-S,2020,WP0AB2A94LS228177,Orlando,FL
116900,11982,Carrera-S,2018,WP0AB2A96JS123797,Springfield,IL
73900,49065,Carrera-S,2013,WP0CB2A92DS157118,San Antonio,TX
96899,8821,Carrera-S,2015,WP0CB2A94FS154529,Davie,FL
111900,14262,Carrera-S,2017,WP0AB2A91HS123443,Brighton,MA
79900,41739,Carrera-S,2013,WP0AB2A9XDS121507,Tequesta,FL
52492,40939,Carrera-S,2006,WP0AB29996S743300,Los Angeles,CA
79950,20101,Carrera-S,2012,WP0CB2A97CS154973,Naples,FL
56871,46913,Carrera-S,2008,WP0AB29978S731763,Atlanta,GA
87996,25333,Carrera-S,2014,WP0AB2A95ES121092,Westmont,IL
76000,21600,Carrera-S,2012,WP0CB2A96CS754237,Shreveport,LA
145988,13210,Carrera-S,2020,WP0AB2A92LS225178,Lauderhill,FL
149995,14719,Carrera-S,2020,WP0AB2A98LS226111,Pembroke Pines,FL
127900,12712,Carrera-S,2017,WP0CB2A92HS155780,Coral Gables,FL
139995,5699,Carrera-S,2020,WP0AB2A96LS227936,Huntsville,AL
67990,18076,Carrera-S,2008,WP0AB29958S731129,Knoxville,TN
118491,14412,Carrera-S,2019,WP0AB2A94KS114260,Bellevue,WA
118491,14412,Carrera-S,2019,WP0AB2A94KS114260,Bellevue,WA
84987,26500,Carrera-S,2013,WP0AB2A97DS122954,Panama City,FL
181530,3719,Carrera-S,2020,WP0CB2A96LS263408,Orlando,FL
62995,62510,Carrera-S,2012,WP0CB2A90CS154488,Costa Mesa,CA
48495,49204,Carrera-S,2006,WP0CB29906S765677,Marietta,GA
135000,1673,Carrera-S,2019,WP0AB2A91KS114118,Jacksonville,FL
59990,15270,Carrera-S,2006,WP0AB29986S742820,Duluth,GA
88850,19000,Carrera-S,2013,WP0CB2A97DS155025,Miami,FL
119000,8932,Carrera-S,2017,WP0CB2A92HS154077,North Dartmouth,MA
61881,35441,Carrera-S,2005,WP0AB29945S742568,Bethesda,MD
149966,3984,Carrera-S,2020,WP0AB2A96LS229928,Knoxville,TN
69900,15200,Carrera-S,2006,WP0CB29906S768711,Portland,OR
79995,23006,Carrera-S,2009,WP0CB29949S755092,Syosset,NY
46997,80276,Carrera-S,2006,WP0CB29906S769275,Costa Mesa,CA
128168,6183,Carrera-S,2018,WP0CB2A90JS147554,Ocala,FL
86989,23932,Carrera-S,2013,WP0CB2A98DS155003,Maitland,FL
159981,7591,Carrera-S,2020,WP0AB2A9XLS226210,Silver Spring,MD
54760,39781,Carrera-S,2005,WP0CB29955S765172,Milwaukee,WI
50778,74473,Carrera-S,2006,WP0AB29936S741235,Austin,TX
54000,22997,Carrera-S,2005,WP0CB29935S765185,Miami,FL
108764,15782,Carrera-S,2017,WP0AB2A97HS122765,Grand Rapids,MI
120000,22255,Carrera-S,2018,WP0CB2A96JS147283,Parsippany,NJ
147498,3246,Carrera-S,2020,WP0AB2A90LS226684,Delray Beach,FL
140000,14616,Carrera-S,2020,WP0AB2A92LS226010,West Palm Beach,FL
41500,86175,Carrera-S,2006,WP0CB29936S765947,Tampa,FL
72990,21609,Carrera-S,2011,WP0AB2A92BS720558,Austin,TX
82991,14417,Carrera-S,2012,WP0AB2A92CS121578,Seaside,CA
107995,11723,Carrera-S,2017,WP0AB2A94HS124523,Bonita Springs,FL
127950,20033,Carrera-S,2020,WP0AB2A98LS227789,Madison,IN
138990,17555,Carrera-S,2020,WP0AB2A90LS225292,Fort Myers,FL
55542,17643,Carrera-S,2006,WP0CB29996S766486,Richfield,MN
89788,41842,Carrera-S,2015,WP0AB2A97FS125002,Santa Clara,CA
104990,23924,Carrera-S,2017,WP0AB2A90HS122882,Towson,MD
43000,79311,Carrera-S,2006,WP0CB29916S766837,Shepherdsville,KY
147888,16346,Carrera-S,2020,WP0AB2A91LS227651,Foothill Ranch,CA
91390,20849,Carrera-S,2014,WP0AB2A99ES120091,Mocksville,NC
109999,22371,Carrera-S,2017,WP0AB2A95HS125082,Pompano Beach,FL
79995,27783,Carrera-S,2010,WP0AB2A96AS720769,Glen Cove,NY
147940,15138,Carrera-S,2020,WP0AB2A97LS226875,Orlando,FL
77910,20035,Carrera-S,2011,WP0CB2A9XBS755180,Charlotte,NC
56980,25726,Carrera-S,2006,WP0AB29946S742877,Newport Beach,CA
59997,42783,Carrera-S,2006,WP0AB29956S741897,Pelham,AL
172950,1107,Carrera-S,2020,WP0CB2A99LS262740,King Of Prussia,PA
157500,7187,Carrera-S,2014,WP0AB2A90ES121291,Jupiter,FL
115998,26000,Carrera-S,2018,WP0AB2A95JS123189,Atlanta,GA
55044,31579,Carrera-S,2006,WP0AB29996S743376,Bellflower,CA
72590,28182,Carrera-S,2012,WP0CB2A92CS154444,Countryside,IL
150858,7358,Carrera-S,2020,WP0AB2A97LS229744,Orlando,FL
159900,4960,Carrera-S,2020,WP0CB2A91LS263218,West Palm Beach,FL
149995,11522,Carrera-S,2020,WP0AB2A95LS225269,Las Vegas,NV
154900,666,Carrera-S,2020,WP0AB2A95LS226762,Pompano Beach,FL
148995,3545,Carrera-S,2021,WP0AB2A98MS221184,San Diego,CA
89900,22703,Carrera-S,2013,WP0CB2A92DS157216,Midlothian,VA
104990,22831,Carrera-S,2016,WP0CB2A92GS154160,Towson,MD
148870,3460,Carrera-S,2020,WP0CB2A93LS264709,Los Angeles,CA
111000,21172,Carrera-S,2017,WP0CB2A91HS154216,Palm Beach Gardens,FL
74900,32305,Carrera-S,2012,WP0AB2A94CS720210,Portland,OR
59995,32876,Carrera-S,2007,WP0AB29957S731677,Houston,TX
59900,25884,Carrera-S,2006,WP0CB29956S769286,Portland,OR
75900,40693,Carrera-S,2012,WP0AB2A94CS121209,Westmont,IL
84900,32340,Carrera-S,2010,WP0AB2A9XAS720807,Portland,OR
79999,28150,Carrera-S,2012,WP0AB2A92CS120138,Richardson,TX
136656,19231,Carrera-S,2020,WP0AB2A91LS227505,Davie,FL
94998,13452,Carrera-S,2015,WP0AB2A93FS125899,Walnut Creek,CA
94991,34398,Carrera-S,2017,WP0CB2A91HS155351,Miami,FL
69850,43173,Carrera-S,2008,WP0AB29998S731747,Miami,FL
84850,26540,Carrera-S,2013,WP0CB2A98DS156796,Miami,FL
49995,56323,Carrera-S,2008,WP0CB29978S775089,Carmel,IN
81999,59569,Carrera-S,2017,WP0AB2A98HS123410,Birmingham,AL
66995,64215,Carrera-S,2011,WP0AB2A98BS720225,Raleigh,NC
157995,3058,Carrera-S,2020,WP0CB2A90LS262450,Elmhurst,IL
90000,30279,Carrera-S,2015,WP0CB2A96FS143094,Scottsdale,AZ
120424,24386,Carrera-S,2017,WP0CB2A96HS154664,Fairfield,CT
105000,30982,Carrera-S,2017,WP0AB2A97HS122278,Saint Louis,MO
50499,66717,Carrera-S,2006,WP0AB29976S743098,Princeton,NJ
122900,1861,Carrera-S,2018,WP0AB2A90JS124170,Pompano Beach,FL
156797,14979,Carrera-S,2020,WP0AB2A93LS226081,MARIETTA,GA
62995,65992,Carrera-S,2011,WP0CB2A94BS754753,Charlotte,NC
49995,63902,Carrera-S,2006,WP0AB29956S742032,Sacramento,CA
74995,41437,Carrera-S,2012,WP0AB2A93CS120634,Columbus,OH
77950,24472,Carrera-S,2012,WP0AB2A96CS121230,Ballwin,MO
105995,34326,Carrera-S,2017,WP0CB2A96HS155345,Orlando,FL
109000,12003,Carrera-S,2016,WP0CB2A96GS154761,Pompano Beach,FL
99787,7413,Carrera-S,2014,WP0CB2A97ES155530,Mocksville,NC
59900,50546,Carrera-S,2005,WP0AB29975S741690,Carrollton,TX
119898,24383,Carrera-S,2015,WP0AB2A92FS125733,Los Angeles,CA
149900,18292,Carrera-S,2020,WP0AB2A97LS228299,Pompano Beach,FL
62515,64848,Carrera-S,2009,WP0CB29999S754262,Mocksville,NC
109900,19974,Carrera-S,2017,WP0AB2A91HS122616,Vero Beach,FL
75857,57631,Carrera-S,2013,WP0AB2A91DS121511,Mocksville,NC
177999,5145,Carrera-S,2020,WP0CB2A92LS262322,Houston,TX
157210,7590,Carrera-S,2020,WP0CB2A97LS263918,Mocksville,NC
54328,60861,Carrera-S,2005,WP0AB29965S740451,Mocksville,NC
43900,54255,Carrera-S,2008,WP0CB29948S775132,Conway,SC
78995,23739,Carrera-S,2012,WP0AB2A94CS121551,Miami,FL
79995,21662,Carrera-S,2009,WP0CB29999S755346,Glen Cove,NY
59900,39824,Carrera-S,2006,WP0AB29986S740789,Portland,OR
49995,55701,Carrera-S,2006,WP0CB29946S766766,Honolulu,HI
69900,29613,Carrera-S,2007,WP0AB29917S730512,Portland,OR
115990,11370,Carrera-S,2017,WP0AB2A99HS122217,Houston,TX
109499,3044,Carrera-S,2017,WP0CB2A95HS156230,Los Angeles,CA
70950,13880,Carrera-S,2008,WP0AB29938S732389,Rochester,NY
67995,39158,Carrera-S,2009,WP0CB29949S754928,San Diego,CA
51622,58245,Carrera-S,2006,WP0CB29956S765738,Falmouth,ME
159999,5668,Carrera-S,2020,WP0AB2A94LS229331,Houston,TX
100534,37862,Carrera-S,2017,WP0AB2A95HS124241,San Antonio,TX
63991,32955,Carrera-S,2008,WP0CB29928S775954,Lakewood,CO
56995,37605,Carrera-S,2006,WP0CB299X6S767260,Parsippany,NJ
74995,41885,Carrera-S,2012,WP0AB2A98CS121729,The Woodlands,TX
134998,24627,Carrera-S,2017,WP0AB2A91HS122499,Sacramento,CA
89900,40840,Carrera-S,2014,WP0CB2A96ES154711,Northbrook,IL
124998,23279,Carrera-S,2017,WP0CB2A94HS155814,Allston,MA
144961,20660,Carrera-S,2020,WP0AB2A98LS227033,Woodland Hills,CA
139961,22223,Carrera-S,2020,WP0AB2A99LS226473,Woodland Hills,CA
114990,15060,Carrera-S,2017,WP0AB2A95HS123641,Jacksonville,FL
69424,70649,Carrera-S,2015,WP0CB2A9XFS154082,Randallstown,MD
104850,9560,Carrera-S,2016,WP0CB2A97GS154087,Miami,FL
136900,9658,Carrera-S,2020,WP0AB2A90LS226748,Chattanooga,TN
124998,17915,Carrera-S,2017,WP0CB2A91HS154202,Allston,MA
74900,35930,Carrera-S,2012,WP0AB2A91CS120146,Baton Rouge,LA
99950,9531,Carrera-S,2015,WP0CB2A93FS154828,Fort Lauderdale,FL
56977,24429,Carrera-S,2007,WP0AB29927S730583,Barrington,IL
52996,21621,Carrera-S,2005,WP0AB29945S741212,Houston,TX
144998,16460,Carrera-S,2017,WP0CB2A93HS155092,Allston,MA
94999,30409,Carrera-S,2017,WP0AB2A98HS123200,Grand Rapids,MI
51952,29587,Carrera-S,2005,WP0AB29975S741138,Las Vegas,NV
84900,31294,Carrera-S,2013,WP0AB2A96DS122914,WEST LONG BRANCH,NJ
149995,5886,Carrera-S,2020,WP0AB2A97LS227170,Edmond,OK
92995,24356,Carrera-S,2013,WP0CB2A92DS154476,Parsippany,NJ
120769,10869,Carrera-S,2019,WP0AB2A9XKS115168,N/A,N/A
160000,4295,Carrera-S,2020,WP0CB2A91LS262571,N/A,N/A
152000,4278,Carrera-S,2020,WP0AB2A90LS227575,N/A,N/A
125000,33169,Carrera-S,2019,WP0AB2A96KS114258,N/A,N/A
76760,44026,Carrera-S,2013,WP0CB2A96DS157199,N/A,N/A
143988,12938,Carrera-S,2020,WP0CB2A95LS262136,N/A,N/A
152992,2226,Carrera-S,2020,WP0AB2A97LS229680,N/A,N/A
109898,29081,Carrera-S,2018,WP0AB2A9XJS124158,N/A,N/A
129991,3095,Carrera-S,2019,WP0AB2A91KS115477,N/A,N/A
139900,14118,Carrera-S,2017,WP0AB2A96HS123082,N/A,N/A
107991,39611,Carrera-S,2017,WP0CB2A95HS155157,N/A,N/A
148520,6408,Carrera-S,2020,WP0AB2A90LS226734,N/A,N/A
116991,7553,Carrera-S,2017,WP0CB2A97HS155015,N/A,N/A
145991,1840,Carrera-S,2019,WP0CB2A90KS136247,N/A,N/A
136900,2504,Carrera-S,2019,WP0CB2A90KS136331,N/A,N/A
140900,16112,Carrera-S,2020,WP0AB2A96LS226432,N/A,N/A
139990,4877,Carrera-S,2020,WP0AB2A98LS227369,N/A,N/A
102991,35382,Carrera-S,2017,WP0AB2A99HS124498,N/A,N/A
71933,46576,Carrera-S,2012,WP0AB2A97CS120328,N/A,N/A
47985,51170,Carrera-S,2005,WP0AB29925S740124,N/A,N/A
155000,3419,Carrera-S,2020,WP0AB2A95LS227670,N/A,N/A
69398,46193,Carrera-S,2006,WP0AB29956S743746,N/A,N/A
68150,41590,Carrera-S,2005,WP0AB29905S741921,N/A,N/A
164900,3015,Carrera-S,2020,WP0AB2A92LS229781,N/A,N/A
138995,9680,Carrera-S,2020,WP0AB2A95LS226907,N/A,N/A
158500,3848,Carrera-S,2020,WP0CB2A91LS263655,N/A,N/A
148995,12221,Carrera-S,2020,WP0AB2A95LS225448,N/A,N/A
136657,18397,Carrera-S,2020,WP0AB2A94LS225683,N/A,N/A
169995,1071,Carrera-S,2020,WP0CB2A94LS263679,N/A,N/A
69222,54188,Carrera-S,2011,WP0AB2A99BS720136,N/A,N/A
58990,33118,Carrera-4S,2010,WP0CB2A97AS754440,St George,UT
36495,147265,Carrera-4S,2007,WP0AB29957S732988,Tampa,FL
31900,82722,Carrera-4S,2003,WP0AA29903S620712,Middleton,WI
79895,27708,Carrera-4S,2012,WP0AB2A90CS721161,Melbourne,FL
39948,41544,Carrera-4S,2004,WP0CA299X4S652464,Birmingham,AL
175000,2120,Carrera-4S,2020,WP0CB2A98LS264110,Las Vegas,NV
151995,2650,Carrera-4S,2020,WP0AB2A92LS225360,Wilkes Barre,PA
127500,9161,Carrera-4S,2018,WP0AB2A99JS123082,Flemington,NJ
85985,37028,Carrera-4S,2014,WP0AB2A93ES122547,Fayetteville,NC
102995,23763,Carrera-4S,2016,WP0AB2A90GS122136,San Diego,CA
129995,26985,Carrera-4S,2018,WP0CB2A93JS147659,Delray Beach,FL
79900,43384,Carrera-4S,2013,WP0AB2A92DS121484,Warrenville,IL
96989,9288,Carrera-4S,2014,WP0CB2A92ES154544,Doylestown,PA
59995,44112,Carrera-4S,2008,WP0AB29908S732351,Bellevue,WA
79995,58845,Carrera-4S,2008,WP0AB29998S730291,San Ramon,CA
46990,57040,Carrera-4S,2004,WP0AA29904S620596,Okemos,MI
143998,6801,Carrera-4S,2020,WP0AB2A90LS228757,Arlington,VA
44900,52000,Carrera-4S,2004,WP0AA299X4S621268,Glenshaw,PA
114900,26764,Carrera-4S,2018,WP0AB2A95JS122236,Fort Lauderdale,FL
167000,6335,Carrera-4S,2020,WP0CB2A92LS262224,Miami,FL
144795,9351,Carrera-4S,2020,WP0CB2A98LS263006,Conshohocken,PA
67900,34656,Carrera-4S,2007,WP0AB29977S732605,Carrollton,TX
72950,51967,Carrera-4S,2013,WP0AB2A92DS122313,Mamaroneck,NY
68850,59622,Carrera-4S,2009,WP0AB29909S722582,Miami,FL
159988,3228,Carrera-4S,2020,WP0AB2A99LS227347,Sarasota,FL
49990,70700,Carrera-4S,2008,WP0CB29968S776119,Portland,OR
135955,14930,Carrera-4S,2019,WP0AB2A92KS115228,CHERRY HILL,NJ
161995,1927,Carrera-4S,2021,WP0AB2A91MS221334,Melbourne,FL
129900,3700,Carrera-4S,2018,WP0AB2A92JS123053,Fairfield,CT
109900,4163,Carrera-4S,2016,WP0AB2A93GS123023,Pompano Beach,FL
138991,3100,Carrera-4S,2019,WP0AB2A9XKS114750,Albuquerque,NM
130450,12548,Carrera-4S,2017,WP0CB2A91HS154362,North Olmsted,OH
164988,3898,Carrera-4S,2020,WP0AB2A96LS227435,Kansas City,KS
154995,7680,Carrera-4S,2020,WP0AB2A93LS225951,Troy,MI
159995,3367,Carrera-4S,2020,WP0AB2A93LS228736,Melbourne,FL
124981,15621,Carrera-4S,2018,WP0AB2A9XJS123110,Greensboro,NC
94992,27267,Carrera-4S,2015,WP0AB2A91FS110219,Barrington,IL
138992,13617,Carrera-4S,2019,WP0AB2A97KS115080,Barrington,IL
125788,11756,Carrera-4S,2017,WP0CB2A99HS154710,Santa Clara,CA
143000,9109,Carrera-4S,2017,WP0CB2A9XHS154327,Englewood,NJ
129900,26281,Carrera-4S,2017,WP0AB2A91HS124916,WEST LONG BRANCH,NJ
159999,1756,Carrera-4S,2019,WP0AB2A91KS114734,Upper Saddle River,NJ
89901,52400,Carrera-4S,2015,WP0AB2A92FS125568,Salt Lake City,UT
55411,46558,Carrera-4S,2006,WP0CB299X6S767484,Mocksville,NC
165250,13259,Carrera-4S,2020,WP0AB2A99LS227512,Barrington,IL
118945,10731,Carrera-4S,2017,WP0CB2A95HS154476,Riverside,CA
45075,55091,Carrera-4S,2005,WP0CA29945S650226,Glendale,CA
154950,1883,Carrera-4S,2020,WP0AB2A90LS228144,Bend,OR
114280,33009,Carrera-4S,2017,WP0CB2A93HS155173,Indianapolis,IN
74898,55621,Carrera-4S,2009,WP0AB29969S721680,Indianapolis,IN
143900,12374,Carrera-4S,2017,WP0CB2A9XHS155378,Freeport,NY
85000,34290,Carrera-4S,2013,WP0AB2A9XDS121801,Westmont,IL
155000,21255,Carrera-4S,2020,WP0CB2A98LS263488,West Palm Beach,FL
164999,10233,Carrera-4S,2020,WP0CB2A9XLS263153,Naples,FL
48995,30645,Carrera-4S,2004,WP0AA29984S621169,Glendale,CA
79995,23381,Carrera-4S,2010,WP0CB2A95AS754551,Glen Cove,NY
179990,3602,Carrera-4S,2020,WP0AB2A91LS225544,Towson,MD
149990,1535,Carrera-4S,2020,WP0AB2A97LS225550,Valley Stream,NY
63500,39131,Carrera-4S,2008,WP0CB299X8S777161,Saint Paul,MN
118900,7677,Carrera-4S,2016,WP0CB2A92GS154658,Midlothian,VA
67950,56189,Carrera-4S,2007,WP0AB29957S730836,King Of Prussia,PA
130000,14918,Carrera-4S,2017,WP0CB2A99HS156201,Chicago,IL
130000,12038,Carrera-4S,2017,WP0CB2A94HS156073,Chicago,IL
49850,42293,Carrera-4S,2003,WP0AA29953S622312,Miami,FL
58985,53204,Carrera-4S,2007,WP0AB29977S732698,Gurnee,IL
59900,52356,Carrera-4S,2008,WP0AB299X8S730574,Portland,OR
129995,9366,Carrera-4S,2017,WP0CB2A91HS155561,Coventry,CT
51900,64500,Carrera-4S,2003,WP0AA29983S624149,Springfield,IL
29990,94144,Carrera-4S,2002,WP0AA29972S623153,Bellevue,WA
47898,51844,Carrera-4S,2004,WP0CA29944S653092,Newark,DE
81999,51913,Carrera-4S,2010,WP0AB2A9XAS720841,Houston,TX
125990,12991,Carrera-4S,2019,WP0AB2A90KS114465,Towson,MD
125990,14522,Carrera-4S,2018,WP0CB2A90JS147747,Miami,FL
169900,740,Carrera-4S,2021,WP0AB2A93MS221142,Pompano Beach,FL
155416,8344,Carrera-4S,2020,WP0AB2A94LS228146,Davie,FL
159900,7716,Carrera-4S,2020,WP0AB2A96LS226091,Pompano Beach,FL
65900,34201,Carrera-4S,2008,WP0CB299X8S776463,Dublin,OH
119000,18343,Carrera-4S,2017,WP0AB2A93HS122486,Dublin,OH
65995,13022,Carrera-4S,2008,WP0CB29958S775429,Sykesville,MD
139900,6469,Carrera-4S,2018,WP0CB2A95JS147517,Coral Gables,FL
69961,40892,Carrera-4S,2006,WP0CB29926S768872,Woodland Hills,CA
139995,7443,Carrera-4S,2020,WP0AB2A90LS229259,Wilmington,NC
45900,54946,Carrera-4S,2004,WP0CA29934S652516,Palm Springs,CA
107995,12978,Carrera-4S,2014,WP0CB2A95ES155784,Chantilly,VA
152900,7675,Carrera-4S,2020,WP0AB2A91LS228413,Brighton,MA
159490,5941,Carrera-4S,2020,WP0AB2A9XLS225784,Indianapolis,IN
129900,17868,Carrera-4S,2017,WP0AB2A99HS125182,Freeport,NY
169900,4500,Carrera-4S,2020,WP0AB2A99LS226277,Pompano Beach,FL
182900,3779,Carrera-4S,2020,WP0CB2A96LS264221,Pompano Beach,FL
172000,1481,Carrera-4S,2020,WP0CB2A9XLS264433,Pompano Beach,FL
154990,4252,Carrera-4S,2020,WP0AB2A96LS228245,Sarasota,FL
189900,1241,Carrera-4S,2020,WP0AB2A95LS229273,Portland,OR
182999,4014,Carrera-4S,2020,WP0AB2A96LS227290,Houston,TX
172979,2999,Carrera-4S,2020,WP0AB2A97LS226567,Marietta,GA
62896,36210,Carrera-4S,2008,WP0CB29928S775386,Oklahoma City,OK
148990,4617,Carrera-4S,2020,WP0AB2A96LS228567,Grand Rapids,MI
59991,54592,Carrera-4S,2008,WP0CB299X8S777208,Barrington,IL
39999,84012,Carrera-4S,2004,WP0AA29974S620997,Clifton,NJ
64999,67980,Carrera-4S,2011,WP0CB2A98BS754402,East Windsor,NJ
129995,15192,Carrera-4S,2019,WP0AB2A94KS115229,Totowa,NJ
121998,20371,Carrera-4S,2017,WP0AB2A99HS122945,Austin,TX
110680,34732,Carrera-4S,2018,WP0AB2A97JS122349,Upper Saddle River,NJ
129998,11427,Carrera-4S,2017,WP0CB2A92HS155293,Irvine,CA
128900,19658,Carrera-4S,2017,WP0CB2A95HS156048,Midlothian,VA
134900,11197,Carrera-4S,2019,WP0AB2A95KS114462,Portland,OR
64900,31270,Carrera-4S,2006,WP0AB29906S744335,Portland,OR
62983,40301,Carrera-4S,2007,WP0AB29907S730954,PARAMUS,NJ
149795,3149,Carrera-4S,2020,WP0AB2A9XLS225462,Paramus,NJ
178888,4579,Carrera-4S,2021,WP0CB2A97MS248174,San Diego,CA
176430,562,Carrera-4S,2020,WP0CB2A94LS262581,Greensboro,NC
45997,42314,Carrera-4S,2004,WP0CA29914S650134,Costa Mesa,CA
65995,45866,Carrera-4S,2008,WP0AB29948S732417,Chantilly,VA
86990,28650,Carrera-4S,2013,WP0AB2A93DS121994,Grand Rapids,MI
98746,47971,Carrera-4S,2017,WP0CB2A94HS154680,Grand Rapids,MI
154860,2032,Carrera-4S,2020,WP0AB2A98LS228537,Sarasota,FL
154888,12748,Carrera-4S,2020,WP0AB2A96LS225782,Costa Mesa,CA
159000,1597,Carrera-4S,2019,WP0CB2A92KS136802,Pompano Beach,FL
158900,4141,Carrera-4S,2020,WP0AB2A99LS225789,Brighton,MA
164995,4388,Carrera-4S,2017,WP0CB2A92HS154953,Naples,FL
173500,902,Carrera-4S,2020,WP0CB2A99LS262088,Sarasota,FL
49990,18008,Carrera-4S,2004,WP0CA299X4S651847,Gaithersburg,MD
133993,3763,Carrera-4S,2019,WP0AB2A95KS114610,South Charleston,WV
154998,3898,Carrera-4S,2019,WP0AB2A98KS115427,Allston,MA
60997,24299,Carrera-4S,2007,WP0CB29987S776332,Saint Petersburg,FL
132143,21663,Carrera-4S,2017,WP0AB2A96HS123115,Fairfield,CT
109991,44053,Carrera-4S,2017,WP0CB2A94HS155263,Los Angeles,CA
89995,17795,Carrera-4S,2015,WP0AB2A9XFS124247,Bonita Springs,FL
164900,1152,Carrera-4S,2020,WP0AB2A94LS228776,Pompano Beach,FL
179000,8403,Carrera-4S,2020,WP0AB2A90LS229021,Pompano Beach,FL
128888,10977,Carrera-4S,2017,WP0AB2A93HS122357,Boerne,TX
143998,3430,Carrera-4S,2019,WP0CB2A97KS136648,Irvine,CA
109000,29405,Carrera-4S,2017,WP0AB2A99HS123240,Pompano Beach,FL
129888,4501,Carrera-4S,2018,WP0AB2A97JS122593,Houston,TX
129000,19425,Carrera-4S,2018,WP0AB2A96JS122388,Pompano Beach,FL
109990,33526,Carrera-4S,2017,WP0AB2A93HS123623,Jacksonville,FL
98900,25963,Carrera-4S,2015,WP0AB2A94FS110120,Madison,WI
109990,40521,Carrera-4S,2018,WP0AB2A98JS123462,Lowell,MA
76889,47131,Carrera-4S,2009,WP0CB29939S756377,North Olmsted,OH
125898,20428,Carrera-4S,2017,WP0CB2A97HS156388,Los Angeles,CA
153900,8866,Carrera-4S,2020,WP0AB2A90LS226216,Rahway,NJ
94984,7476,Carrera-4S,2015,WP0CB2A93FS143148,Houston,TX
137987,6153,Carrera-4S,2019,WP0CB2A95KS136180,Stratham,NH
131000,27004,Carrera-4S,2017,WP0CB2A90HS156393,Fairfield,CT
41995,58164,Carrera-4S,2004,WP0CA29914S651154,Beaverton,OR
115000,19351,Carrera-4S,2017,WP0AB2A93HS122889,Parsippany,NJ
94900,40789,Carrera-4S,2015,WP0CB2A96FS155150,Northbrook,IL
159000,1996,Carrera-4S,2020,WP0AB2A96LS228441,N/A,N/A
166000,7733,Carrera-4S,2020,WP0AB2A99LS225291,N/A,N/A
167000,2497,Carrera-4S,2020,WP0AB2A97LS229131,N/A,N/A
145000,6449,Carrera-4S,2019,WP0AB2A9XKS114540,N/A,N/A
121991,19308,Carrera-4S,2017,WP0CB2A9XHS155980,N/A,N/A
129938,18925,Carrera-4S,2017,WP0CB2A9XHS155736,N/A,N/A
119900,12197,Carrera-4S,2018,WP0AB2A9XJS122393,N/A,N/A
161900,898,Carrera-4S,2020,WP0CB2A91LS263980,N/A,N/A
77853,41579,Carrera-4S,2009,WP0CB29919S756071,N/A,N/A
128074,13610,Carrera-4S,2017,WP0CB2A91HS155608,N/A,N/A
139995,7615,Carrera-4S,2017,WP0CB2A92HS155603,N/A,N/A
143995,2352,Carrera-4S,2019,WP0AB2A96KS114437,N/A,N/A
163995,2714,Carrera-4S,2020,WP0AB2A97LS229677,N/A,N/A
157995,4376,Carrera-4S,2020,WP0CB2A97LS263367,N/A,N/A
134991,5748,Carrera-4S,2017,WP0CB2A91HS154653,N/A,N/A
154992,1245,Carrera-4S,2020,WP0AB2A99LS228367,N/A,N/A
138987,10516,Carrera-4S,2017,WP0CB2A98HS156271,N/A,N/A
89999,11331,Carrera-4S,2010,WP0CB2A94AS754699,N/A,N/A
114900,26870,Carrera-4S,2018,WP0AB2A93JS123689,N/A,N/A
49900,44138,Carrera-4S,2003,WP0AA29943S621099,N/A,N/A
64900,18357,Carrera-4S,2004,WP0AA29914S621353,N/A,N/A
139995,12619,Carrera-4S,2019,WP0AB2A94KS115165,N/A,N/A
148900,5636,Carrera-4S,2020,WP0AB2A96LS228438,N/A,N/A
62900,18353,Carrera-4S,2007,WP0CB29937S777582,N/A,N/A
164992,3836,Carrera-4S,2020,WP0AB2A95LS228074,N/A,N/A
44880,66139,Carrera-4S,2004,WP0AA29964S621316,N/A,N/A
165898,9362,Carrera-4S,2020,WP0AB2A92LS228338,N/A,N/A
46980,77505,Turbo,2002,WP0AB29962S686080,Van Nuys,CA
79996,43043,Turbo,2009,WP0CD29929S773102,HEMPSTEAD,NY
84000,10465,Turbo,2008,WP0AD29978S783968,Riverside,CA
129110,33490,Turbo,2017,WP0CD2A90HS178694,Salt Lake City,UT
73900,35616,Turbo,2007,WP0AD29957S784342,Tempe,AZ
165995,7216,Turbo,2019,WP0AD2A94KS140450,Plano,TX
182000,15419,Turbo,2019,WP0CD2A95KS144967,Encino,CA
69848,66740,Turbo,2008,WP0AD29938S783319,Strongsville,OH
138380,53641,Turbo,2017,WP0AD2A98HS166316,Orlando,FL
79901,35269,Turbo,2009,WP0CD29989S773508,Salt Lake City,UT
69998,48066,Turbo,2007,WP0AD29937S783528,Newark,DE
86888,12645,Turbo,2007,WP0AD299X7S784479,Round Rock,TX
99988,15235,Turbo,2010,WP0CD2A96AS773183,Sarasota,FL
91999,15184,Turbo,2009,WP0CD29979S773600,DENVER,NC
139900,11196,Turbo,2015,WP0AD2A99FS166774,WEST LONG BRANCH,NJ
81500,64107,Turbo,2009,WP0CD29999S773291,CHINO HILLS,CA
54995,50749,Turbo,2004,WP0CB29914S675256,Virginia Beach,VA
79850,41900,Turbo,2008,WP0CD29918S789046,Miami,FL
47995,96187,Turbo,2001,WP0AB29921S685068,Sacramento,CA
59000,54255,Turbo,2003,WP0AB29913S685372,Scottsdale,AZ
172900,6545,Turbo,2019,WP0AD2A90KS140106,Pompano Beach,FL
175995,3192,Turbo,2019,WP0CD2A98KS144218,Plano,TX
71442,60252,Turbo,2008,WP0CD29978S789634,Mocksville,NC
49900,104127,Turbo,2004,WP0CB29904S676138,Grand Rapids,MI
127950,13596,Turbo,2015,WP0AD2A91FS166509,Saint Louis,MO
77900,57518,Turbo,2007,WP0AD29917S785259,Carrollton,TX
61496,34515,Turbo,2004,WP0CB29944S676174,Houston,TX
129900,33200,Turbo,2014,WP0AD2A93ES167319,Fairfield,CT
79996,43043,Turbo,2009,WP0CD29929S773102,HEMPSTEAD,NY
60000,41000,Turbo,2004,WP0CB29994S675344,Orange,CA
53993,44252,Turbo,2001,WP0AB29941S687663,Fife,WA
168995,4202,Turbo,2018,WP0AD2A97JS156348,Livermore,CA
123999,58286,Turbo,2016,WP0CD2A96GS178200,Marietta,GA
239900,3922,Turbo,2021,WP0CD2A90MS263478,Pompano Beach,FL
132987,37754,Turbo,2015,WP0AD2A99FS166290,Maitland,FL
74495,9253,Turbo,2002,WP0AB299X2S687409,Lakewood,CO
124500,32592,Turbo,2014,WP0CD2A91ES173158,Lakewood,CO
325000,1198,Turbo,2018,WP0AD2A96JS156972,Addison,TX
189000,3816,Turbo,2018,WP0AD2A95JS156154,Brentwood,TN
85850,43272,Turbo,2007,WP0AD29967S783278,Miami,FL
159900,15205,Turbo,2019,WP0AD2A95KS140487,Brighton,MA
58888,66527,Turbo,2004,WP0CB29904S676057,San Diego,CA
144136,16154,Turbo,2016,WP0AD2A96GS166555,Davie,FL
209000,5097,Turbo,2019,WP0CD2A90KS144214,West Palm Beach,FL
99988,30000,Turbo,2007,WP0AD29907S784474,Kansas City,KS
64995,53977,Turbo,2004,WP0CB29964S676872,Greenwood Village,CO
204567,2013,Turbo,2019,WP0AD2A95KS140781,Sacramento,CA
88900,12844,Turbo,2008,WP0CD29958S789230,Dublin,OH
76990,52925,Turbo,2008,WP0CD29988S788749,Henrico,VA
174979,16026,Turbo,2018,WP0CD2A97JS162241,Marietta,GA
177550,8972,Turbo,2018,WP0AD2A91JS156409,Minneapolis,MN
124995,18050,Turbo,2012,WP0CD2A91CS773479,San Ramon,CA
160000,16994,Turbo,2018,WP0CD2A94JS162083,Canton,OH
189844,1709,Turbo,2019,WP0CD2A93KS144224,Lansing,MI
59800,58433,Turbo,2004,WP0CB29994S675585,Lisle,IL
224900,29129,Turbo,1989,WP0EB0931KS070126,Plant City,FL
96999,37629,Turbo,2009,WP0AD29969S766550,Houston,TX
109000,22467,Turbo,2008,WP0CD29908S788759,Jupiter,FL
168888,11078,Turbo,2018,WP0AD2A96JS156468,Newark,DE
294999,70853,Turbo,1994,WP0AC2961RS480274,Austin,TX
55000,80445,Turbo,2001,WP0AB29981S687438,Santa Barbara,CA
135900,30558,Turbo,2015,WP0AD2A95FS166979,Dublin,OH
124898,20032,Turbo,2014,WP0AD2A92ES166940,Los Angeles,CA
186888,7567,Turbo,2019,WP0AD2A93KS140777,Bensenville,IL
68985,34970,Turbo,2004,WP0CB29914S675662,Massapequa,NY
264925,8496,Turbo,1997,WP0AC2995VS376035,Sarasota,FL
349998,2700,Turbo,1988,WP0EB093XJS070320,Wayland,MA
79900,27372,Turbo,2001,WP0AB29941S687243,Sacramento,CA
59996,59925,Turbo,2004,WP0CB29964S675821,Lynnwood,WA
87500,50761,Turbo,2008,WP0AD29938S783434,Washington,PA
169900,5930,Turbo,2018,WP0AD2A99JS156853,Pompano Beach,FL
74900,27773,Turbo,2004,WP0CB29924S675850,Cleveland,OH
68998,60008,Turbo,2008,WP0CD29918S708319,Mountain View,CA
119000,20162,Turbo,2012,WP0CD2A95CS773596,Pompano Beach,FL
179885,5004,Turbo,2017,WP0AD2A94HS167527,Reno,NV
58950,64294,Turbo,2003,WP0AB29943S686709,Littleton,CO
119995,6744,Turbo,2008,WP0CD29968S789706,Glen Cove,NY
110000,60252,Turbo,2007,WP0AD29987S785761,Orange,CA
97000,14510,Turbo,2009,WP0AD29999S766512,Canton,OH
189995,5749,Turbo,2019,WP0AD2A90KS140588,Rocklin,CA
223911,18405,Turbo,1991,WP0AA2967MS480259,Las Vegas,NV
99997,9602,Turbo,2007,WP0AD299X7S786426,Portland,OR
148888,61407,Turbo,1988,WP0EB093XJS070463,San Francisco,CA
139999,32907,Turbo,2017,WP0CD2A97HS178286,Huntington Beach,CA
64950,37976,Turbo,2004,WP0CB29924S676304,Bellevue,WA
169991,7786,Turbo,2018,WP0AD2A90JS156983,Barrington,IL
167900,3312,Turbo,2018,WP0AD2A92JS156094,Carrollton,TX
68998,51200,Turbo,2008,WP0AD29988S783820,Apex,NC
154900,3024,Turbo,2016,WP0CD2A99GS178403,Pompano Beach,FL
189950,50908,Turbo,1996,WP0AC2995TS375190,Miami,FL
88995,19842,Turbo,2004,WP0AB29984S685130,Fairfield,CT
171920,43404,Turbo,1986,WP0JB0933GS051373,Indian Trail,NC
119900,29805,Turbo,2012,WP0AD2A95CS766607,Dublin,OH
64990,31147,Turbo,2004,WP0CB29964S676774,Concord,CA
139900,42567,Turbo,2010,WP0AD2A94AS766398,Portland,OR
99999,5400,Turbo,2003,WP0AB299X3S685645,Portland,OR
94900,30876,Turbo,2007,WP0AD29907S786242,Portland,OR
178618,8081,Turbo,2019,WP0AD2A94KS140142,Davie,FL
166481,4311,Turbo,2019,WP0AD2A92KS140978,Greensboro,NC
119995,20355,Turbo,2015,WP0CD2A91FS178264,Costa Mesa,CA
325000,30150,Turbo,1989,WP0JB0932KS050501,Anaheim,CA
99900,34645,Turbo,2007,WP0AD29967S786844,Pompano Beach,FL
129888,23928,Turbo,2011,WP0CD2A93BS773532,Costa Mesa,CA
202000,499,Turbo,2019,WP0CD2A9XKS144723,Tulsa,OK
118850,63967,Turbo,1988,WP0JB0936JS050189,Houston,TX
249995,14000,Turbo,1996,WP0AC2995TS376243,Syosset,NY
87000,32195,Turbo,2007,WP0AD29997S786403,Tulsa,OK
119850,27890,Turbo,2015,WP0CD2A99FS178223,Tampa,FL
179000,16242,Turbo,1987,WP0JB0939HS050116,Pompano Beach,FL
174998,14501,Turbo,2017,WP0CD2A99HS178841,Allston,MA
219950,40548,Turbo,1997,WP0AC2994VS375166,Miami,FL
119000,20073,Turbo,2009,WP0CD29949S773344,Pompano Beach,FL
81900,29760,Turbo,2004,WP0CB29904S675992,Pompano Beach,FL
207999,12050,Turbo,2018,WP0AD2A95JS156087,Freeport,NY
184995,32459,Turbo,1987,WP0JB093XHS051517,Scottsdale,AZ
79950,20096,Turbo,2002,WP0AB299X2S687328,Blackwood,NJ
128900,19692,Turbo,2010,WP0CD2A97AS773368,Pompano Beach,FL
109998,6555,Turbo,2008,WP0AD29928S784171,Lauderdale Lakes,FL
85527,55474,Turbo,2008,WP0AD29978S784263,Mocksville,NC
151999,10724,Turbo,2015,WP0AD2A9XFS166718,Freeport,NY
150000,8405,Turbo,2008,WP0CD29978S789617,Freeport,NY
95900,37127,Turbo,2008,WP0CD29988S789206,Portland,OR
84900,37947,Turbo,2008,WP0CD29978S788483,West Palm Beach,FL
279999,24512,Turbo,1988,WP0EB0935JS070130,Naples,FL
75298,41817,Turbo,2007,WP0AD29997S784957,Columbia,SC
119979,12934,Turbo,2007,WP0AD29997S786434,Marietta,GA
134500,12424,Turbo,2015,WP0CD2A96FS178261,Portland,OR
92000,20503,Turbo,2004,WP0AB29914S685342,Englewood,NJ
174900,17180,Turbo,2017,WP0AD2A91HS167355,Dublin,OH
89995,43045,Turbo,2007,WP0AD29917S786198,Flemington,NJ
115000,35400,Turbo,1987,WP0JB0930HS050456,Kirkland,WA
199900,7838,Turbo,2019,WP0AD2A9XKS140064,Pompano Beach,FL
129995,49064,Turbo,1987,WP0JB093XHS050237,Addison,TX
129900,83990,Turbo,1986,WP0JB0930GS051413,Grand Rapids,MI
92991,11016,Turbo,2009,WP0CD29959S773174,Roswell,GA
129900,13371,Turbo,2011,WP0CD2A94BS773619,Pompano Beach,FL
119000,12906,Turbo,2012,WP0AD2A91CS766295,Freeport,NY
184900,16713,Turbo,1987,WP0JB0933HS050869,Fort Lauderdale,FL
269890,1188,Turbo,2021,WP0AD2A96MS257109,Las Vegas,NV
59901,34402,Turbo,2001,WP0AB29991S687416,Salt Lake City,UT
58923,46775,Turbo,2008,WP0CD29998S789389,Columbia,KY
170000,10909,Turbo,2017,WP0CD2A9XHS178847,West Palm Beach,FL
87987,17119,Turbo,2007,WP0AD29977S784407,Stratham,NH
170000,5000,Turbo,2018,WP0AD2A92JS156631,N/A,N/A
160000,8950,Turbo,2017,WP0AD2A98HS167160,N/A,N/A
179991,11071,Turbo,2019,WP0CD2A90KS144181,N/A,N/A
103900,27075,Turbo,2008,WP0CD29998S708262,N/A,N/A
67911,20915,Turbo,2004,WP0CB29994S675800,N/A,N/A
142853,7421,Turbo,2015,WP0AD2A9XFS166671,N/A,N/A
75350,35319,Turbo,2002,WP0AB29942S685476,N/A,N/A
349000,9453,Turbo,1997,WP0AC2999VS375681,N/A,N/A
127995,18341,Turbo,2013,WP0CD2A94DS773123,N/A,N/A
205999,13274,Turbo,2018,WP0AD2A92JS156242,N/A,N/A
60775,56115,Turbo,2004,WP0CB29934S675579,N/A,N/A
162900,12226,Turbo,2017,WP0AD2A95HS167147,N/A,N/A
229000,1308,GT3,2016,WP0AF2A97GS192558,Boxborough,MA
189990,5138,GT3,2016,WP0AF2A99GS192092,Towson,MD
189995,3441,GT3,2016,WP0AF2A90GS192109,Virginia Beach,VA
141000,10001,GT3,2014,WP0AC2A97ES183266,West Palm Beach,FL
92800,29393,GT3,2005,WP0AC29995S692196,Lisle,IL
199995,3868,GT3,2016,WP0AF2A95GS187133,Birmingham,MI
140900,13325,GT3,2015,WP0AC2A90FS184082,White Plains,NY
124900,33929,GT3,2015,WP0AC2A99FS183755,Brighton,MA
192400,11910,GT3,2016,WP0AF2A93GS192296,Brighton,MA
229000,3637,GT3,2016,WP0AF2A90GS192451,Pompano Beach,FL
199995,5898,GT3,2016,WP0AF2A98GS192150,Las Vegas,NV
144989,11352,GT3,2015,WP0AC2A92FS189073,Carrollton,TX
229800,2699,GT3,2019,WP0AF2A96KS164775,Atlanta,GA
231000,5388,GT3,2016,WP0AF2A97GS192737,Oklahoma City,OK
139999,16332,GT3,2015,WP0AC2A90FS183269,San Diego,CA
229500,16509,GT3,2019,WP0AF2A93KS165236,Irvine,CA
228888,600,GT3,2018,WP0AC2A90JS176864,San Diego,CA
224800,5298,GT3,2019,WP0AC2A94KS149152,Atlanta,GA
229995,5386,GT3,2018,WP0AC2A91JS176677,Rocklin,CA
144596,8943,GT3,2014,WP0AC2A90ES183397,Davie,FL
259998,6368,GT3,2019,WP0AF2A93KS164569,Wayland,MA
195500,3730,GT3,2018,WP0AC2A96JS174763,Atlanta,GA
149948,16969,GT3,2016,WP0AC2A95GS184130,Birmingham,AL
219995,10070,GT3,2019,WP0AF2A96KS164100,Brooklyn,NY
299995,3366,GT3,2019,WP0AF2A97KS165868,Birmingham,MI
229980,6255,GT3,2019,WP0AC2A93KS149269,Mentor,OH
189991,12086,GT3,2018,WP0AC2A97JS174447,Lakewood,CO
229000,3005,GT3,2018,WP0AC2A98JS174845,Lancaster,PA
117250,29063,GT3,2007,WP0AC29947S792144,Lewisville,TX
239990,2565,GT3,2019,WP0AF2A94KS164774,Indianapolis,IN
234900,8359,GT3,2019,WP0AC2A98KS149400,Springfield,IL
219995,12900,GT3,2018,WP0AC2A92JS175909,Fairfield,CT
235000,4301,GT3,2019,WP0AC2A93KS149451,Chicago,IL
239888,4373,GT3,2018,WP0AC2A95JS177007,Mission Viejo,CA
165900,5477,GT3,2015,WP0AC2A90FS184065,Coral Gables,FL
199000,4664,GT3,2018,WP0AC2A90JS174662,Parsippany,NJ
206207,9756,GT3,2016,WP0AF2A92GS192452,Virginia Beach,VA
179900,4360,GT3,2018,WP0AC2A95JS174088,Portland,OR
199950,11567,GT3,2018,WP0AC2A9XJS176984,Lewisville,TX
149991,10156,GT3,2010,WP0AC2A96AS783495,Barrington,IL
224991,4527,GT3,2018,WP0AC2A94JS174616,Las Vegas,NV
219781,7258,GT3,2018,WP0AC2A91JS175402,Greensboro,NC
229900,839,GT3,2018,WP0AC2A97JS176800,Pompano Beach,FL
139950,32761,GT3,2015,WP0AC2A97FS184158,Bellevue,WA
259998,3979,GT3,2018,WP0AC2A92JS176042,Allston,MA
279999,499,GT3,2019,WP0AF2A9XKS165895,Saint Clair Shores,MI
229950,1737,GT3,2018,WP0AC2A91JS174704,Fort Lauderdale,FL
219588,3215,GT3,2018,WP0AC2A98JS176658,Sanford,FL
205000,4320,GT3,2018,WP0AC2A93JS176552,Falls Church,VA
136981,20982,GT3,2014,WP0AC2A97ES183400,Silver Spring,MD
209888,9355,GT3,2018,WP0AC2A92JS175263,San Diego,CA
283981,492,GT3,2019,WP0AF2A93KS164992,Silver Spring,MD
239800,7590,GT3,2018,WP0AC2A9XJS175818,Fremont,CA
196900,3934,GT3,2018,WP0AC2A98JS174943,Los Angeles,CA
219889,5588,GT3,2018,WP0AC2A91JS174069,Montgomeryville,PA
199999,3602,GT3,2018,WP0AC2A94JS175927,San Diego,CA
245000,2800,GT3,2019,WP0AF2A91KS165896,Orlando,FL
146500,9075,GT3,2015,WP0AC2A9XFS183733,Rosemead,CA
119998,25599,GT3,2008,WP0AC29998S792352,Blair,NE
257500,3416,GT3,2018,WP0AC2A97JS177140,Jupiter,FL
209800,1124,GT3,2018,WP0AC2A96JS175203,Atlanta,GA
209950,3703,GT3,2016,WP0AF2A99GS193064,Roswell,GA
219000,3277,GT3,2018,WP0AC2A98JS176014,Parsippany,NJ
264995,1819,GT3,2019,WP0AF2A97KS164638,Naples,FL
204800,10884,GT3,2018,WP0AC2A95JS174253,Chicago,IL
215000,8676,GT3,2018,WP0AC2A93JS175966,Knoxville,TN
205275,5955,GT3,2018,WP0AC2A97JS174206,Schnecksville,PA
137895,17247,GT3,2014,WP0AC2A94ES183287,Great Neck,NY
189950,16447,GT3,2018,WP0AC2A94JS174969,Lewisville,TX
218888,3754,GT3,2018,WP0AC2A92JS176106,San Diego,CA
189999,39290,GT3,2010,WP0AC2A9XAS783645,San Diego,CA
205685,9957,GT3,2016,WP0AF2A94GS192940,Orlando,FL
199771,12587,GT3,2018,WP0AC2A93JS175126,Brooklyn,NY
199771,12587,GT3,2018,WP0AC2A93JS175126,Brooklyn,NY
199898,12615,GT3,2018,WP0AC2A91JS174685,Los Angeles,CA
229999,6307,GT3,2018,WP0AC2A90JS176492,Marietta,GA
229950,2734,GT3,2018,WP0AC2A92JS176610,Fort Lauderdale,FL
142450,11690,GT3,2014,WP0AC2A96ES183632,Bellevue,WA
193899,31395,GT3,2018,WP0AC2A9XJS175303,Brooklyn,NY
214998,4655,GT3,2018,WP0AC2A99JS174580,Newark,DE
209990,6445,GT3,2018,WP0AC2A9XJS176256,San Diego,CA
269900,3133,GT3,2019,WP0AF2A99KS164222,Portland,OR
149900,26965,GT3,2014,WP0AC2A92ES183479,Portland,OR
229323,1215,GT3,2018,WP0AC2A90JS176251,San Antonio,TX
178990,19167,GT3,2018,WP0AC2A9XJS175933,Quincy,MA
224912,2196,GT3,2018,WP0AC2A99JS174689,Cayce,SC
229912,5690,GT3,2018,WP0AC2A92JS175215,Cayce,SC
222888,881,GT3,2018,WP0AC2A98JS175106,Costa Mesa,CA
191999,9126,GT3,2018,WP0AC2A94JS174888,Davie,FL
244992,8745,GT3,2019,WP0AF2A92KS165275,Tampa,FL
200000,4368,GT3,2018,WP0AC2A9XJS176080,West Palm Beach,FL
264898,8753,GT3,2019,WP0AF2A94KS164709,Los Angeles,CA
176911,19209,GT3,2018,WP0AC2A97JS174092,Miami,FL
207748,4380,GT3,2018,WP0AC2A96JS174102,Newtown Square,PA
149999,11704,GT3,2015,WP0AC2A91FS184186,MILWAUKEE,WI
272996,3701,GT3,2019,WP0AF2A98KS165765,Charlotte,NC
278888,4113,GT3,2019,WP0AF2A97KS164901,Houston,TX
249951,3119,GT3,2019,WP0AC2A96KS149220,West Palm Beach,FL
208456,9524,GT3,2018,WP0AC2A96JS176562,Charlotte,NC
254950,5191,GT3,2019,WP0AF2A90KS164738,Roswell,GA
266499,3322,GT3,2019,WP0AF2A97KS165210,Richardson,TX
274900,4413,GT3,2019,WP0AF2A91KS165381,Irvine,CA
239900,4230,GT3,2018,WP0AC2A96JS176044,Portland,OR
239999,6227,GT3,2018,WP0AC2A99JS175650,Lewisville,TX
259900,8651,GT3,2019,WP0AF2A92KS164806,Pompano Beach,FL
228895,850,GT3,2018,WP0AC2A93JS176714,Great Neck,NY
194888,13603,GT3,2018,WP0AC2A98JS176532,Boerne,TX
224900,6722,GT3,2007,WP0AC29987S792969,Beverly Hills,CA
149950,18849,GT3,2016,WP0AC2A95GS184211,Bellevue,WA
229900,3203,GT3,2018,WP0AC2A99JS176510,Portland,OR
179979,26865,GT3,2018,WP0AC2A90JS174161,Marietta,GA
224912,8020,GT3,2018,WP0AC2A93JS175403,Cayce,SC
195990,7265,GT3,2016,WP0AF2A9XGS193185,Davie,FL
149999,16867,GT3,2015,WP0AC2A92FS183628,Houston,TX
224900,4562,GT3,2018,WP0AC2A92JS174453,WEST LONG BRANCH,NJ
214901,13386,GT3,2018,WP0AC2A97JS174979,Knoxville,TN
272996,4241,GT3,2019,WP0AF2A90KS164741,Charlotte,NC
204888,6879,GT3,2018,WP0AC2A93JS174252,Boerne,TX
274995,5882,GT3,2019,WP0AF2A99KS165872,West Melbourne,FL
204950,5523,GT3,2018,WP0AC2A93JS175059,Atlanta,GA
219000,6832,GT3,2018,WP0AC2A93JS174901,Pompano Beach,FL
234375,217,GT3,2019,WP0AF2A98KS165247,Knoxville,TN
235000,5945,GT3,2018,WP0AC2A9XJS176497,West Palm Beach,FL
264800,7050,GT3,2019,WP0AF2A95KS164928,Plano,TX
228897,12483,GT3,2019,WP0AF2A96KS164596,Oklahoma City,OK
203000,3260,GT3,2018,WP0AC2A90JS174547,Freeport,NY
209950,5535,GT3,2018,WP0AC2A99JS176412,Roswell,GA
249990,11037,GT3,2018,WP0AC2A96JS175380,Jacksonville,FL
204900,5339,GT3,2018,WP0AC2A96JS174505,WEST LONG BRANCH,NJ
289950,2876,GT3,2019,WP0AF2A96KS165053,Miami,FL
249800,6520,GT3,2019,WP0AF2A95KS164783,N/A,N/A
193900,14924,GT3,2018,WP0AC2A9XJS176306,N/A,N/A
239990,6211,GT3,2019,WP0AF2A94KS165441,N/A,N/A
179900,12872,GT3,2018,WP0AC2A90JS174712,N/A,N/A
249995,3108,GT3,2018,WP0AC2A96JS177033,N/A,N/A
217995,250,GT3,2018,WP0AC2A9XJS174295,N/A,N/A
196780,12944,GT3,2018,WP0AC2A95JS175449,N/A,N/A
212900,7252,GT3,2018,WP0AC2A97JS176022,N/A,N/A
199991,11216,GT3,2016,WP0AF2A99GS193176,N/A,N/A
203991,5007,GT3,2018,WP0AC2A98JS174926,N/A,N/A
229991,2810,GT3,2018,WP0AC2A9XJS176757,N/A,N/A
199992,15628,GT3,2018,WP0AC2A99JS174658,N/A,N/A
244990,8705,GT3,2019,WP0AF2A91KS164814,N/A,N/A
238898,9363,GT3,2018,WP0AC2A92JS175618,N/A,N/A
269898,7264,GT3,2019,WP0AF2A93KS164510,N/A,N/A
249990,4992,GT3,2019,WP0AC2A92KS149215,N/A,N/A
239990,3354,GT3,2018,WP0AC2A99JS177012,N/A,N/A
184990,12815,GT3,2016,WP0AF2A95GS192106,N/A,N/A
214900,3502,GT3,2016,WP0AF2A96GS192163,N/A,N/A
199990,5734,GT3,2016,WP0AF2A96GS187271,N/A,N/A
216709,1098,GT3,2016,WP0AF2A93GS187292,N/A,N/A
225995,8264,GT3,2018,WP0AC2A97JS175906,N/A,N/A
184990,4379,GT3,2019,WP0AC2A90KS149116,N/A,N/A
208000,6829,GT3,2018,WP0AC2A99JS176023,N/A,N/A
229995,899,GT3,2019,WP0AC2A90KS149441,N/A,N/A
199990,3284,GT3,2016,WP0AF2A96GS192938,N/A,N/A
246900,2300,GT3,2019,WP0AF2A91KS165588,N/A,N/A
214990,5500,GT3,2018,WP0AC2A94JS177001,N/A,N/A
199990,33886,GT3,2018,WP0AC2A93JS175711,N/A,N/A
194990,11373,GT3,2016,WP0AF2A90GS192949,N/A,N/A
248825,172,GT3,2019,WP0AF2A95KS164489,N/A,N/A
102888,55153,Turbo-S,2012,WP0AD2A9XCS766098,Mission Viejo,CA
94991,41571,Turbo-S,2011,WP0AD2A92BS766921,Monroeville,PA
148000,24156,Turbo-S,2015,WP0CD2A96FS178499,Westmont,IL
168991,28302,Turbo-S,2016,WP0AD2A95GS166286,Westmont,IL
138895,18795,Turbo-S,2014,WP0AD2A90ES166225,Great Neck,NY
129995,27997,Turbo-S,2014,WP0AD2A93ES166140,Birmingham,MI
122816,10550,Turbo-S,2013,WP0CD2A96DS773107,Hurst,TX
139895,13761,Turbo-S,2015,WP0AD2A93FS160291,Orlando,FL
145888,14021,Turbo-S,2014,WP0AD2A92ES166789,Roslyn,NY
179995,8011,Turbo-S,2017,WP0AD2A95HS166953,Lakewood,CO
202684,1091,Turbo-S,2019,WP0AD2A9XKS140839,Knoxville,TN
161900,30599,Turbo-S,2017,WP0AD2A96HS167416,Fairfield,CT
178995,11882,Turbo-S,2018,WP0AD2A99JS156643,Glen Ellyn,IL
169992,5074,Turbo-S,2017,WP0AD2A95HS167584,Rockford,IL
129948,32087,Turbo-S,2015,WP0AD2A96FS166909,Birmingham,AL
89998,89430,Turbo-S,2011,WP0CD2A94BS773667,Newark,DE
192900,4919,Turbo-S,2018,WP0CD2A99JS162080,Fremont,CA
124881,37741,Turbo-S,2015,WP0AD2A97FS167082,Bethesda,MD
162900,8423,Turbo-S,2015,WP0AD2A92FS166745,Springfield,IL
199900,2825,Turbo-S,2019,WP0AD2A92KS140267,Springfield,MO
125998,17923,Turbo-S,2013,WP0CD2A96DS773169,Austin,TX
121556,39726,Turbo-S,2014,WP0AD2A93ES166283,San Antonio,TX
169900,19183,Turbo-S,2017,WP0AD2A92HS166392,WEST LONG BRANCH,NJ
174000,19855,Turbo-S,2018,WP0AD2A99JS156481,Freeport,NY
96777,65110,Turbo-S,2011,WP0AD2A91BS766120,Woodland Hills,CA
187911,9770,Turbo-S,2018,WP0AD2A95JS157014,Wilsonville,OR
133275,34055,Turbo-S,2014,WP0AD2A92ES167750,Glendale,CA
272230,11069,Turbo-S,2021,WP0CD2A91MS263506,Oklahoma City,OK
149900,17781,Turbo-S,2014,WP0AD2A95ES167841,Vero Beach,FL
205000,12006,Turbo-S,2019,WP0CD2A95KS144273,Westmont,IL
122900,49718,Turbo-S,2015,WP0AD2A96FS166487,Brighton,MA
174900,11699,Turbo-S,2017,WP0AD2A95HS166967,Pompano Beach,FL
289995,897,Turbo-S,2021,WP0AD2A99MS257377,Melbourne,FL
121950,14292,Turbo-S,2012,WP0CD2A92CS773569,Phoenix,AZ
189900,2463,Turbo-S,2018,WP0AD2A91JS156653,West Palm Beach,FL
214881,746,Turbo-S,2019,WP0CD2A92KS144926,Ontario,CA
129000,21628,Turbo-S,2013,WP0CD2A98DS773061,Westmont,IL
289995,1721,Turbo-S,2019,WP0CD2A98KS144624,Birmingham,MI
122800,11193,Turbo-S,2012,WP0CD2A9XCS773190,Dublin,OH
219690,1534,Turbo-S,2019,WP0CD2A90KS144391,Fort Myers,FL
119995,38244,Turbo-S,2012,WP0AD2A96CS766289,Melbourne,FL
138999,25681,Turbo-S,2015,WP0AD2A95FS166917,East Hartford,CT
269991,1375,Turbo-S,2021,WP0AD2A97MS257829,Seaside,CA
169991,22687,Turbo-S,2017,WP0AD2A98HS167174,Seaside,CA
221950,2752,Turbo-S,2019,WP0CD2A93KS144983,Roswell,GA
198000,2867,Turbo-S,2019,WP0AD2A95KS140747,Scottsdale,AZ
155555,32215,Turbo-S,2017,WP0CD2A94HS178911,Round Rock,TX
199900,8549,Turbo-S,2018,WP0CD2A96JS162179,Fort Lauderdale,FL
141888,12984,Turbo-S,2014,WP0AD2A91ES166458,Redondo Beach,CA
114995,41998,Turbo-S,2013,WP0CD2A98DS773089,San Ramon,CA
179950,8454,Turbo-S,2019,WP0CD2A90KS144438,Roswell,GA
153677,33593,Turbo-S,2017,WP0AD2A90HS166360,Westlake Village,CA
199990,2957,Turbo-S,2019,WP0AD2A95KS140554,Jacksonville,FL
196480,9895,Turbo-S,2019,WP0AD2A91KS140129,Newtown Square,PA
169990,13346,Turbo-S,2015,WP0CD2A95FS178509,Catonsville,MD
117000,14685,Turbo-S,2011,WP0AD2A90BS766156,Miami,FL
298888,5650,Turbo-S,2021,WP0AD2A96MS257076,Boerne,TX
159995,15600,Turbo-S,2017,WP0CD2A9XHS178556,Naugatuck,CT
195991,8498,Turbo-S,2019,WP0AD2A91KS140468,Seaside,CA
186994,22898,Turbo-S,2019,WP0AD2A99KS141013,Ocala,FL
174990,12031,Turbo-S,2016,WP0AD2A92GS166293,Rocklin,CA
165950,22591,Turbo-S,2016,WP0AD2A94GS166411,Bellevue,WA
199998,21284,Turbo-S,2018,WP0AD2A93JS156489,Allston,MA
139999,36857,Turbo-S,2015,WP0AD2A92FS166485,Freeport,NY
278888,970,Turbo-S,2021,WP0AD2A93MS257391,Boerne,TX
144888,23174,Turbo-S,2015,WP0CD2A99FS172132,Boerne,TX
209000,4987,Turbo-S,2018,WP0AD2A96JS156485,Southampton,NY
179997,15659,Turbo-S,2016,WP0AD2A9XGS166140,Hickory,NC
189000,26317,Turbo-S,2019,WP0CD2A92KS144263,Westerly,RI
179898,14372,Turbo-S,2018,WP0AD2A98JS156455,Austin,TX
272996,2858,Turbo-S,2021,WP0AD2A94MS258081,Charlotte,NC
178777,17451,Turbo-S,2017,WP0CD2A93HS178656,Addison,TX
122900,49228,Turbo-S,2014,WP0AD2A90ES167116,Anaheim,CA
188881,11021,Turbo-S,2018,WP0AD2A92JS156922,Ontario,CA
279555,931,Turbo-S,2021,WP0AD2A93MS257942,Round Rock,TX
70900,36439,Turbo-S,2005,WP0CB29935S675406,Pompano Beach,FL
195000,18848,Turbo-S,2019,WP0AD2A97KS140135,Miami,FL
129950,23541,Turbo-S,2013,WP0CD2A93DS773081,Roswell,GA
255900,2359,Turbo-S,2021,WP0CD2A97MS263526,Pompano Beach,FL
189900,8906,Turbo-S,2016,WP0AD2A94GS166571,Sterling,VA
119900,20539,Turbo-S,2011,WP0CD2A98BS773154,Cleveland,OH
199000,13049,Turbo-S,2019,WP0AD2A91KS140700,Las Vegas,NV
192795,13643,Turbo-S,2018,WP0AD2A96JS156499,Las Vegas,NV
170000,17762,Turbo-S,2016,WP0AD2A91GS166608,Ramsey,NJ
205000,2297,Turbo-S,2019,WP0AD2A95KS140635,Ramsey,NJ
179500,11751,Turbo-S,2017,WP0CD2A90HS178128,Dublin,OH
145950,16797,Turbo-S,2014,WP0AD2A91ES167657,Bellevue,WA
199900,2171,Turbo-S,2017,WP0AD2A97HS166596,Portland,OR
159998,8615,Turbo-S,2014,WP0AD2A93ES167174,Newark,DE
211970,9686,Turbo-S,2019,WP0CD2A9XKS144088,Bedford,OH
169900,28543,Turbo-S,2016,WP0CD2A93GS178171,Bellevue,WA
179514,17716,Turbo-S,2018,WP0AD2A9XJS156473,Sarasota,FL
269000,517,Turbo-S,2021,WP0AD2A97MS258138,Pompano Beach,FL
217900,2875,Turbo-S,2019,WP0CD2A90KS144973,Addison,TX
181900,11022,Turbo-S,2016,WP0AD2A9XGS166218,Dublin,OH
181900,13041,Turbo-S,2016,WP0AD2A93GS166108,Dublin,OH
299000,2457,Turbo-S,2021,WP0AD2A98MS257080,Pompano Beach,FL
289999,1205,Turbo-S,2021,WP0CD2A99MS263429,Houston,TX
131988,35390,Turbo-S,2014,WP0AD2A92ES167926,Tucson,AZ
185000,5016,Turbo-S,2017,WP0CD2A91HS178655,Pompano Beach,FL
129900,27832,Turbo-S,2012,WP0CD2A90CS773280,Pompano Beach,FL
182881,13645,Turbo-S,2018,WP0AD2A94JS156257,Ontario,CA
145998,17818,Turbo-S,2014,WP0AD2A90ES166550,Newark,DE
134881,38976,Turbo-S,2014,WP0AD2A93ES167479,Ontario,CA
318991,210,Turbo-S,2018,WP0AD2A94JS156601,North Olmsted,OH
309998,970,Turbo-S,2019,WP0CD2A97KS144520,Wayland,MA
285900,2323,Turbo-S,2021,WP0AD2A98MS257323,Anaheim,CA
154800,13878,Turbo-S,2014,WP0AD2A95ES166835,Lisle,IL
171996,19927,Turbo-S,2016,WP0AD2A98GS166587,East Hartford,CT
79995,31628,Turbo-S,2005,WP0CB29975S675344,Rancho Santa Fe,CA
178900,12735,Turbo-S,2017,WP0CD2A97HS178143,Addison,TX
209900,2799,Turbo-S,2019,WP0AD2A92KS140558,Plant City,FL
109995,46780,Turbo-S,2015,WP0CD2A94FS178095,Plano,TX
168250,7000,Turbo-S,2015,WP0AD2A99FS166824,Middletown,CT
199000,14606,Turbo-S,2018,WP0AD2A99JS156562,Austin,TX
194996,13415,Turbo-S,2019,WP0AD2A98KS140340,Houston,TX
109900,27131,Turbo-S,2011,WP0AD2A91BS766828,WEST LONG BRANCH,NJ
329888,1537,Turbo-S,2021,WP0CD2A96MS263677,Boerne,TX
143998,21222,Turbo-S,2015,WP0AD2A92FS160203,Lehi,UT
199900,8375,Turbo-S,2019,WP0AD2A9XKS140369,Addison,TX
175000,19119,Turbo-S,2017,WP0AD2A99HS166261,N/A,N/A
210000,6545,Turbo-S,2019,WP0CD2A93KS145003,N/A,N/A
149900,29056,Turbo-S,2017,WP0AD2A95HS166385,N/A,N/A
209995,10563,Turbo-S,2019,WP0AD2A90KS140154,N/A,N/A
214995,6825,Turbo-S,2018,WP0AD2A99JS156576,N/A,N/A
144985,20525,Turbo-S,2014,WP0CD2A98ES173299,N/A,N/A
147990,22888,Turbo-S,2015,WP0CD2A90FS178725,N/A,N/A
194995,13947,Turbo-S,2019,WP0AD2A98KS140418,N/A,N/A
149991,20042,Turbo-S,2015,WP0AD2A98FS160352,N/A,N/A
189995,18802,Turbo-S,2018,WP0AD2A96JS156079,N/A,N/A
339995,622,Turbo-S,2018,WP0AD2A99JS156755,N/A,N/A
279991,1923,Turbo-S,2021,WP0CD2A94MS263077,N/A,N/A
185000,18343,Turbo-S,2018,WP0AD2A97JS156754,N/A,N/A
175900,17790,Turbo-S,2017,WP0CD2A93HS178706,N/A,N/A
28995,113698,Carrera-4,2004,WP0CA29914S650411,Bellingham,WA
15000,114967,Carrera-4,2000,WP0CA2996YS654461,Modesto,CA
14900,126505,Carrera-4,2000,WP0CA2995YS651731,Modesto,CA
30959,56485,Carrera-4,2003,WP0CA29923S652666,Birmingham,AL
33911,43731,Carrera-4,2002,WP0CA29942S651758,New Ulm,MN
151991,4488,Carrera-4,2019,WP0AB2A91KS115012,Los Angeles,CA
62990,27344,Carrera-4,2007,WP0AA29937S710409,Duluth,GA
29995,20000,Carrera-4,2000,WP0CA2995YS650496,Portland,OR
36900,76047,Carrera-4,2006,WP0CA29926S755879,Grand Rapids,MI
29995,74632,Carrera-4,1999,WP0CA299XXS655899,South Weymouth,MA
97458,7187,Carrera-4,2013,WP0CA2A93DS141254,Bradenton,FL
144998,996,Carrera-4,2019,WP0AB2A9XKS114974,Burlington,MA
29990,61628,Carrera-4,2001,WP0CA29961S650173,Rockville,MD
105500,24454,Carrera-4,2017,WP0AA2A98HS108019,Renton,WA
28654,87701,Carrera-4,2001,WP0CA29981S654967,Austin,TX
29900,48000,Carrera-4,2000,WP0CA2999YS651635,Glenshaw,PA
45800,62111,Carrera-4,2006,WP0AA29916S716546,Miami,FL
140000,217,Carrera-4,1991,WP0CB2961MS460806,Jupiter,FL
79589,50457,Carrera-4,2014,WP0CA2A96ES140732,Mocksville,NC
59900,24597,Carrera-4,2007,WP0AA29937S710345,Pompano Beach,FL
36995,38847,Carrera-4,2002,WP0CA29952S652210,Fairfield,OH
141569,8224,Carrera-4,2019,WP0AB2A91KS115186,San Juan,TX
94995,8590,Carrera-4,2015,WP0AA2A98FS106462,Bellevue,WA
89997,23641,Carrera-4,2014,WP0CA2A95ES140432,Saint Petersburg,FL
107998,41085,Carrera-4,2017,WP0CA2A99HS142723,Allston,MA
174900,9800,Carrera-4,2019,WP0AB2A92KS114547,Portland,OR
52900,51939,Carrera-4,2007,WP0AA29937S710765,Portland,OR
157900,13845,Carrera-4,2019,WP0AB2A95KS114672,Portland,OR
134998,15792,Carrera-4,2017,WP0CA2A99HS142141,Allston,MA
158900,14901,Carrera-4,2019,WP0AB2A92KS114886,Pompano Beach,FL
162900,4522,Carrera-4,2019,WP0CB2A96KS136270,Pompano Beach,FL
53995,41526,Carrera-4,2008,WP0AA29918S710815,Sykesville,MD
114900,9575,Carrera-4,2017,WP0AA2A92HS107772,Pompano Beach,FL
134000,17013,Carrera-4,2019,WP0AB2A95KS114283,Buena Park,CA
87400,17730,Carrera-4,2015,WP0AA2A90FS106472,Brighton,MA
97888,17866,Carrera-4,2017,WP0AA2A99HS107767,Costa Mesa,CA
79990,48575,Carrera-4,1996,WP0AA2993TS323627,Las Vegas,NV
144995,20896,Carrera-4,2018,WP0AB2A93JS123739,Las Vegas,NV
49800,9851,Carrera-4,2004,WP0CA29924S652894,Rock Hill,SC
129998,5021,Carrera-4,2019,WP0CA2A94KS129451,Newark,DE
55900,45287,Carrera-4,2008,WP0AA29998S710271,Springfield,IL
31989,65110,Carrera-4,2002,WP0CA29982S651102,Berkeley Lake,GA
87900,25105,Carrera-4,2014,WP0CA2A99ES140840,N/A,N/A
142900,17137,Carrera-4,2018,WP0AB2A96JS123699,N/A,N/A
84488,15684,Carrera-4,2014,WP0AA2A95ES106790,N/A,N/A
35995,72579,Carrera-4,2001,WP0AA29911S622269,N/A,N/A
137991,11846,Targa-4S,2016,WP0BB2A92GS136074,Barrington,IL
113991,25579,Targa-4S,2015,WP0BB2A93FS135529,Barrington,IL
147695,9771,Targa-4S,2019,WP0BB2A96KS125166,Melbourne,FL
144888,14238,Targa-4S,2016,WP0BB2A9XGS136114,San Diego,CA
155900,2339,Targa-4S,2019,WP0BB2A9XKS125705,Portland,OR
209999,2539,Targa-4S,2021,WP0BB2A96MS235315,San Diego,CA
158888,4143,Targa-4S,2019,WP0BB2A9XKS126207,Roslyn,NY
159999,1234,Targa-4S,2016,WP0BB2A91GS136633,Alpharetta,GA
154974,14561,Targa-4S,2019,WP0BB2A97KS125113,Kansas City,MO
138595,30742,Targa-4S,2017,WP0BB2A9XHS136292,Palo Alto,CA
142795,20354,Targa-4S,2017,WP0BB2A99HS136803,Las Vegas,NV
74900,57068,Targa-4S,2011,WP0BB2A94BS733090,Pinellas Park,FL
129999,43100,Targa-4S,2017,WP0BB2A90HS137077,Dallas,TX
144900,7445,Targa-4S,2015,WP0BB2A94FS135698,Portland,OR
129898,11065,Targa-4S,2015,WP0BB2A90FS135245,Los Angeles,CA
154997,4482,Targa-4S,2016,WP0BB2A94GS136318,Hickory,NC
147500,12919,Targa-4S,2016,WP0BB2A98GS136533,Pompano Beach,FL
139888,18230,Targa-4S,2018,WP0BB2A91JS134579,Costa Mesa,CA
59992,85368,Targa-4S,2008,WP0BB29918S755089,Barrington,IL
149995,9716,Targa-4S,2017,WP0BB2A97HS136380,Bonita Springs,FL
139995,13652,Targa-4S,2016,WP0BB2A97GS136779,Bonita Springs,FL
179998,2869,Targa-4S,2021,WP0BB2A97MS235470,Arlington,VA
147777,10750,Targa-4S,2017,WP0BB2A92HS136724,Boerne,TX
49979,117461,Targa-4S,2009,WP0BB29959S733324,Marietta,GA
159000,8316,Targa-4S,2018,WP0BB2A90JS134718,Knoxville,TN
129950,2860,Targa-4S,2015,WP0BB2A93FS135272,Miami,FL
89900,25970,Targa-4S,2009,WP0BB29939S733113,Portland,OR
139888,16955,Targa-4S,2017,WP0BB2A9XHS136499,Boerne,TX
124900,29404,Targa-4S,2016,WP0BB2A90GS136252,Kearny,NJ
125871,35781,Targa-4S,2015,WP0BB2A90FS135181,N/A,N/A
129995,32726,Targa-4S,2015,WP0BB2A98FS135669,N/A,N/A
148992,3303,Targa-4S,2017,WP0BB2A93HS136991,N/A,N/A
214900,1688,Targa-4S,2021,WP0BB2A93MS235191,N/A,N/A
65995,33936,Targa-4S,2008,WP0BB29938S755224,N/A,N/A
69990,9315,Targa,2002,WP0BA29962S635606,Willoughby,OH
164900,2829,Targa,2018,WP0BB2A91JS134839,Portland,OR
158900,6937,Targa,2019,WP0BB2A99KS125193,Pompano Beach,FL
154900,1939,Targa,2019,WP0BA2A90KS120175,Pompano Beach,FL
134995,15137,Targa,2019,WP0BA2A92KS120078,Plano,TX
58995,42301,Targa,2007,WP0BA29917S745311,Scottsdale,AZ
189995,532,Targa,2019,WP0BB2A9XKS125901,Fairfield,CT
183950,6742,Targa,2019,WP0BB2A91KS126046,Roswell,GA
189900,6343,Targa,2019,WP0BB2A92KS126234,Pompano Beach,FL
189000,3094,Targa,2019,WP0BB2A96KS126169,Pompano Beach,FL
159997,9685,Targa,2018,WP0BB2A98JS134403,Oklahoma City,OK
116995,16610,Targa,2015,WP0BA2A99FS132136,Southampton,NJ
189900,2230,Targa,2019,WP0BB2A90KS125082,Pompano Beach,FL
184999,1826,Targa,2019,WP0BB2A92KS126458,Houston,TX
47500,48725,Targa,2003,WP0BA29963S635235,Costa Mesa,CA
39991,70345,Targa,2003,WP0BA299X3S635075,Barrington,IL
185000,1753,Targa,2019,WP0BB2A94KS125201,Barrington,IL
137900,10733,Targa,2019,WP0BA2A92KS120162,N/A,N/A
167991,10238,Targa,2019,WP0BB2A9XKS125834,N/A,N/A
158990,9768,Targa,2018,WP0BB2A97JS134697,N/A,N/A
66500,79246,Targa,1998,WP0DA2992WS385070,N/A,N/A
43996,37165,Targa,2003,WP0BA29923S635622,N/A,N/A
105994,9179,Carrera-T,2018,WP0AA2A98JS106079,Cleveland,OH
108995,12174,Carrera-T,2018,WP0AA2A94JS106340,Melbourne,FL
108900,14380,Carrera-T,2019,WP0AA2A9XKS104061,Coral Gables,FL
109900,22870,Carrera-T,2019,WP0AA2A97KS104146,WEST LONG BRANCH,NJ
111048,4359,Carrera-T,2019,WP0AA2A97KS103997,Indianapolis,IN
112890,4640,Carrera-T,2019,WP0AA2A91KS103090,Greensboro,NC
113900,9887,Carrera-T,2019,WP0AA2A92KS103535,Pompano Beach,FL
120998,6170,Carrera-T,2019,WP0AA2A97KS103286,Columbia,SC
110178,9736,Carrera-T,2019,WP0AA2A96KS104073,Oklahoma City,OK
116981,6870,Carrera-T,2019,WP0AA2A94KS103391,Silver Spring,MD
116995,4829,Carrera-T,2019,WP0AA2A95KS103965,N/A,N/A
119991,1434,Carrera-T,2019,WP0AA2A95KS103108,N/A,N/A
119991,16235,Carrera-T,2018,WP0AA2A98JS106468,N/A,N/A
121250,1961,Carrera-T,2019,WP0AA2A90KS103971,N/A,N/A
119900,3396,Carrera-T,2018,WP0AA2A93JS106152,N/A,N/A
151900,17050,GT2,2003,WP0AB29973S696098,Addison,TX
359785,2170,GT2,2018,WP0AE2A99JS185878,Paramus,NJ
334900,7211,GT2,2019,WP0AE2A99KS155216,Brighton,MA
399950,2287,GT2,2018,WP0AE2A94JS186050,Roswell,GA
379898,867,GT2,2019,WP0AE2A97KS155117,Los Angeles,CA
379804,1988,GT2,2018,WP0AE2A95JS185411,Pauls Valley,OK
389998,924,GT2,2018,WP0AE2A9XJS185212,Wichita,KS
354995,1018,GT2,2018,WP0AE2A97JS186141,Bellingham,WA
399999,713,GT2,2018,WP0AE2A98JS185631,N/A,N/A
68888,35854,Carrera-2,1992,WP0CB2960NS460460,Houston,TX
219888,3741,Carrera-2,1994,WP0CB2969RS465078,Corona,CA
29900,164973,Carrera-2,1991,WP0CB2969MS460679,Grand Rapids,MI
499900,139,R,2016,WP0AF2A93GS195084,Fort Lauderdale,FL
499900,1445,R,2016,WP0AF2A99GS195168,Fort Lauderdale,FL
499323,1084,R,2016,WP0AF2A90GS195110,Woodland Hills,CA
499999,705,R,2016,WP0AF2A97GS195170,Oklahoma City,OK
35400,66415,SC,1982,WP0EA0912CS160470,Grand Rapids,MI
59999,119897,SC,1982,WP0AA0913CS120705,Lewisville,TX
123995,12176,50th-Anniversary,2014,WP0AB2A92ES122474,N/A,N/A
94995,8479,Unspecified,2018,WP0AA2A96JS106338,San Diego,CA
65716,9219,Unspecified,2002,WP0AB29932S686800,Lees Summit,MO
143000,3901,Unspecified,2020,WP0AB2A92LS229487,Westmont,IL
217917,695,Unspecified,2016,WP0AF2A97GS192415,Charlotte,NC
95995,7336,Unspecified,2017,WP0AA2A95HS108351,San Ramon,CA
88500,16947,Unspecified,2012,WP0CB2A91CS154788,Santa Barbara,CA
31495,156101,Unspecified,2006,WP0AB29936S743082,Concord,NC
97995,7844,Unspecified,2012,WP0AB2A94CS721048,West Melbourne,FL
139900,8946,Unspecified,2021,WP0AA2A91MS205346,Parsippany,NJ
155990,11105,Unspecified,2018,WP0BB2A91JS134629,Collierville,TN
299995,570,Unspecified,2021,WP0AD2A95MS257067,Delray Beach,FL
139950,5401,Unspecified,2020,WP0AB2A9XLS226790,Fort Lauderdale,FL
169778,15733,Unspecified,2019,WP0BB2A93KS125447,Kansas City,KS
95998,21747,Unspecified,2011,WP0AB2A97BS720734,Austin,TX
139995,13484,Unspecified,2019,WP0AB2A93KS115089,Parsippany,NJ
51997,85926,Unspecified,2007,WP0CB29967S777236,Dallas,TX
124995,20028,Unspecified,2017,WP0AB2A95HS125065,Birmingham,MI
189999,8128,Unspecified,2018,WP0BB2A91JS134548,Upper Saddle River,NJ
124988,17665,Unspecified,2017,WP0AB2A95HS122778,Kansas City,KS
43000,94804,Unspecified,2002,WP0AB299X2S685207,Columbus,OH
88900,5503,Unspecified,2016,WP0AA2A93GS106256,New Rochelle,NY
67450,36309,Unspecified,2002,WP0AB29992S685263,Dallas,TX
83999,40997,Unspecified,2011,WP0CB2A92BS754816,Littleton,CO
59995,64791,Unspecified,2007,WP0AA29927S710921,Parsippany,NJ
115868,9762,Unspecified,2017,WP0AB2A95HS124482,Lancaster,PA
129995,3912,Unspecified,2019,WP0CB2A99KS136327,Houston,TX
109990,69798,Unspecified,2014,WP0AD2A91ES166394,Feasterville Trevose,PA
205450,15449,Unspecified,2019,WP0CD2A98KS144428,Las Vegas,NV
134900,17000,Unspecified,2017,WP0AB2A97HS124581,Pompano Beach,FL
142500,29853,Unspecified,1992,WP0CB2965NS460907,Jupiter,FL
119995,28952,Unspecified,2017,WP0AB2A98HS123665,San Ramon,CA
59900,20455,Unspecified,2011,WP0CA2A98BS740065,Hayward,CA
89900,27000,Unspecified,2011,WP0CB2A96BS754592,Anaheim,CA
42990,27976,Unspecified,2003,WP0CA299X3S651202,Rockville,MD
149999,3660,Unspecified,2020,WP0AB2A99LS225257,Fife,WA
132900,14618,Unspecified,2017,WP0CB2A96HS156026,Pompano Beach,FL
79500,28880,Unspecified,2013,WP0CB2A99DS154913,Scottsdale,AZ
94971,33312,Unspecified,2015,WP0AB2A98FS125316,Woodland Hills,CA
139988,3627,Unspecified,2020,WP0AB2A96LS226155,Memphis,TN
67449,47738,Unspecified,2002,WP0AB29912S685192,Newark,DE
69995,24406,Unspecified,2012,WP0AA2A93CS789070,Glen Cove,NY
139977,20848,Unspecified,2018,WP0CB2A91JS147885,Rochester,NY
57995,62214,Unspecified,1992,WP0CB2967NS460732,Cornelius,NC
79500,28001,Unspecified,2005,WP0CB29905S675508,Dublin,OH
110000,5770,Unspecified,2019,WP0AA2A92KS103244,West Palm Beach,FL
123900,14161,Unspecified,2017,WP0AB2A90HS122719,Pompano Beach,FL
109900,32023,Unspecified,2015,WP0CB2A90FS154799,Pompano Beach,FL
209991,4411,Unspecified,2019,WP0AD2A94KS140531,Scottsdale,AZ
399000,1300,Unspecified,2019,WP0CF2A90KS172685,Pompano Beach,FL
89888,19867,Unspecified,1997,WP0CA2990VS341028,Costa Mesa,CA
132500,11621,Unspecified,2017,WP0AB2A92HS125041,Freeport,NY
179000,12472,Unspecified,2017,WP0CB2A98HS156190,Pompano Beach,FL
139900,10500,Unspecified,2017,WP0AB2A94HS125056,Pompano Beach,FL
85995,47884,Unspecified,1993,WP0BB2961PS440121,Scottsdale,AZ
135900,12615,Unspecified,2017,WP0AB2A97HS124838,Freeport,NY
136888,64763,Unspecified,1990,WP0AB2964LS452091,Costa Mesa,CA
73200,23747,Unspecified,2002,WP0AB29902S686270,Dublin,OH
46950,56917,Unspecified,2007,WP0CB29907S775885,Daytona Beach,FL
109900,28170,Unspecified,2011,WP0AB2A95BS720702,Portland,OR
69379,49065,Unspecified,2014,WP0AA2A97ES106581,Framingham,MA
399898,778,Unspecified,2019,WP0CF2A95KS172603,Los Angeles,CA
119995,19900,Unspecified,2017,WP0AB2A99HS124744,Costa Mesa,CA
39976,73072,Unspecified,2003,WP0AA29993S622541,Folsom,CA
139000,24000,Unspecified,2017,WP0AB2A92HS124746,Pompano Beach,FL
152900,5897,Unspecified,2017,WP0AB2A98HS124153,Pompano Beach,FL
129000,4500,Unspecified,2016,WP0AB2A93GS122440,Pompano Beach,FL
149888,11552,Unspecified,2019,WP0CB2A90KS136085,Freeport,NY
179963,6117,Unspecified,2019,WP0BB2A91KS125267,Rochester,NY
68995,111666,Unspecified,1993,WP0CB2966PS460501,Edmond,OK
85900,24845,Unspecified,2012,WP0AB2A93CS121248,Pompano Beach,FL
132000,9400,Unspecified,2017,WP0AB2A91HS122874,Pompano Beach,FL
81900,54335,Unspecified,2011,WP0CB2A93BS755313,Clarksville,TN
329000,652,Unspecified,2019,WP0CF2A96KS172559,N/A,N/A
249988,5018,Unspecified,2011,WP0CB2A97BS795619,N/A,N/A
138988,10274,Unspecified,2016,WP0AD2A91GS166527,N/A,N/A
108065,16856,Unspecified,2017,WP0AB2A97HS123902,N/A,N/A
139991,12935,Unspecified,2017,WP0CB2A90HS156247,N/A,N/A
103988,19083,Unspecified,2014,WP0AB2A92ES121244,N/A,N/A
92500,31135,Unspecified,1997,WP0AA2993VS320374,N/A,N/A
94500,39597,Unspecified,1997,WP0AA2997VS322726,N/A,N/A
94500,10397,Unspecified,1997,WP0CA2997VS341334,N/A,N/A
85383,55063,Unspecified,2017,WP0CA2A90HS141251,N/A,N/A
69500,58240,Unspecified,1992,WP0CB2969NS460392,N/A,N/A
67997,51960,Unspecified,2012,WP0AA2A96CS706134,N/A,N/A
179888,6296,Unspecified,2019,WP0BB2A98KS125623,N/A,N/A
87997,29723,Unspecified,2010,WP0AB2A97AS720859,N/A,N/A
54990,71885,Unspecified,2005,WP0CB29985S675627,N/A,N/A
264990,948,Unspecified,2021,WP0AD2A92MS257947,N/A,N/A
64999,60288,Unspecified,1995,WP0CA2994SS340332,N/A,N/A
44991,95426,Unspecified,2007,WP0AB29977S731180,N/A,N/A
