Price,Miles,Trim
24996,29100,250
25900,12294,250
25551,33381,250
24997,24920,250
23995,25040,250
22998,35950,250
24991,34713,250
23879,29838,250
23881,31536,250
18887,41033,250
22797,23051,250
29985,18670,250
27988,18674,250
23500,32389,250
24888,32335,250
28988,13680,250
23865,24162,250
25484,16238,250
23489,23476,250
22982,25965,250
21895,33427,250
23480,27428,250
22995,31012,250
25695,13200,250
23495,24520,250
18488,19338,250
18488,19338,250
26997,19633,250
25747,17765,250
24500,33566,250
25551,41012,250
19998,41400,250
24188,31714,250
26588,25093,250
25595,24776,250
22743,24364,250
24699,14755,250
20995,23642,250
23982,29388,250
19991,49506,250
23995,25871,250
23439,29657,250
22989,35520,250
22272,19099,250
27500,9679,250
24999,3924,250
24996,29100,250
24849,18006,250
23932,26642,250
22998,22738,250
23999,16018,250
23980,31786,250
25983,38848,250
14975,79304,250
27500,11746,250
16988,67674,250
24881,37617,250
19995,47664,250
24694,37873,250
21500,56277,250
22419,25351,250
23975,17619,250
21996,35842,250
27981,6972,250
17395,51526,250
17416,73668,250
23999,15807,250
26998,17902,250
17491,32602,250
24998,30067,250
25998,20223,250
22919,19083,250
20495,37486,250
35890,5348,250
24488,35952,250
23500,32228,250
23500,32228,250
22395,25499,250
22999,32931,250
19000,78473,250
24598,15643,250
27098,22891,250
24008,48330,250
26720,10124,250
23980,26232,250
21480,40118,250
22999,30609,250
23995,19423,250
17867,76572,250
23689,32573,250
20785,36251,250
21495,78709,250
24989,14707,250
17695,51385,250
19649,55494,250
28900,12933,250
25950,23926,250
24999,17043,250
24722,29799,250
22689,46973,250
26521,24640,250
24891,27524,250
22989,39068,250
19499,46520,250
17591,59983,250
19491,49538,250
22293,8977,250
20888,29916,250
28000,11335,250
24395,29393,250
24895,25344,250
19500,46477,250
38488,6641,250
36599,16849,250
27881,21341,250
26997,20900,250
16995,87414,250
26950,14553,250
25998,24465,250
37288,6444,250
36488,7368,250
37998,6796,250
36998,6504,250
37998,6610,250
26844,7455,250
26998,15898,250
37488,6223,250
19488,41109,250
26999,1040,250
38488,5339,250
37288,5740,250
24497,29380,250
24480,37107,250
17585,76349,250
17250,60825,250
26988,28823,250
37998,6148,250
19488,62756,250
18999,102313,250
26991,26220,250
25200,27490,250
29980,12497,250
24999,26029,250
18591,52301,250
21000,50921,250
26995,52235,250
27500,21139,250
23448,18664,250
17997,68921,250
24395,29538,250
17891,50775,250
24732,15782,250
27353,17032,250
24345,28884,250
25412,19084,250
39998,4010,250
24296,31239,250
27500,13743,250
18500,80602,250
38488,8506,250
33991,2112,250
20995,61642,250
19999,33831,250
22500,48721,250
24500,51479,250
24500,36862,250
18788,59941,250
23480,27254,250
37688,7707,250
39588,7419,250
39788,7775,250
38288,7386,250
37888,7760,250
25990,19745,250
29988,30784,250
35970,8791,250
20999,45637,250
17995,69959,250
19990,62864,250
19590,58690,250
24981,30359,250
24990,23081,250
39888,7810,250
26100,20232,250
28988,34099,250
20998,47786,250
24279,23148,250
35991,8506,250
24500,20009,250
25933,24092,250
21998,39353,250
38500,8021,250
19988,55878,250
41180,8568,250
17990,89085,250
39500,10506,250
21324,71272,250
38820,8601,250
37775,7970,250
37315,8466,250
25991,34536,250
41900,9217,250
28988,21784,250
21995,73306,250
26500,45558,250
21500,54773,250
27990,23545,250
19458,72623,250
20995,56059,250
19995,53827,250
39550,6714,250
24398,63815,250
18000,83221,250
18991,63332,250
19800,73142,250
27881,17221,250
22999,13324,250
19799,47128,250
26988,35830,250
40659,7178,250
30997,35823,250
27500,19928,250
25995,57935,250
18860,46344,250
23995,31933,250
17800,89126,250
37777,12550,250
40988,6989,250
22688,24849,250
28988,18340,250
24599,33329,250
19886,30764,250
23894,14964,250
24406,22997,250
23349,31260,250
22394,24964,250
24650,31362,250
25771,26204,250
23198,21438,250
24561,27146,250
21950,39879,250
23994,32389,250
25037,27015,250
24816,27996,250
23190,13650,250
21995,27200,250
21688,28013,250
24071,36221,250
22449,25786,250
25734,24134,250
24900,29695,250
24388,25297,250
22444,32631,250
27199,27572,250
18495,56623,250
24495,33297,250
25988,67810,45-AMG
43488,17034,45-AMG
19995,107517,45-AMG
25995,67369,45-AMG
38995,34974,45-AMG
39900,82707,45-AMG
35888,50002,45-AMG
39995,22244,45-AMG
52833,2866,35-AMG
46500,7045,35-AMG
