Price,Miles,Trim,Year,Vin,City,State
40990,35185,Long-Range,2018,5YJ3E1EB6JF066540,Pittsburgh,PA
43590,39866,Long-Range,2018,5YJ3E1EB5JF099156,Minneapolis,MN
39980,22704,Long-Range,2018,5YJ3E1EA6JF040432,San Diego,CA
42598,8659,Long-Range,2017,5YJ3E1EA3HF003560,Wichita,KS
43590,18526,Long-Range,2018,5YJ3E1EB4JF090609,Augusta,GA
41990,14784,Long-Range,2019,5YJ3E1EA2KF323668,San Antonio,TX
44500,47030,Long-Range,2018,5YJ3E1EB5JF146301,Arlington Heights,IL
47490,20103,Long-Range,2019,5YJ3E1EB7KF388718,Lancaster,PA
42990,24226,Long-Range,2018,5YJ3E1EB1JF113585,St George,UT
50940,8962,Long-Range,2020,5YJ3E1EB6LF637186,Cherry Hill,NJ
39999,43008,Long-Range,2018,5YJ3E1EB4JF113175,San Diego,CA
48999,1590,Long-Range,2020,5YJ3E1EB7LF719945,Worthington,OH
49990,24008,Long-Range,2018,5YJ3E1EB4JF086785,Minneapolis,MN
49992,10037,Long-Range,2020,5YJ3E1EB1LF638164,Richfield,MN
37999,43916,Long-Range,2018,5YJ3E1EA3JF008148,Worthington,OH
46994,24088,Long-Range,2018,5YJ3E1EB3JF090309,Hayward,CA
46500,23679,Long-Range,2018,5YJ3E1EBXJF112063,Union City,GA
39995,32966,Long-Range,2018,5YJ3E1EA0JF035761,Bellevue,WA
37988,22366,Long-Range,2018,5YJ3E1EA5JF008605,Seattle,WA
42590,29067,Long-Range,2018,5YJ3E1EA8JF036219,Cheyenne,WY
43000,32066,Long-Range,2018,5YJ3E1EA2JF109276,Union City,GA
55903,3291,Long-Range,2020,5YJ3E1EBXLF798026,Thomasville,GA
50333,6094,Long-Range,2020,5YJ3E1EB1LF787917,Rochelle Park,NJ
46896,34928,Long-Range,2018,5YJ3E1EA2JF034577,Carrollton,TX
54990,3753,Long-Range,2020,5YJ3E1EBXLF636994,Fife,WA
48900,34757,Long-Range,2019,5YJ3E1EB7KF514172,Encinitas,CA
53000,21500,Long-Range,2019,5YJ3E1EB6KF511182,Minneapolis,MN
52777,13418,Long-Range,2020,5YJ3E1EB5LF620816,Pittsburgh,PA
51995,9181,Long-Range,2020,5YJ3E1EB7LF639187,Springville,UT
44877,15926,Long-Range,2018,5YJ3E1EA8JF177873,Memphis,TN
59990,1444,Long-Range,2021,5YJ3E1EB1MF860219,Toms River,NJ
50990,8892,Long-Range,2020,5YJ3E1EB9LF646271,Minneapolis,MN
44888,21337,Long-Range,2018,5YJ3E1EA3JF003225,Mission Viejo,CA
48500,22373,Long-Range,2018,5YJ3E1EB4JF056217,Union City,GA
42459,52791,Long-Range,2018,5YJ3E1EA8JF156456,Jacksonville,FL
37499,38898,Long-Range,2018,5YJ3E1EA4JF167499,Anaheim,CA
45500,18000,Long-Range,2018,5YJ3E1EA6JF070126,Vienna,VA
42995,27125,Long-Range,2018,5YJ3E1EA7JF095245,San Diego,CA
47900,41116,Long-Range,2018,5YJ3E1EB7JF135641,New Castle,DE
50990,6384,Long-Range,2020,5YJ3E1EB6LF798184,Buffalo,NY
49997,8873,Long-Range,2021,5YJ3E1EB5MF859591,Fort Smith,AR
47988,45128,Long-Range,2019,5YJ3E1EBXKF493270,Thomasville,GA
51988,14615,Long-Range,2020,5YJ3E1EB9LF796106,Merritt Island,FL
48900,23709,Long-Range,2019,5YJ3E1EBXKF208728,El Monte,CA
42955,14713,Long-Range,2018,5YJ3E1EA6JF033089,Roseville,CA
47080,26984,Long-Range,2018,5YJ3E1EB5JF127912,Manvel,TX
52994,12165,Long-Range,2019,5YJ3E1EB2KF387895,Lubbock,TX
48490,29912,Long-Range,2020,5YJ3E1EB2LF617775,Naperville,IL
42998,29076,Long-Range,2018,5YJ3E1EA7JF007505,Stafford,TX
40997,55891,Long-Range,2018,5YJ3E1EA5JF016204,Costa Mesa,CA
55900,1845,Long-Range,2020,5YJ3E1EB7LF712350,Scottsdale,AZ
53999,3405,Long-Range,2021,5YJ3E1EB7MF862315,Worthington,OH
44995,37489,Long-Range,2018,5YJ3E1EA6JF012145,Cornelius,NC
51900,29353,Long-Range,2019,5YJ3E1EB9KF453178,Lakewood,CO
48889,28782,Long-Range,2018,5YJ3E1EBXJF151316,Somerville,NJ
38999,24157,Long-Range,2019,5YJ3E1EA4KF509695,Anaheim,CA
50995,4296,Long-Range,2020,5YJ3E1EBXLF663953,Costa Mesa,CA
49989,24491,Long-Range,2018,5YJ3E1EB4JF099469,Lowell,MA
49999,18436,Long-Range,2019,5YJ3E1EB5KF364773,San Rafael,CA
51990,12940,Long-Range,2021,5YJ3E1EB2MF871651,Logan,UT
46899,31886,Long-Range,2020,5YJ3E1EB1LF637662,Santa Ana,CA
53000,2948,Long-Range,2019,5YJ3E1EB2KF450817,Tulsa,OK
48999,16658,Long-Range,2020,5YJ3E1EB9LF646304,Glendale,CA
45977,43349,Long-Range,2019,5YJ3E1EB6KF493184,Gulfport,MS
40590,29828,Long-Range,2018,5YJ3E1EA4JF036086,Atlanta,GA
45958,25234,Long-Range,2018,5YJ3E1EA2JF046745,Buford,GA
51999,14846,Long-Range,2019,5YJ3E1EB4KF454545,Clifton,NJ
52775,17059,Long-Range,2020,5YJ3E1EB8LF626478,Shelby Township,MI
45950,12885,Long-Range,2018,5YJ3E1EA3JF051193,Whittier,CA
57900,6398,Long-Range,2020,5YJ3E1EB3LF639137,Lincoln,NE
42950,21727,Long-Range,2017,5YJ3E1EA6HF001690,Anaheim,CA
48979,10089,Long-Range,2020,5YJ3E1EBXLF639703,Yorkville,NY
42995,58785,Long-Range,2018,5YJ3E1EA2JF035387,Oakland Park,FL
37991,32367,Long-Range,2018,5YJ3E1EA8JF008078,Renton,WA
44900,42975,Long-Range,2019,5YJ3E1EA3KF313375,Scottsdale,AZ
44900,49042,Long-Range,2018,5YJ3E1EAXJF043656,Scottsdale,AZ
46990,26900,Long-Range,2020,5YJ3E1EBXLF650622,Oklahoma City,OK
49899,14283,Long-Range,2020,5YJ3E1EB9LF618518,West Burlington,IA
50000,11199,Long-Range,2018,5YJ3E1EA6JF006118,Smyrna,GA
51999,19007,Long-Range,2019,5YJ3E1EB4KF205498,Orlando,FL
52548,22189,Long-Range,2020,5YJ3E1EB2LF628517,Groveport,OH
49995,11270,Long-Range,2019,5YJ3E1EB0KF453148,Greensburg,IN
49998,28886,Long-Range,2020,5YJ3E1EBXLF667694,Tempe,AZ
51990,302,Long-Range,2018,5YJ3E1EB6JF099697,Sarasota,FL
44472,27496,Long-Range,2018,5YJ3E1EB1JF184673,Fairfield,OH
49999,16802,Long-Range,2019,5YJ3E1EB3KF388571,Gilbert,AZ
50000,6212,Long-Range,2020,5YJ3E1EB5LF795390,Tampa,FL
50889,12938,Long-Range,2020,5YJ3E1EB0LF599874,Carrollton,TX
47900,18355,Long-Range,2020,5YJ3E1EBXLF665363,Lincoln,NE
50991,8801,Long-Range,2020,5YJ3E1EB8LF638372,Miami,FL
53970,16228,Long-Range,2020,5YJ3E1EB1LF668488,Oklahoma City,OK
53995,14995,Long-Range,2018,5YJ3E1EB0JF055677,N/A,N/A
53985,14606,Long-Range,2019,5YJ3E1EB3KF493840,N/A,N/A
45950,862,Standard,2020,5YJ3E1EA8LF612765,Salt Lake City,UT
42999,9440,Standard,2020,5YJ3E1EA2LF799386,Los Angeles,CA
49988,4374,Standard,2019,5YJ3E1EA3KF483056,Honolulu,HI
42499,1800,Standard,2019,5YJ3E1EA8KF436105,Charlottesville,VA
43990,8155,Standard,2019,5YJ3E1EA0KF416205,Costa Mesa,CA
40990,37161,Standard,2019,5YJ3E1EA3KF308239,Costa Mesa,CA
42879,31943,Standard,2019,5YJ3E1EA0KF485721,Henderson,NV
39980,8722,Standard,2020,5YJ3E1EA1LF783633,Worthington,OH
35999,41472,Standard,2019,5YJ3E1EA6KF417472,Jacksonville,FL
38250,17520,Standard,2019,5YJ3E1EAXKF422478,Portland,OR
40990,15084,Standard,2019,5YJ3E1EA4KF310260,Phoenix,AZ
37590,22723,Standard,2019,5YJ3E1EA4KF445139,Providence,RI
41499,4741,Standard,2020,5YJ3E1EA6LF747159,San Diego,CA
44990,28600,Standard,2019,5YJ3E1EA2KF509906,San Diego,CA
42400,22146,Standard,2019,5YJ3E1EA6KF509410,Buena Park,CA
38990,8732,Standard,2019,5YJ3E1EA0KF316735,Cincinnati,OH
42590,2971,Standard,2020,5YJ3E1EA8LF659908,Providence,RI
42330,48762,Standard,2019,5YJ3E1EA0KF362663,Charlotte,NC
41795,6329,Standard,2019,5YJ3E1EA4KF417342,Netcong,NJ
34990,34959,Standard,2019,5YJ3E1EA7KF396535,Bakersfield,CA
37590,16305,Standard,2019,5YJ3E1EA5KF307464,Fort Lauderdale,FL
41500,11968,Standard,2019,5YJ3E1EA5KF397778,South San Francisco,CA
47990,7557,Standard,2021,5YJ3E1EA2MF854582,Toms River,NJ
38991,50827,Standard,2019,5YJ3E1EA9KF305877,Burien,WA
40997,52486,Standard,2019,5YJ3E1EA7KF444891,Costa Mesa,CA
45900,7693,Standard,2021,5YJ3E1EA6MF854410,Amityville,NY
36990,12561,Standard,2019,5YJ3E1EA6KF486596,Kansas City,MO
38950,19028,Standard,2019,5YJ3E1EA2KF485784,Whittier,CA
42899,30879,Standard,2019,5YJ3E1EA4KF427272,West Covina,CA
45950,862,Standard,2020,5YJ3E1EA8LF612765,Salt Lake City,UT
39988,23902,Standard,2019,5YJ3E1EA4KF397299,Austin,TX
41888,17654,Standard,2020,5YJ3E1EA0LF449349,Huntington Station,NY
38300,31686,Standard,2019,5YJ3E1EA0KF301670,South San Francisco,CA
46950,11825,Standard,2020,5YJ3E1EA5LF792643,Murfreesboro,TN
47995,7664,Standard,2021,5YJ3E1EA3MF871861,Long Beach,CA
50000,4789,Standard,2021,5YJ3E1EA6MF927503,Indianapolis,IN
38002,35698,Standard,2019,5YJ3E1EA5KF400520,GRAFTON,WV
47950,9301,Standard,2020,5YJ3E1EAXLF806892,Phoenix,AZ
41900,18195,Standard,2019,5YJ3E1EA4KF317290,Tacoma,WA
44000,22709,Standard,2019,5YJ3E1EA5KF399918,Arlington,MA
40000,24789,Standard,2019,5YJ3E1EA2KF407702,Cincinnati,OH
36999,17926,Standard,2019,5YJ3E1EA0KF400716,San Diego,CA
46980,12179,Standard,2020,5YJ3E1EA3LF614780,Newport Beach,CA
43990,3480,Standard,2019,5YJ3E1EA7KF305442,Phoenix,AZ
41990,9323,Standard,2019,5YJ3E1EA7KF476028,Oklahoma City,OK
39995,7082,Standard,2019,5YJ3E1EA2KF486739,Orlando,FL
45715,11979,Standard,2019,5YJ3E1EAXKF299927,Cayce,SC
45815,5233,Standard,2020,5YJ3E1EA5LF785028,Tulsa,OK
51992,1310,Standard,2020,5YJ3E1EAXLF612637,Flagstaff,AZ
43600,13094,Standard,2019,5YJ3E1EA4KF428518,N/A,N/A
42999,13015,Standard,2020,5YJ3E1EA2LF495541,N/A,N/A
49990,12735,Performance,2019,5YJ3E1EB7KF511952,Miami,FL
48590,10151,Performance,2019,5YJ3E1EB8KF368106,Blacklick,OH
57833,2942,Performance,2020,5YJ3E1EC5LF642100,Cathedral City,CA
53900,28309,Performance,2019,5YJ3E1EB8KF487550,Houston,TX
64700,12426,Performance,2020,5YJ3E1ECXLF719172,Columbus,IN
55900,20523,Performance,2020,5YJ3E1EC3LF719255,Saint Cloud,FL
61995,19397,Performance,2020,5YJ3E1EC9LF742412,Metairie,LA
52972,17001,Performance,2018,5YJ3E1EB7JF069690,Lees Summit,MO
56385,20913,Performance,2020,5YJ3E1EC5LF602518,Long Beach,CA
50598,8417,Performance,2018,5YJ3E1EB6JF118619,Houston,TX
55940,22922,Performance,2020,5YJ3E1ECXLF624188,San Jose,CA
59900,16072,Performance,2020,5YJ3E1EC1LF742064,Tulsa,OK
59500,3410,Performance,2019,5YJ3E1EB9KF367997,Tulsa,OK
48999,43147,Performance,2018,5YJ3E1EBXJF074155,Pleasant Grove,UT
52990,27501,Performance,2020,5YJ3E1EA2LF633854,Farmington Hills,MI
62580,9252,Performance,2020,5YJ3E1EC3LF669294,Daytona Beach,FL
66895,5307,Performance,2021,5YJ3E1EC6MF860726,Great Neck,NY
49990,20002,Performance,2019,5YJ3E1EB3KF494910,Saint Louis,MO
57000,21068,Performance,2020,5YJ3E1ECXLF733749,Union City,GA
58995,22129,Performance,2020,5YJ3E1EC6LF736289,Sewell,NJ
59604,13094,Performance,2019,5YJ3E1EB9KF477657,Franklin,TN
64777,6634,Performance,2020,5YJ3E1EC4LF719457,Clearwater,FL
57999,11020,Performance,2020,5YJ3E1ECXLF642254,Hollywood,CA
48000,24600,Performance,2018,5YJ3E1EBXJF103783,Union City,GA
57988,25582,Performance,2020,5YJ3E1EC4LF586991,Clayton,NC
56490,4823,Performance,2020,5YJ3E1ECXLF769831,Naperville,IL
59999,8878,Performance,2020,5YJ3E1EC1LF796495,Longmont,CO
58999,9935,Performance,2020,5YJ3E1EC0LF642182,Clive,IA
54987,23926,Performance,2019,5YJ3E1EB8KF535953,AUSTIN,TX
48999,26046,Performance,2019,5YJ3E1EB1KF472694,Orlando,FL
60950,19700,Performance,2020,5YJ3E1EC8LF624982,Murfreesboro,TN
65990,3030,Performance,2020,5YJ3E1EC0LF791904,Orlando,FL
59990,5239,Performance,2020,5YJ3E1EC7LF784559,N/A,N/A
58880,9417,Performance,2020,5YJ3E1EC3LF722477,N/A,N/A
43990,4118,Mid-Range,2018,5YJ3E1EA5JF157337,Memphis,TN
45995,9475,Mid-Range,2019,5YJ3E1EA5KF407385,Garland,TX
37990,12259,Mid-Range,2018,5YJ3E1EA5JF159413,Raleigh,NC
40963,10452,Mid-Range,2018,5YJ3E1EA2JF163855,Bellevue,WA
41999,17915,Mid-Range,2018,5YJ3E1EA2JF164889,Trooper,PA
41590,12141,Mid-Range,2018,5YJ3E1EA8JF006038,Newark,NJ
34999,53660,Mid-Range,2018,5YJ3E1EAXJF164655,San Diego,CA
44590,4394,Mid-Range,2018,5YJ3E1EAXJF155079,New Orleans,LA
43900,13885,Mid-Range,2018,5YJ3E1EA4JF152985,Honolulu,HI
43590,12038,Mid-Range,2019,5YJ3E1EA1KF198775,High Point,NC
42950,26779,Mid-Range,2019,5YJ3E1EA1KF300740,Murfreesboro,TN
39950,37015,Mid-Range,2018,5YJ3E1EA8JF153072,Whittier,CA
39985,21285,Mid-Range,2019,5YJ3E1EA6KF396185,Boalsburg,PA
41985,16573,Mid-Range,2019,5YJ3E1EA6KF399300,Boalsburg,PA
44885,30863,Unspecified,2018,5YJ3E1EB3JF108498,Duarte,CA
44500,40062,Unspecified,2018,5YJ3E1EB3JF115046,Madison Heights,MI
46677,36859,Unspecified,2018,5YJ3E1EBXJF069490,Naperville,IL
46000,17840,Unspecified,2018,5YJ3E1EB9JF100406,Washington,PA
46000,35036,Unspecified,2018,5YJ3E1EB7JF188291,Westmont,IL
42910,60535,Unspecified,2018,5YJ3E1EB5JF145309,Grand Rapids,MI
45950,21642,Unspecified,2018,5YJ3E1EB7JF093522,Chicago,IL
45995,28302,Unspecified,2018,5YJ3E1EB9JF178717,Long Beach,CA
44952,14889,Unspecified,2019,5YJ3E1EA0KF395999,Florida City,FL
38888,13183,Unspecified,2019,5YJ3E1EA1KF296592,FREMONT,CA
44900,28091,Unspecified,2018,5YJ3E1EB1JF151334,San Francisco,CA
41002,26499,Unspecified,2018,5YJ3E1EA0JF018880,Powell,WY
45995,28059,Unspecified,2018,5YJ3E1EB3JF103981,Shelby Township,MI
37999,25429,Unspecified,2018,5YJ3E1EAXJF033063,Newark,NJ
46587,18214,Unspecified,2018,5YJ3E1EB0JF103209,MILWAUKEE,WI
49795,11824,Unspecified,2019,5YJ3E1EB7KF477835,Rochester,MN
41987,11476,Unspecified,2020,5YJ3E1EA5LF476370,Stratham,NH
37999,33388,Unspecified,2018,5YJ3E1EA4JF162254,Worthington,OH
40945,13558,Unspecified,2018,5YJ3E1EAXJF163828,San Rafael,CA
41991,3001,Unspecified,2019,5YJ3E1EA9KF483627,Buffalo,NY
40999,33873,Unspecified,2018,5YJ3E1EA5JF018230,Lynnwood,WA
44250,10130,Unspecified,2019,5YJ3E1EA2KF402273,Port Huron,MI
48470,13334,Unspecified,2019,5YJ3E1EB7KF194593,Naperville,IL
45500,19663,Unspecified,2019,5YJ3E1EA3KF400631,Tyler,TX
42999,19318,Unspecified,2018,5YJ3E1EA7JF168338,Dallas,TX
44900,40494,Unspecified,2019,5YJ3E1EB4KF481468,Katy,TX
43199,14404,Unspecified,2018,5YJ3E1EA1JF006074,Seattle,WA
43978,74411,Unspecified,2018,5YJ3E1EB0JF144309,Austintown,OH
44932,26256,Unspecified,2019,5YJ3E1EA3KF317863,North Charleston,SC
48551,9696,Unspecified,2018,5YJ3E1EB4JF097656,Newnan,GA
42977,18417,Unspecified,2019,5YJ3E1EA2KF436441,Carrollton,TX
44995,4298,Unspecified,2020,5YJ3E1EA2LF717737,Honolulu,HI
42000,16494,Unspecified,2019,5YJ3E1EA2KF395759,Tacoma,WA
42999,38371,Unspecified,2019,5YJ3E1EAXKF309081,Daly City,CA
40290,38175,Unspecified,2018,5YJ3E1EA7JF108303,Berkeley,CA
49998,8755,Unspecified,2019,5YJ3E1EBXKF364655,Grants Pass,OR
41999,36414,Unspecified,2018,5YJ3E1EA5JF007955,South Jordan,UT
42000,26747,Unspecified,2019,5YJ3E1EA7KF402351,Phoenix,AZ
38995,47525,Unspecified,2019,5YJ3E1EA2KF300939,Chowchilla,CA
38900,30479,Unspecified,2019,5YJ3E1EA6KF428309,Peabody,MA
42990,14841,Unspecified,2018,5YJ3E1EA0JF172070,ANAHEIM,CA
42818,31720,Unspecified,2018,5YJ3E1EA4JF173576,Florida City,FL
46753,33963,Unspecified,2019,5YJ3E1EB7KF465118,Westwood,MA
43990,12474,Unspecified,2020,5YJ3E1EA5LF612559,Plano,TX
42460,19700,Unspecified,2018,5YJ3E1EA9JF153419,Fort Lauderdale,FL
42490,45647,Unspecified,2018,5YJ3E1EB9JF096583,South Jordan,UT
46788,4705,Unspecified,2020,5YJ3E1EA2LF662741,Franklin,TN
44490,59076,Unspecified,2018,5YJ3E1EB4JF090447,Naperville,IL
43999,13100,Unspecified,2019,5YJ3E1EA3KF435332,Delray Beach,FL
47997,40891,Unspecified,2019,5YJ3E1EBXKF391712,Bloomington,IL
50599,5422,Unspecified,2019,5YJ3E1EBXKF452203,Burnsville,MN
42900,30424,Unspecified,2018,5YJ3E1EA5JF010760,Mobile,AL
49928,16965,Unspecified,2019,5YJ3E1EB6KF196982,Sewell,NJ
51988,9205,Unspecified,2019,5YJ3E1EB1KF493951,Green Brook,NJ
49995,17993,Unspecified,2018,5YJ3E1EB3JF132610,Laguna Beach,CA
40998,61702,Unspecified,2018,5YJ3E1EAXJF011189,South Jordan,UT
51988,17895,Unspecified,2019,5YJ3E1EB6KF513529,Kalamazoo,MI
45995,3855,Unspecified,2020,5YJ3E1EA7LF660516,Irving,TX
43999,41699,Unspecified,2018,5YJ3E1EA5JF109384,Dallas,TX
43888,25992,Unspecified,2019,5YJ3E1EAXKF399560,Oxnard,CA
45995,11524,Unspecified,2019,5YJ3E1EA5KF400677,Irving,TX
49977,24776,Unspecified,2019,5YJ3E1EB9KF493907,Carrollton,TX
44993,17431,Unspecified,2018,5YJ3E1EA4JF126161,Dallas,TX
42500,11539,Unspecified,2019,5YJ3E1EAXKF509751,South San Francisco,CA
38950,21189,Unspecified,2019,5YJ3E1EA9KF306365,Whittier,CA
51500,14252,Unspecified,2019,5YJ3E1EB2KF384219,Chicago,IL
41980,5386,Unspecified,2020,5YJ3E1EA9LF800713,Redwood City,CA
45614,14555,Unspecified,2019,5YJ3E1EA8KF416159,Long Beach,CA
42674,47538,Unspecified,2018,5YJ3E1EA5JF157905,Florida City,FL
43000,15963,Unspecified,2019,5YJ3E1EA1KF322818,Scottsdale,AZ
50892,18255,Unspecified,2019,5YJ3E1EB6KF208578,Houston,TX
44880,16164,Unspecified,2020,5YJ3E1EA9LF661442,Plano,TX
37999,58748,Unspecified,2018,5YJ3E1EA6JF118546,Tumwater,WA
49500,11774,Unspecified,2019,5YJ3E1EB3KF477671,Glenview,IL
46000,27364,Unspecified,2018,5YJ3E1EA7JF046269,Cincinnati,OH
50998,22219,Unspecified,2019,5YJ3E1EB2KF469318,South Jordan,UT
48000,3108,Unspecified,2020,5YJ3E1EA5LF797311,Jacksonville,FL
42891,12657,Unspecified,2020,5YJ3E1EA9LF745440,San Diego,CA
43995,21748,Unspecified,2020,5YJ3E1EA1LF504214,Madison,TN
47680,21027,Unspecified,2019,5YJ3E1EA5KF327293,Pensacola,FL
46995,27213,Unspecified,2018,5YJ3E1EB1JF111500,Long Beach,CA
44150,47010,Unspecified,2019,5YJ3E1EBXKF510844,Wilton,CT
46500,35126,Unspecified,2018,5YJ3E1EA1JF002848,Lincoln,NE
49995,55283,Unspecified,2018,5YJ3E1EB3JF072683,Lincoln,NE
44990,13704,Unspecified,2019,5YJ3E1EA1KF190434,Dallas,TX
54825,9400,Unspecified,2019,5YJ3E1EBXKF530057,Hinsdale,IL
49500,31921,Unspecified,2018,5YJ3E1EB7JF081547,Scottsdale,AZ
46880,21850,Unspecified,2019,5YJ3E1EA0KF407116,Plano,TX
42999,21882,Unspecified,2020,5YJ3E1EA1LF634610,Hollywood,CA
46500,4128,Unspecified,2020,5YJ3E1EA3LF738077,Pittsfield,MA
41060,24543,Unspecified,2018,5YJ3E1EAXJF013685,Minneapolis,MN
46499,44055,Unspecified,2018,5YJ3E1EA4JF051414,Owasso,OK
40999,24166,Unspecified,2020,5YJ3E1EA6LF495865,Poughkeepsie,NY
39977,60904,Unspecified,2018,5YJ3E1EA7JF167643,Carrollton,TX
45015,24600,Unspecified,2018,5YJ3E1EA6JF070353,Florida City,FL
44480,6384,Unspecified,2020,5YJ3E1EA6LF715893,Plano,TX
57995,18872,Unspecified,2019,5YJ3E1EBXKF487422,Jacksonville,AR
51995,24837,Unspecified,2018,5YJ3E1EB1JF181272,Elk Grove,CA
48261,26477,Unspecified,2019,5YJ3E1EB9KF388610,Newport Beach,CA
43880,12529,Unspecified,2020,5YJ3E1EA2LF422217,Plano,TX
39999,28833,Unspecified,2019,5YJ3E1EA8KF301688,Nixa,MO
47238,20784,Unspecified,2018,5YJ3E1EA4JF070982,Augusta,GA
58132,33939,Unspecified,2019,5YJ3E1EB6KF530248,Augusta,GA
46991,26109,Unspecified,2019,5YJ3E1EA0KF395548,Houston,TX
52780,29950,Unspecified,2018,5YJ3E1EB2JF094352,Fort Pierce,FL
38991,52226,Unspecified,2018,5YJ3E1EA4JF046262,Stuart,FL
46798,21174,Unspecified,2019,5YJ3E1EB1KF493870,Fort Worth,TX
47921,39231,Unspecified,2018,5YJ3E1EB1JF089059,North Charleston,SC
49995,47894,Unspecified,2019,5YJ3E1EB7KF434127,Fayetteville,NC
39949,20200,Unspecified,2019,5YJ3E1EA1KF401888,Dickson,TN
52950,24152,Unspecified,2019,5YJ3E1EB6KF487224,Madison Heights,MI
49900,41316,Unspecified,2019,5YJ3E1EB2KF494459,Northbrook,IL
53490,10928,Unspecified,2019,5YJ3E1EB0KF451013,Naperville,IL
41995,11210,Unspecified,2019,5YJ3E1EA6KF410070,N/A,N/A
47248,14245,Unspecified,2020,5YJ3E1EA6LF606446,N/A,N/A
40991,30493,Unspecified,2020,5YJ3E1EA8LF660315,N/A,N/A
43995,5725,Unspecified,2020,5YJ3E1EA5LF591213,N/A,N/A
52995,6748,Unspecified,2018,5YJ3E1EB3JF180950,N/A,N/A
49894,14537,Unspecified,2019,5YJ3E1EB9KF194501,N/A,N/A
41000,27172,Unspecified,2019,5YJ3E1EA8KF395183,N/A,N/A
43730,3780,Unspecified,2019,5YJ3E1EAXKF409844,N/A,N/A
45991,6423,Unspecified,2020,5YJ3E1EA8LF783788,N/A,N/A
51999,26749,Unspecified,2018,5YJ3E1EB8JF130464,N/A,N/A
50999,18184,Unspecified,2018,5YJ3E1EA6JF026367,N/A,N/A
