Price,Miles,Trim,Year,Vin,City,State
227777,44413,LP700,2013,ZHWUC1ZD7DLA01343,Newport Beach,CA
249800,25115,LP700,2012,ZHWUC1ZDXCLA00119,Lisle,IL
259995,11505,LP700,2012,ZHWUC1ZD6CLA00926,Bonita Springs,FL
334900,20480,LP700,2017,ZHWUR1ZDXHLA05715,Beverly Hills,CA
269900,17222,LP700,2013,ZHWUC1ZD5DLA01678,Hillside,NJ
318777,19353,LP700,2015,ZHWUR1ZD9FLA03094,Boerne,TX
395951,375,LP700,2015,ZHWUR1ZD5FLA03626,West Palm Beach,FL
304979,24106,LP700,2015,ZHWUR1ZD9FLA03371,Barrington,IL
330000,2664,LP700,2013,ZHWUR1ZD6DLA01686,Madera,CA
279995,9402,LP700,2013,ZHWUC1ZD8DLA01772,Paramus,NJ
254995,18236,LP700,2012,ZHWUC1ZDXCLA00122,Orlando,FL
335900,5275,LP700,2014,ZHWUR1ZD8ELA02677,Addison,TX
339995,7482,LP700,2015,ZHWUC1ZD9FLA03744,Birmingham,MI
299998,11986,LP700,2013,ZHWUC1ZDXDLA01790,Lauderdale Lakes,FL
440000,7783,LP700,2016,ZHWUR1ZD3GLA04291,Las Vegas,NV
365000,7000,LP700,2014,ZHWUR1ZD3ELA02716,Palm Desert,CA
338777,8825,LP700,2014,ZHWUR1ZD1ELA02892,Boerne,TX
289950,21198,LP700,2013,ZHWUC1ZD2DLA01699,Miami,FL
329950,14217,LP700,2014,ZHWUR1ZD9ELA02185,Miami,FL
339950,12874,LP700,2015,ZHWUC1ZD1FLA03107,Miami,FL
324899,15494,LP700,2015,ZHWUR1ZD6FLA03618,N/A,N/A
454988,1593,S,2018,ZHWUV4ZD3JLA07728,Garland,TX
479995,4567,S,2019,ZHWUV4ZD3KLA07889,Bonita Springs,FL
445000,1585,S,2018,ZHWUG4ZD5JLA07563,Addison,TX
478000,776,S,2019,ZHWUV4ZD7KLA08222,Sterling,VA
489996,9543,S,2018,ZHWUV4ZD4JLA07172,Charlotte,NC
409950,8176,S,2018,ZHWUG4ZD4JLA06582,Fort Lauderdale,FL
750000,2438,SVJ,2020,ZHWUN6ZD5LLA09639,N Miami Beach,FL
689900,1602,SVJ,2020,ZHWUM6ZD1LLA09138,Greenwich,CT
650000,3380,SVJ,2020,ZHWUM6ZDXLLA09221,Blair,NE
590000,3953,SVJ,2019,ZHWUM6ZD1KLA08571,Hamburg,PA
549990,7201,SVJ,2019,ZHWUM6ZD7KLA07912,Las Vegas,NV
474977,7985,LP750,2016,ZHWUF3ZD5GLA04975,Charlotte,NC
519996,7980,LP750,2016,ZHWUF3ZD1GLA04858,Charlotte,NC
469995,8647,LP750,2016,ZHWUF3ZD6GLA04872,Bonita Springs,FL
579998,2797,LP750,2017,ZHWUT3ZD2HLA05480,Marietta,GA
