Price,Miles,Trim,Year,Vin,City,State
207533,8523,LP580,2018,ZHWUC2ZF6JLA10084,Elyria,OH
199950,21030,LP580,2017,ZHWUC2ZF0HLA06221,Venice,FL
239998,427,LP580,2018,ZHWUC2ZF3JLA09216,Wayland,MA
215999,15582,LP580,2018,ZHWUC2ZF7JLA08604,Saint Clair Shores,MI
204997,33586,LP580,2017,ZHWUR2ZF0HLA06847,Lehi,UT
209900,10700,LP580,2017,ZHWUC2ZF0HLA06865,Springfield,MO
214997,2988,LP580,2016,ZHWUC2ZFXGLA05186,Miami,FL
220453,12168,LP580,2017,ZHWUR2ZF4HLA07404,Sarasota,FL
204750,30355,LP580,2016,ZHWUC2ZF0GLA04550,Spring,TX
197500,22281,LP580,2016,ZHWUC2ZF4GLA04633,Canton,OH
224998,5950,LP580,2017,ZHWUR2ZF0HLA06489,Rancho Cordova,CA
245900,3558,LP580,2019,ZHWUC2ZF0KLA12768,Boerne,TX
218875,10385,LP580,2017,ZHWUC2ZF6HLA06093,Henderson,NV
249990,7780,LP580,2019,ZHWUC2ZF5KLA11535,Dallas,TX
218888,5235,LP580,2017,ZHWUC2ZF6HLA06949,Dublin,CA
230995,4844,LP580,2018,ZHWUC2ZFXJLA10718,Paramus,NJ
239500,14974,LP580,2019,ZHWUR2ZF6KLA11428,Atlanta,GA
258000,3990,LP580,2018,ZHWUC2ZF5JLA10402,Quincy,MA
244996,5820,LP580,2018,ZHWUR2ZF3JLA09456,Charlotte,NC
245000,6379,LP580,2019,ZHWUC2ZF4KLA12322,Brentwood,TN
229900,5844,LP580,2018,ZHWUC2ZF6JLA09453,Brighton,MA
228800,4624,LP580,2017,ZHWUC2ZF4HLA07923,Miami,FL
232490,5336,LP580,2019,ZHWUC2ZF2KLA12447,Quincy,MA
239995,3933,LP580,2019,ZHWUC2ZF2KLA12092,Houston,TX
299001,21294,LP580,2017,ZHWUR2ZF1HLA05903,Brooklyn,NY
222996,12894,LP580,2017,ZHWUC2ZF4HLA08103,Charlotte,NC
249990,8278,LP580,2019,ZHWUC2ZF8KLA11237,Dallas,TX
259775,3709,LP580,2019,ZHWUC2ZF5KLA11342,Willowbrook,IL
239995,2826,LP580,2017,ZHWUC2ZFXHLA05982,Birmingham,MI
239000,16050,LP580,2017,ZHWUR2ZF5HLA07850,Richardson,TX
214996,19016,LP580,2016,ZHWCC2ZF8GLA05005,Charlotte,NC
229800,7891,LP580,2017,ZHWUC2ZF2HLA05880,Las Vegas,NV
227995,15335,LP580,2016,ZHWUC2ZF6GLA04570,Paramus,NJ
254995,3253,LP580,2019,ZHWUC2ZFXKLA11966,N/A,N/A
213000,8840,LP580,2019,ZHWUC2ZF6KLA11351,N/A,N/A
199000,4547,LP580,2018,ZHWUC2ZF3JLA10396,N/A,N/A
204908,8670,LP610,2015,ZHWUC1ZF1FLA01021,Sarasota,FL
187212,39439,LP610,2015,ZHWUC1ZF7FLA00553,Cayce,SC
259977,3023,LP610,2017,ZHWUR1ZF6HLA05695,Barrington,IL
259900,10309,LP610,2017,ZHWUR1ZF9HLA05836,Beverly Hills,CA
212995,18166,LP610,2015,ZHWUC1ZF2FLA01643,Wallingford,CT
206999,11828,LP610,2015,ZHWUC1ZF9FLA02580,Orlando,FL
219000,6253,LP610,2015,ZHWUC1ZF1FLA03366,Davie,FL
234900,12684,LP610,2015,ZHWUC1ZF1FLA01195,Greenwich,CT
207000,15897,LP610,2015,ZHWUC1ZF7FLA00665,Canton,OH
218499,11672,LP610,2016,ZHWUC1ZF0GLA04218,Streetsboro,OH
209998,33915,LP610,2015,ZHWUC1ZF7FLA02500,Lauderdale Lakes,FL
218895,9987,LP610,2015,ZHWUC1ZFXFLA02006,Great Neck,NY
209900,32502,LP610,2015,ZHWUC1ZF9FLA02806,Evansville,IN
205000,24040,LP610,2015,ZHWUC1ZF7FLA01119,Canton,OH
239950,6915,LP610,2016,ZHWUC1ZF3GLA03757,Fort Lauderdale,FL
226912,43767,LP610,2015,ZHWUC1ZF4FLA01479,Cayce,SC
223000,14549,LP610,2016,ZHWUC1ZFXGLA03920,Ramsey,NJ
209995,13781,LP610,2015,ZHWUC1ZF7FLA02948,Addison,TX
231000,5038,LP610,2015,ZHWUC1ZF1FLA00872,Dublin,OH
259777,10905,LP610,2017,ZHWUR1ZF4HLA06053,Boerne,TX
199995,31250,LP610,2015,ZHWUC1ZF1FLA00953,Glendale Heights,IL
219950,6602,LP610,2015,ZHWUC1ZF3FLA03420,Miami,FL
219888,18700,LP610,2015,ZHWUC1ZF6FLA01502,Las Vegas,NV
239995,17907,LP610,2016,ZHWUR1ZF5GLA05346,Addison,TX
229997,4273,LP610,2015,ZHWUC1ZF5FLA02463,Charlotte,NC
229000,12200,LP610,2016,ZHWUC1ZF6GLA04241,Ontario,CA
210987,20780,LP610,2015,ZHWUC1ZF9FLA01901,Lewisville,TX
259995,6347,LP610,2016,ZHWUR1ZF8GLA05244,Bonita Springs,FL
239996,8239,LP610,2015,ZHWUC1ZF1FLA01312,Charlotte,NC
224996,11579,LP610,2015,ZHWUC1ZF5FLA01507,Charlotte,NC
229888,17474,LP610,2015,ZHWUC1ZF1FLA03092,San Diego,CA
219998,42468,LP610,2015,ZHWUC1ZF7FLA00682,Lauderdale Lakes,FL
219900,18862,LP610,2015,ZHWUC1ZF5FLA02110,Brighton,MA
204700,14300,LP610,2015,ZHWCC1ZF3FLA01436,Rahway,NJ
249990,17885,LP610,2015,ZHWUC1ZF6FLA00706,N/A,N/A
325000,3100,Performante,2019,ZHWUS4ZF2KLA11541,Las Vegas,NV
299900,16905,Performante,2018,ZHWUD4ZF4JLA08990,Addison,TX
339800,2966,Performante,2019,ZHWUD4ZFXKLA11524,Atlanta,GA
354951,8040,Performante,2019,ZHWUS4ZFXKLA12632,West Palm Beach,FL
329989,2160,Performante,2018,ZHWUD4ZF9JLA09939,Barrington,IL
323777,2959,Performante,2018,ZHWUD4ZF3JLA08379,Boerne,TX
321996,6727,Performante,2018,ZHWUD4ZFXJLA11103,Hamburg,PA
339000,2919,Performante,2018,ZHWUS4ZFXJLA11172,Pompano Beach,FL
325977,6030,Performante,2018,ZHWUD4ZF0JLA08226,Barrington,IL
302900,22415,Performante,2018,ZHWUS4ZF4JLA11099,Brighton,MA
327777,2595,Performante,2018,ZHWUD4ZF5JLA08402,Boerne,TX
329995,7589,Performante,2018,ZHWUD4ZFXJLA08265,Edmond,OK
317855,9154,Performante,2018,ZHWUD4ZF0JLA09215,Des Plaines,IL
329979,15376,Performante,2018,ZHWUD4ZF2JLA11127,Marietta,GA
324996,9768,Performante,2018,ZHWCD4ZF5JLA08766,Charlotte,NC
332900,7840,Performante,2018,ZHWUD4ZF6JLA08666,Boca Raton,FL
324996,14367,Performante,2018,ZHWCD4ZF3JLA09916,Charlotte,NC
344996,4443,Performante,2019,ZHWCD4ZF5KLA12365,Charlotte,NC
326000,11554,Performante,2018,ZHWUD4ZF4JLA09041,JACKSONVILLE,FL
324996,13192,Performante,2018,ZHWCD4ZF9JLA10276,Charlotte,NC
327456,11930,Performante,2018,ZHWCD4ZF7JLA08493,Charlotte,NC
349985,15398,Performante,2018,ZHWUD4ZF3JLA09029,Paramus,NJ
354996,5434,Performante,2018,ZHWCD4ZF2JLA09261,Charlotte,NC
273888,11268,Unspecified,2020,ZHWUF4ZF3LLA13272,Fort Lauderdale,FL
299877,7018,Unspecified,2020,ZHWUT4ZF2LLA12820,Downers Grove,IL
249995,30200,Unspecified,2020,ZHWUF4ZF3LLA13031,Houston,TX
308922,3865,Unspecified,2020,ZHWUT4ZF9LLA13415,Downers Grove,IL
309999,1368,Unspecified,2020,ZHWUF4ZF6LLA13993,Charlotte,NC
299496,1682,Unspecified,2020,ZHWUF4ZF5LLA13676,Charlotte,NC
299951,710,Unspecified,2020,ZHWUT5ZF5LLA15197,West Palm Beach,FL
299800,5827,Unspecified,2020,ZHWUF4ZF1LLA13867,Las Vegas,NV
289950,6487,Unspecified,2020,ZHWUF4ZF9LLA12546,Miami,FL
282999,1255,Unspecified,2020,ZHWUT5ZF6LLA15564,Greensboro,NC
268985,4376,Unspecified,2020,ZHWUF5ZFXLLA15154,Des Plaines,IL
282900,1850,Unspecified,2020,ZHWUF5ZF5LLA14459,Addison,TX
299900,1264,Unspecified,2021,ZHWUF5ZF3MLA15840,Pompano Beach,FL
269995,724,Unspecified,2021,ZHWUF5ZF4MLA16561,Bonita Springs,FL
259995,12176,Unspecified,2020,ZHWUF5ZF0LLA15177,Lititz,PA
299895,6517,Unspecified,2020,ZHWUF4ZF7LLA13789,Great Neck,NY
309000,6686,Unspecified,2020,ZHWUF4ZF5LLA12740,Pompano Beach,FL
327450,2456,Unspecified,2020,ZHWUT4ZF4LLA14245,Palatine,IL
369995,1611,Unspecified,2021,ZHWUF4ZF1MLA15958,Bonita Springs,FL
274888,5149,Unspecified,2020,ZHWUT5ZF2LLA15366,Boerne,TX
299977,3220,Unspecified,2020,ZHWUF4ZF8LLA13591,Charlotte,NC
309000,7218,Unspecified,2020,ZHWUF4ZF0LLA13245,Pompano Beach,FL
252996,4021,Unspecified,2018,ZHWCC1ZF9JLA08674,Charlotte,NC
279900,2230,Unspecified,2020,ZHWUF5ZFXLLA14912,Brighton,MA
279991,692,Unspecified,2021,ZHWUF5ZF1MLA16047,Plano,TX
279985,2616,Unspecified,2020,ZHWUT5ZF9LLA15171,Palm Harbor,FL
289995,3312,Unspecified,2020,ZHWUT4ZF3LLA13653,N/A,N/A
