Price,Miles,Trim,Year,Vin,City,State,Link Status
89990,23802,Performance,2019,5YJSA1E48KF331291,Minneapolis,MN,Working
31590,82118,Performance,2012,5YJSA1DP6CFP03031,Tucson,AZ,Working
35709,54304,Performance,2013,5YJSA1DP5DFP18282,East Petersburg,PA,Working
85990,24118,Performance,2019,5YJSA1E4XKF300348,Charlotte,NC,Working
39722,35697,Performance,2013,5YJSA1DP0DFP09151,Augusta,GA,Working
87495,11610,Performance,2019,5YJSA1E40KF331902,Conshohocken,PA,Working
42999,20359,Performance,2013,5YJSA1DP2DFP28039,Roswell,GA,Working
94155,14534,Performance,2019,5YJSA1E43KF307531,Orlando,FL,Working
35977,70595,Performance,2013,5YJSA1DP6DFP08859,Carrollton,TX,Working
40990,13236,Performance,2013,5YJSA1DP3DFP20760,Raleigh,NC,Working
37958,54465,Performance,2013,5YJSA1CPXDFP08784,Dallas,TX,Working
36999,60229,Performance,2013,5YJSA1DP5DFP13616,Roswell,GA,Working
36999,72913,Performance,2013,5YJSA1CP3DFP27712,Dallas,TX,Working
31995,65993,Performance,2013,5YJSA1CP9DFP26158,Wall Township,NJ,Working
39995,45560,Performance,2013,5YJSA1DP5DFP04642,Wichita,KS,Working
30988,123908,Performance,2013,5YJSA1DG9DFP03848,Austin,TX,Working
36993,61993,Performance,2013,5YJSA1DP4DFP08858,Dallas,TX,Working
34999,57379,Performance,2013,5YJSA1DP3DFP20967,Roswell,GA,Working
35995,67605,Performance,2013,5YJSA1DP7DFP07882,Leesburg,VA,Working
37973,38220,Performance,2013,5YJSA1DN6DFP09900,Dallas,TX,Working
35999,65253,Performance,2013,5YJSA1CNXDFP19640,Dallas,TX,Working
36999,65309,Performance,2013,5YJSA1DPXDFP17483,Dallas,TX,Working
92981,16561,Performance,2020,5YJSA1E47LF378894,Libertyville,IL,Working
34900,89325,Performance,2013,5YJSA1CP4DFP05394,Carrollton,TX,Working
38753,61083,Performance,2013,5YJSA1CP0DFP07319,Pomona,CA,Working
38000,56640,Performance,2013,5YJSA1DP1DFP10566,Van Nuys,CA,Working
94927,17732,Performance,2020,5YJSA1E40LF358356,Portland,OR,Working
99999,13973,Performance,2021,5YJSA1E49MF418801,Des Plaines,IL,Working
36990,63313,Performance,2013,5YJSA1DP4DFP06513,Portland,OR,Working
26998,244835,Performance,2013,5YJSA1DN6DFP07385,Tampa,FL,Working
35989,108364,Performance,2013,5YJSA1CP1DFP16224,Berkeley Lake,GA,Working
99900,14783,Performance,2020,5YJSA1E47LF415653,Lincoln,NE,Working
34999,109591,Performance,2013,5YJSA1DP8DFP06434,Denver,CO,Working
41500,60233,Performance,2013,5YJSA1DP8DFP13187,Phoenix,AZ,Working
37990,83399,Performance,2013,5YJSA1CP9DFP25625,Fishers,IN,Working
95900,26915,Performance,2019,5YJSA1E43KF330372,Lincoln,NE,Working
31995,73218,Performance,2013,5YJSA1DP6DFP12734,Stafford,VA,Working
36499,65600,Performance,2013,5YJSA1CP4DFP13026,Norco,CA,Working
41000,19281,Performance,2013,5YJSA1DN4DFP22029,Mckinney,TX,Working
89888,19752,Performance,2020,5YJSA1E47LF362503,Egg Harbor Township,NJ,Working
37988,74122,Performance,2013,5YJSA1DP3DFP03330,Seattle,WA,Working
105900,23667,Performance,2020,5YJSA1E41LF389101,Lincoln,NE,Working
97900,21068,Performance,2020,5YJSA1E43LF380948,Lincoln,NE,Working
102900,11528,Performance,2020,5YJSA1E43LF360070,Lincoln,NE,Working
98989,10362,Performance,2020,5YJSA1E4XLF414965,Carrollton,TX,Working
88999,14588,Performance,2019,5YJSA1E44KF332096,Houston,TX,Working
27999,105027,Performance,2012,5YJSA1DP4CFP03139,Maple Shade,NJ,Working
34988,78972,Performance,2012,5YJSA1CPXCFP01879,Seattle,WA,Working
29991,108349,Performance,2013,5YJSA1DG9DFP14705,Austin,TX,Working
34998,80164,Performance,2013,5YJSA1DN5DFP27949,Blackwood,NJ,Working
36988,89845,Performance,2013,5YJSA1DP7DFP04156,Seattle,WA,Working
37977,54376,Performance,2013,5YJSA2CP1DFP16892,Carrollton,TX,Working
37995,54512,Performance,2013,5YJSA1DP0DFP14124,N/A,N/A,Working
98950,5672,Performance,2020,5YJSA1E47LF411280,N/A,N/A,Working
53999,44923,100D,2017,5YJSA1E22HF217326,Tampa,FL,Working
79590,22893,100D,2019,5YJSA1E24KF310369,Countryside,IL,Working
57500,57844,100D,2017,5YJSA1E28HF200899,Union City,GA,Working
68999,45660,100D,2017,5YJSA1E41HF217142,Maple Shade,NJ,Working
69999,27525,100D,2018,5YJSA1E20JF244319,North Lauderdale,FL,Working
59989,58539,100D,2017,5YJSA1E28HF200269,Carrollton,TX,Working
65590,26550,100D,2018,5YJSA1E24JF259406,Austin,TX,Working
80499,12351,100D,2019,5YJSA1E2XKF307427,Las Vegas,NV,Working
69990,15544,100D,2018,5YJSA1E25JF268387,Fresno,CA,Working
56499,47666,100D,2017,5YJSA1E25HF200956,Jacksonville,FL,Working
66995,26307,100D,2018,5YJSA1E28JF258792,Grapevine,TX,Working
59999,62754,100D,2017,5YJSA1E20HF199022,Memphis,TN,Working
61900,75674,100D,2018,5YJSA1E22JF276754,Westmont,IL,Working
69990,27358,100D,2017,5YJSA1E20HF224498,Minneapolis,MN,Working
67500,53156,100D,2018,5YJSA1E2XJF274542,Lincoln,NE,Working
64989,37703,100D,2017,5YJSA1E24HF185172,Carrollton,TX,Working
46899,74904,100D,2017,5YJSA1E27HF204281,Santa Ana,CA,Working
67990,58255,100D,2018,5YJSA1E23JF248025,Costa Mesa,CA,Working
67500,20596,100D,2017,5YJSA1E22HF230013,Lincoln,NE,Working
62590,61034,100D,2018,5YJSA1E26JF243546,Lincoln,NE,Working
63990,23448,100D,2017,5YJSA1E22HF203720,Plano,TX,Working
59989,80369,100D,2018,5YJSA1E25JF248155,Carrollton,TX,Working
64995,32569,100D,2018,5YJSA1E29JF244061,Medford,OR,Working
62999,46909,100D,2017,5YJSA1E22HF219593,Roswell,GA,Working
79985,8191,100D,2018,5YJSA1E23JF245965,Alexandria,VA,Working
65980,44484,100D,2017,5YJSA1E29HF185104,Denver,CO,Working
72000,16013,100D,2018,5YJSA1E25JF247457,Phoenix,AZ,Working
63995,34778,100D,2018,5YJSA1E27JF286535,Parsippany,NJ,Working
65989,39911,100D,2017,5YJSA1E26HF229690,Carrollton,TX,Working
67989,18104,100D,2017,5YJSA1E28HF200952,Carrollton,TX,Working
73999,7479,100D,2018,5YJSA1E20JF300209,Roswell,GA,Working
76150,12667,100D,2018,5YJSA1E25JF291278,Dearborn,MI,Working
96575,20491,100D,2018,5YJSA1E47JF234078,Dearborn,MI,Working
67799,42644,100D,2017,5YJSA1E23HF220963,Birmingham,AL,Working
62990,57637,100D,2017,5YJSA1E27HF185120,Littleton,CO,Working
66155,16800,100D,2017,5YJSA1E2XHF204436,Barrington,IL,Working
57999,34226,100D,2018,5YJSA1E24JF258630,Jacksonville,FL,Working
59977,54296,100D,2017,5YJSA1E25HF210354,Carrollton,TX,Working
78500,11915,Long-Range,2020,5YJSA1E20LF379660,Placerville,CA,Working
84999,3375,Long-Range,2020,5YJSA1E20LF402287,Bellevue,WA,Working
77588,8070,Long-Range,2019,5YJSA1E25KF344739,Scottsdale,AZ,Working
84995,7623,Long-Range,2020,5YJSA1E28LF391572,Portland,OR,Working
85995,8030,Long-Range,2020,5YJSA1E24LF416189,Peoria,IL,Working
82000,12936,Long-Range,2020,5YJSA1E28LF369197,Plano,TX,Working
79940,19714,Long-Range,2019,5YJSA1E28KF335808,San Jose,CA,Working
86000,1989,Long-Range,2020,5YJSA1E26LF364760,Minneapolis,MN,Working
79901,22819,Long-Range,2019,5YJSA1E2XKF348527,Tempe,AZ,Working
88998,3234,Long-Range,2020,5YJSA1E2XLF412034,Kennewick,WA,Working
82788,647,Long-Range,2020,5YJSA1E26LF363043,Placentia,CA,Working
83750,8850,Long-Range,2020,5YJSA1E28LF414106,Scottsdale,AZ,Working
84992,3775,Long-Range,2020,5YJSA1E23LF399921,Houston,TX,Working
89815,4328,Long-Range,2021,5YJSA1E20MF426333,Ft Mitchell,KY,Working
93000,11334,Long-Range,2020,5YJSA1E27LF365268,Minneapolis,MN,Working
77949,18945,Long-Range,2019,5YJSA1E21KF313763,Buford,GA,Working
88900,12589,Long-Range,2020,5YJSA1E27LF361222,Lincoln,NE,Working
89998,16335,Long-Range,2020,5YJSA1E23LF391589,Vallejo,CA,Working
77914,28972,Long-Range,2019,5YJSA1E24KF340603,Buford,GA,Working
93989,5633,Long-Range,2021,5YJSA1E21MF424168,Carrollton,TX,Working
92976,11419,Long-Range,2021,5YJSA1E20MF426770,Buford,GA,Working
86976,9531,Long-Range,2020,5YJSA1E25LF356326,Buford,GA,Working
86979,9906,Long-Range,2020,5YJSA1E27LF354917,Buford,GA,Working
88976,8042,Long-Range,2020,5YJSA1E29LF366468,Buford,GA,Working
88976,7579,Long-Range,2020,5YJSA1E25LF379721,Buford,GA,Working
89900,10455,Long-Range,2021,5YJSA1E21MF423795,Lincoln,NE,Working
87956,3869,Long-Range,2020,5YJSA1E27LF370826,Buford,GA,Working
93349,12272,Long-Range,2021,5YJSA1E2XMF427084,Long Beach,CA,Working
79976,8880,Long-Range,2019,5YJSA1E23KF337191,Buford,GA,Working
85976,28683,Long-Range,2020,5YJSA1E27LF362659,Buford,GA,Working
89956,10023,Long-Range,2020,5YJSA1E21LF370921,Buford,GA,Working
78770,9806,Long-Range,2020,5YJSA1E20LF399875,N/A,N/A,Working
89992,6838,Long-Range,2020,5YJSA1E26LF415240,N/A,N/A,Working
54999,16250,75D,2018,5YJSA1E20JF244952,Tampa,FL,Working
46590,24677,75D,2017,5YJSA1E29HF200359,Oklahoma City,OK,Working
54990,30235,75D,2018,5YJSA1E25JF253453,Harrisburg,PA,Working
50999,35369,75D,2018,5YJSA1E23JF261437,Roswell,GA,Working
50980,43526,75D,2017,5YJSA1E24HF200382,Denver,CO,Working
54990,15540,75D,2016,5YJSA1E2XGF154684,Minneapolis,MN,Working
62979,13912,75D,2018,5YJSA1E29JF296905,Marietta,GA,Working
55999,32358,75D,2018,5YJSA1E24JF246364,Memphis,TN,Working
53900,21112,75D,2018,5YJSA1E22JF281842,Dallas,TX,Working
47950,76190,75D,2017,5YJSA1E23HF215245,Addison,IL,Working
42999,41131,75D,2017,5YJSA1E28HF214544,Maple Shade,NJ,Working
49984,44874,75D,2016,5YJSA1E21GF153214,Mahopac,NY,Working
58999,13412,75D,2017,5YJSA1E2XHF220068,Birmingham,AL,Working
57585,32333,75D,2018,5YJSA1E24JF261298,Alvin,TX,Working
59771,46162,75D,2018,5YJSA1E25JF243182,Charlotte,NC,Working
58000,22150,75D,2018,5YJSA1E29JF294068,Brookfield,WI,Working
53818,43095,75D,2018,5YJSA1E20JF248774,Chandler,AZ,Working
59897,31257,75D,2018,5YJSA1E25JF275050,Simi Valley,CA,Working
58999,28295,75D,2018,5YJSA1E23JF257064,Dallas,TX,Working
47990,52921,75D,2016,5YJSA1E24GF161971,Dallas,TX,Working
62978,37745,75D,2018,5YJSA1E29JF294054,Marietta,GA,Working
51500,78059,75D,2018,5YJSA1E25JF247538,Lincoln,NE,Working
58991,24750,75D,2018,5YJSA1E2XJF246000,Burien,WA,Working
65999,7234,75D,2018,5YJSA1E29JF257666,Jacksonville,FL,Not Working
50888,41840,75D,2016,5YJSA1E24GF157497,Redondo Beach,CA,Working
54999,53820,75D,2017,5YJSA1E23HF225340,Birmingham,AL,Working
55899,23044,75D,2018,5YJSA1E22JF259145,Tampa,FL,Working
53499,70546,75D,2017,5YJSA1E25HF230569,Birmingham,AL,Working
51000,43178,75D,2016,5YJSA1E2XGF148254,Dallas,TX,Working
56999,27636,75D,2018,5YJSA1E23JF247912,Tampa,FL,Working
51999,51289,75D,2017,5YJSA1E20HF191017,Memphis,TN,Working
67990,29250,75D,2019,5YJSA1E29KF299806,Portland,OR,Working
48990,79668,75D,2017,5YJSA1E29HF185667,N/A,N/A,Working
49980,9366,P85D,2014,5YJSA1H29EFP65055,Tampa,FL,Working
48997,41239,P85D,2015,5YJSA1H20FF095302,Sunbury,PA,Working
46988,48161,P85D,2014,5YJSA1H29EFP62270,Bellevue,WA,Working
43999,58672,P85D,2014,5YJSA1H23EFP62703,Branford,CT,Working
45989,63344,P85D,2014,5YJSA1H2XEFP66800,Carrollton,TX,Working
50998,43746,P85D,2014,5YJSA1H25EFP64260,Tempe,AZ,Working
46577,57616,P85D,2014,5YJSA1H20EFP68460,Carrollton,TX,Working
49987,68198,P85D,2015,5YJSA1H26FFP77830,Buffalo Grove,IL,Working
44995,68586,P85D,2014,5YJSA1H28EFP62521,Cincinnati,OH,Working
44975,75088,P85D,2014,5YJSA1H21EFP63994,Buffalo Grove,IL,Working
47888,69531,P85D,2015,5YJSA1H42FF091821,Dublin,CA,Working
43993,86064,P85D,2015,5YJSA1H21FFP69022,Kirkland,WA,Working
53724,26907,P85D,2015,5YJSA1H46FF084435,Pineville,NC,Working
49300,21296,P85D,2014,5YJSA1H25EFP62587,South San Francisco,CA,Working
49990,77098,P85D,2014,5YJSA1H27EFP64163,Fishers,IN,Working
44900,64062,P85D,2014,5YJSA1H2XEFP64545,Somerville,NJ,Working
44977,70994,P85D,2014,5YJSA1H20EFP62500,Carrollton,TX,Working
46900,81372,P85D,2014,5YJSA1H2XEFP62598,Lincoln,NE,Working
46999,74837,P85D,2014,5YJSA1H27EFP62610,Dallas,TX,Working
52900,58464,P85D,2014,5YJSA1H29EFP62706,Lincoln,NE,Working
47995,57883,P85D,2014,5YJSA1H21EFP64742,Dallas,TX,Working
49900,79255,P85D,2015,5YJSA4H45FF080538,Lincoln,NE,Working
44976,89316,P85D,2015,5YJSA1H24FFP68592,Buford,GA,Working
35995,69531,85,2014,5YJSA1H17EFP52859,Coral Springs,FL,Working
36999,66416,85,2014,5YJSA1H12EFP55975,Memphis,TN,Working
35989,69043,85,2014,5YJSA1H1XEFP63547,Carrollton,TX,Working
34590,73199,85,2015,5YJSA1H16FFP78953,Houston,TX,Working
35599,51119,85,2014,5YJSA1H12EFP62263,Birmingham,AL,Working
42999,52140,85,2015,5YJSA1H15FFP77048,Dallas,TX,Working
37952,53165,85,2014,5YJSA1H16EFP47927,Lewisville,TX,Working
34799,77338,85,2014,5YJSA1H1XEFP38101,Birmingham,AL,Working
42950,35101,85,2014,5YJSA1H15EFP36823,Bellevue,WA,Working
32988,97119,85,2014,5YJSA1H1XEFP32444,Seattle,WA,Working
36990,56369,85,2014,5YJSA1H18EFP43569,Saint George,UT,Working
41000,46361,85,2014,5YJSA1H18EFP56466,Union City,GA,Working
37989,74227,85,2014,5YJSA1H12EFP60965,Carrollton,TX,Working
42989,30635,85,2014,5YJSA1H1XEFP53908,Carrollton,TX,Working
33991,71352,85,2014,5YJSA1H12EFP56303,Dallas,TX,Working
35987,116508,85,2015,5YJSA1H10FFP71481,Huntington Beach,CA,Working
29999,68856,85,2014,5YJSA1H16EFP28357,Maple Shade,NJ,Working
36495,79888,85,2014,5YJSA1H14EFP30527,Raleigh,NC,Working
35989,87977,85,2014,5YJSA1H10EFP43887,Carrollton,TX,Working
44995,52863,85,2014,5YJSA1H1XEFP53679,Everett,WA,Working
36250,64749,85,2014,5YJSA1H18EFP53681,Anaheim,CA,Working
36987,91570,85,2014,5YJSA1H13EFP32804,Turlock,CA,Working
38989,78221,85,2014,5YJSA1H13EFP49361,Carrollton,TX,Working
39995,57695,85,2014,5YJSA1H14EFP60613,N/A,N/A,Working
38899,51612,70D,2016,5YJSA1E29GF129467,Tampa,FL,Working
44712,32343,70D,2016,5YJSA1E21GF128216,Phillipsburg,NJ,Working
45977,34267,70D,2015,5YJSA1E25FF105343,Carrollton,TX,Working
28999,102889,70D,2015,5YJSA1S25FF085860,Trooper,PA,Working
43990,44051,70D,2016,5YJSA1E2XGF145919,Philadelphia,PA,Working
34995,97498,70D,2015,5YJSA1S2XFF082713,Willowbrook,IL,Working
37999,82720,70D,2015,5YJSA1E22FF115523,Denver,CO,Working
42977,79316,70D,2015,5YJSA1E27FF108745,Carrollton,TX,Working
37363,85049,70D,2015,5YJSA1E2XFF107962,Longmont,CO,Working
40500,89287,70D,2016,5YJSA1E26GF128213,Fishers,IN,Working
41999,73237,70D,2016,5YJSA1E29GF129694,Birmingham,AL,Working
42999,77662,70D,2015,5YJSA1S26FF086323,Birmingham,AL,Working
49835,51280,70D,2016,5YJSA1E20GF131804,Dallas,TX,Working
49999,52521,70D,2016,5YJSA1E22GF132629,Dallas,TX,Working
43845,64760,70D,2015,5YJSA1S21FF089971,Carrollton,TX,Working
43400,52618,70D,2015,5YJSA1S28FF088199,Colton,CA,Working
44999,57518,70D,2015,5YJSA1S23FF099773,Lakewood,WA,Working
43999,63418,70D,2015,5YJSA1S28FF083634,Dallas,TX,Working
51100,52650,70D,2016,5YJSA1E27GF122162,Dallas,TX,Working
42450,44562,70D,2015,5YJSA1S28FF099011,Anaheim,CA,Working
54999,21082,70D,2016,5YJSA1E23GF122742,Dallas,TX,Working
39901,78026,70D,2015,5YJSA1S20FF098337,Dallas,TX,Working
44950,34268,85D,2015,5YJSA1H21FF086351,Marina Del Rey,CA,Working
42995,53750,85D,2015,5YJSA1H2XFFP69570,Portland,OR,Working
47995,37900,85D,2015,5YJSA1H22FFP77565,Phoenix,AZ,Working
49600,39626,85D,2016,5YJSA1E20GF121998,Wexford,PA,Working
46995,28230,85D,2015,5YJSA1H21FF095504,Walled Lake,MI,Working
46588,32665,85D,2015,5YJSA1E24FF119802,San Jose,CA,Working
53977,23497,85D,2015,5YJSA1H48FF089992,Merriam,KS,Working
46950,74347,85D,2015,5YJSA1H27FFP78663,Grand Rapids,MI,Working
47999,47461,85D,2015,5YJSA1E25FF114396,San Jose,CA,Working
41999,67830,85D,2015,5YJSA1H26FFP73762,Maple Shade,NJ,Working
46850,48089,85D,2015,5YJSA1E29FF114515,Beaumont,TX,Working
46989,69200,85D,2015,5YJSA1H2XFF097834,Berkeley Lake,GA,Working
44775,58971,85D,2015,5YJSA1E24FF119668,Willowbrook,IL,Working
46995,24744,85D,2015,5YJSA1H22FFP78411,Willowbrook,IL,Working
48999,29580,85D,2015,5YJSA1H22FF095110,Clifton,NJ,Working
57648,43731,85D,2016,5YJSA1E23GF127035,Columbus,OH,Working
49999,36445,85D,2015,5YJSA1H40FF089470,Maple Shade,NJ,Working
42999,84900,85D,2015,5YJSA1H29FF092477,Dallas,TX,Working
44995,48486,85D,2015,5YJSA1H2XFFP69472,Willowbrook,IL,Working
42999,88835,85D,2016,5YJSA1E27GF127586,Jacksonville,FL,Working
56979,24222,85D,2015,5YJSA1H24FFP69077,Marietta,GA,Working
46999,49685,90D,2016,5YJSA1E20GF130538,San Francisco,CA,Working
59900,17936,90D,2017,5YJSA1E22HF191648,Portland,OR,Working
49950,46231,90D,2016,5YJSA1E25GF153202,Daytona Beach,FL,Working
54995,28310,90D,2016,5YJSA1E29GF124432,Salem,NH,Working
60000,17742,90D,2017,5YJSA1E2XHF215792,Birmingham,AL,Working
46995,93382,90D,2017,5YJSA1E28HF179200,Harrisonville,MO,Working
46600,26848,90D,2016,5YJSA1E27GF121898,Austin,TX,Working
52500,68939,90D,2016,5YJSA1E26GF135632,Dallas,TX,Working
65887,39218,90D,2017,5YJSA1E27HF189829,Cape Coral,FL,Working
62500,20490,90D,2017,5YJSA1E21HF182178,Fairless Hills,PA,Working
54900,47725,90D,2016,5YJSA1E20GF129809,Brockton,MA,Working
52977,69976,90D,2016,5YJSA1E29GF144602,Carrollton,TX,Working
62990,29578,90D,2017,5YJSA1E25HF201007,Costa Mesa,CA,Working
61888,9865,90D,2017,5YJSA1E28HF185627,Bellevue,WA,Working
46977,66715,90D,2016,5YJSA1E24GF128405,Carrollton,TX,Working
48894,65859,90D,2016,5YJSA1E26GF154794,Ann Arbor,MI,Working
51977,65557,90D,2016,5YJSA1E29GF129677,Carrollton,TX,Working
56000,48737,90D,2016,5YJSA1E26GF129409,Chino Hills,CA,Working
59958,31101,90D,2016,5YJSA1E23GF151433,Buford,GA,Working
54975,44713,90D,2016,5YJSA1E2XGF127050,N/A,N/A,Working
61999,19761,P100D,2018,5YJSA1E41JF243892,San Antonio,TX,Working
94991,4706,P100D,2018,5YJSA1E40JF263194,Skokie,IL,Working
79999,31452,P100D,2018,5YJSA1E44JF246981,Birmingham,AL,Working
68696,48838,P100D,2017,5YJSA1E46HF227598,Carlsbad,CA,Working
73999,32786,P100D,2017,5YJSA1E4XHF229631,Colorado Springs,CO,Working
92989,13661,P100D,2018,5YJSA1E45JF244821,Carrollton,TX,Working
82995,46386,P100D,2018,5YJSA1E44JF283769,Rancho Santa Fe,CA,Working
84989,41824,P100D,2018,5YJSA1E47JF247025,Carrollton,TX,Working
89989,29629,P100D,2018,5YJSA1E43JF254182,Carrollton,TX,Working
69999,43159,P100D,2016,5YJSA1E43GF163566,Roswell,GA,Working
79999,53009,P100D,2017,5YJSA1E42HF177668,Roswell,GA,Working
84989,42376,P100D,2018,5YJSA1E42JF247031,Carrollton,TX,Working
75016,30964,P100D,2016,5YJSA1E42GF164806,Centerville,UT,Working
78999,27741,P100D,2017,5YJSA1E44HF218978,Nixa,MO,Working
99989,19402,P100D,2018,5YJSA1E48JF259796,Carrollton,TX,Working
91900,28574,P100D,2018,5YJSA1E4XJF268869,Lincoln,NE,Working
79980,21597,P100D,2016,5YJSA1E48GF172537,Sanford,FL,Working
94992,8885,P100D,2018,5YJSA1E43JF274450,N/A,N/A,Working
95950,20391,P100D,2018,5YJSA1E47JF258543,N/A,N/A,Working
30998,82900,Base,2013,5YJSA1CN2DFP08633,Kennewick,WA,Working
31950,80000,Base,2013,5YJSA1BGXDFP07572,Santa Cruz,CA,Working
34818,33411,Base,2013,5YJSA1CG6DFP20947,Fort Lauderdale,FL,Working
31000,66651,Base,2013,5YJSA1CN8DFP27459,Louisville,KY,Working
33500,59659,Base,2013,5YJSA1CG1DFP03523,Plano,TX,Working
29988,62860,Base,2013,5YJSA1CNXDFP16396,Davie,FL,Working
34991,58247,Base,2014,5YJSA1S15EFP63173,Houston,TX,Working
29594,81432,Base,2013,5YJSA1AG5DFP09618,Tyler,TX,Working
36186,40265,Base,2013,5YJSA1AGXDFP08514,Chesapeake,VA,Working
29988,133420,Base,2013,5YJSA1DN1DFP17449,Seattle,WA,Working
29995,129248,Base,2013,5YJSA1AGXDFP04799,Peachtree Corners,GA,Working
41888,39568,Base,2014,5YJSA1S14EFP38765,Tempe,AZ,Working
33500,116783,Base,2013,5YJSA1AC0DFP10947,Cary,NC,Working
38990,41737,Base,2012,5YJSA1DN8CFS00924,Livermore,CA,Working
39000,45756,Base,2014,5YJSA1S12EFP42605,Clearwater,FL,Working
35990,57083,Base,2014,5YJSA1S12EFP56505,Dallas,TX,Working
39888,46790,Base,2014,5YJSA1S14EFP63214,El Cajon,CA,Working
35900,66908,Base,2014,5YJSA1S1XEFP49933,Brockton,MA,Working
57888,36213,P90D,2016,5YJSA1E48GF128408,Grapevine,TX,Working
60654,11058,P90D,2016,5YJSA1E47GF168138,Pittsburgh,PA,Working
60995,13580,P90D,2016,5YJSA1E47GF120297,Buda,TX,Working
75051,18621,P90D,2016,5YJSA1E41GF170015,Pittsburgh,PA,Working
45000,119698,P90D,2016,5YJSA1E43GF129837,Shepherdsville,KY,Working
59995,38002,P90D,2016,5YJSA1E4XGF125347,Van Nuys,CA,Working
60000,46887,P90D,2016,5YJSA1E47GF136628,Wilsonville,OR,Working
59995,19983,P90D,2015,5YJSA1V48FF099779,Salem,NH,Working
68995,32200,P90D,2016,5YJSA1E46GF128911,Glendale Heights,IL,Working
52995,59238,P90D,2015,5YJSA1E46FF104803,Brea,CA,Working
57000,52247,P90D,2015,5YJSA1V42FF100621,Charlotte,NC,Working
64999,49402,P90D,2015,5YJSA1E49FF106481,Countryside,IL,Working
68950,22538,P90D,2016,5YJSA1E43GF142586,Murfreesboro,TN,Working
64999,44829,P90D,2016,5YJSA1E45GF172821,Roswell,GA,Working
66995,17103,P90D,2016,5YJSA1E46GF150293,Edmond,OK,Working
69999,24723,P90D,2016,5YJSA1E44GF157517,Milwaukee,WI,Working
59999,15662,P90D,2015,5YJSA1E42FF114972,N/A,N/A,Working
55900,63627,P90D,2015,5YJSA1E48FF114023,N/A,N/A,Working
41999,56994,75,2017,5YJSA1E17HF179616,Tampa,FL,Working
49683,41502,75,2017,5YJSA1E15HF231213,Austin,TX,Working
43499,39999,75,2016,5YJSA1E17GF171398,Flowery Branch,GA,Working
42981,34256,75,2016,5YJSA1E1XGF147287,Dallas,TX,Working
46898,56978,75,2016,5YJSA1E11GF137389,Tempe,AZ,Working
56885,39075,75,2017,5YJSA1E13HF190600,Dallas,TX,Working
48600,69027,75,2017,5YJSA1E18HF201428,San Jose,CA,Working
51995,37627,75,2017,5YJSA1E10HF212181,Tampa,FL,Working
49959,41179,75,2017,5YJSA1E17HF214669,Annapolis,MD,Working
48990,35424,75,2017,5YJSA1E15HF201368,Plano,TX,Working
53899,41792,75,2017,5YJSA1E15HF190064,Dallas,TX,Working
43977,71292,75,2016,5YJSA1E14GF164845,Carrollton,TX,Working
48999,44180,75,2017,5YJSA1E11HF202615,Palo Alto,CA,Working
33999,57926,P85,2014,5YJSA1H15EFP49989,Maple Shade,NJ,Working
39999,47212,P85,2014,5YJSA1H16EFP55767,Houston,TX,Working
41995,47410,P85,2014,5YJSA1H17EFP31753,Hayward,CA,Working
44500,27800,P85,2014,5YJSA1H11EFP50881,Mission,KS,Working
42450,39737,P85,2014,5YJSA1H1XEFP65878,Anaheim,CA,Working
38950,57262,P85,2014,5YJSA1H19EFP40258,Anaheim,CA,Working
42989,44283,P85,2014,5YJSA1H16EFP36796,Carrollton,TX,Working
49995,48513,P85,2014,5YJSA1H12EFP40974,Honolulu,HI,Working
42999,55195,P85,2014,5YJSA1H10EFP58650,Irvine,CA,Working
39989,82811,P85,2014,5YJSA1H15EFP55825,Carrollton,TX,Working
36987,102714,P85,2014,5YJSA1H11EFP48077,Turlock,CA,Working
42899,57582,P85,2014,5YJSA1H12EFP47956,Santa Ana,CA,Working
32754,86423,60,2014,5YJSA1S13EFP52401,Tampa,FL,Working
42000,24441,60,2014,5YJSA1S16EFP52523,Scottsdale,AZ,Working
37500,46428,60,2015,5YJSA1S12FFP71040,Fredericksburg,VA,Working
30999,79216,60,2014,5YJSA1S12EFP52440,Maple Shade,NJ,Working
39990,22246,60,2015,5YJSA1S10FFP68749,Bowling Green,KY,Working
38988,47124,60,2014,5YJSA1S11EFP31823,Phoenix,AZ,Working
36999,54699,60,2014,5YJSA1S18EFP56749,Roswell,GA,Working
41991,32133,70,2015,5YJSA1E18FF118126,Burien,WA,Working
38888,41017,70,2015,5YJSA1E18FF101990,Bowling Green,KY,Working
34900,87336,Signature-Performance,2012,5YJSA1DP6CFS00616,Mobile,AL,Working
36900,51500,Signature-Performance,2012,5YJSA1DP8CFS00648,Cerritos,CA,Working
27877,140304,Signature,2013,5YJSA1BG0DFP11338,Stafford,VA,Working
34990,29383,Unspecified,2013,5YJSA1DN4DFP13315,San Francisco,CA,Working
38495,40596,Unspecified,2014,5YJSA1H18EFP48710,El Paso,TX,Working
30590,77417,Unspecified,2014,5YJSA1S19EFP43136,Austin,TX,Working
29990,78280,Unspecified,2013,5YJSA1CN6DFP03371,New Orleans,LA,Working
36999,90709,Unspecified,2015,5YJSA1V23FF099364,Memphis,TN,Working
29980,90777,Unspecified,2013,5YJSA1AC4DFP10644,Pomona,CA,Working
37900,70065,Unspecified,2014,5YJSA1H17EFP48715,Westmont,IL,Working
39977,50675,Unspecified,2014,5YJSA1H10EFP55621,Carrollton,TX,Working
32900,104208,Unspecified,2015,5YJSA1E24FF104510,Swampscott,MA,Working
32590,58639,Unspecified,2014,5YJSA1H11EFP43817,Providence,RI,Working
31950,66178,Unspecified,2013,5YJSA1CN6DFP21143,Murfreesboro,TN,Working
36977,113560,Unspecified,2015,5YJSA1V22FF099453,Carrollton,TX,Working
45000,42864,Unspecified,2014,5YJSA1H19EFP49896,Westmont,IL,Working
35977,54681,Unspecified,2014,5YJSA1H19EFP38560,Stafford,VA,Working
49891,50369,Unspecified,2016,5YJSA1E27GF135350,Santa Fe,NM,Working
32990,61050,Unspecified,2013,5YJSA1AC9DFP10610,Portland,OR,Working
71947,12043,Unspecified,2019,5YJSA1E25KF311868,Buford,GA,Working
31495,107134,Unspecified,2013,5YJSA1CG7DFP25770,Sterling Hts,MI,Working
37995,50134,Unspecified,2014,5YJSA1H15EFP40077,Fontana,CA,Working
38888,70612,Unspecified,2014,5YJSA1H15EFP61219,Tempe,AZ,Working
40566,64026,Unspecified,2014,5YJSA1H17EFP53669,Stonecrest,GA,Working
37495,65250,Unspecified,2014,5YJSA1H15EFP56120,Lindon,UT,Working
36999,61319,Unspecified,2014,5YJSA1H14EFP44931,Birmingham,AL,Working
36900,64888,Unspecified,2014,5YJSA1H10EFP49382,Fairfax,VA,Working
43990,44333,Unspecified,2014,5YJSA1H13EFP42829,Gladstone,OR,Working
36900,44117,Unspecified,2013,5YJSA1CN5DFP26964,Bowling Green,KY,Working
45880,24900,Unspecified,2014,5YJSA1H16EFP38581,Daytona Beach,FL,Working
49990,41000,Unspecified,2015,5YJSA1H24FF088420,San Diego,CA,Working
33900,67881,Unspecified,2013,5YJSA1CGXDFP14830,Somerville,NJ,Working
48998,53359,Unspecified,2016,5YJSA1E28GF129220,Wichita,KS,Working
35999,74974,Unspecified,2014,5YJSA1H14EFP61437,Birmingham,AL,Working
36989,132580,Unspecified,2015,5YJSA1E26FF115041,Dallas,TX,Working
46989,64557,Unspecified,2015,5YJSA1E25FF114558,Carrollton,TX,Working
29775,134740,Unspecified,2013,5YJSA1DN3DFP16223,Greensboro,NC,Working
72000,25871,Unspecified,2019,5YJSA1E24KF344702,Indianapolis,IN,Working
37977,85904,Unspecified,2014,5YJSA1H13EFP40918,Carrollton,TX,Working
34995,21000,Unspecified,2013,5YJSA1AGXDFP07492,Rogersville,MO,Working
45554,36415,Unspecified,2014,5YJSA1H1XEFP32346,Palo Alto,CA,Working
65461,35362,Unspecified,2017,5YJSA1E25HF198769,Broomfield,CO,Working
37500,38154,Unspecified,2012,5YJSA1DN7CFP01626,Cary,NC,Working
36990,46682,Unspecified,2014,5YJSA1S15EFP36619,Birmingham,AL,Working
33999,69448,Unspecified,2013,5YJSA1CN9DFP21816,Birmingham,AL,Working
55786,61669,Unspecified,2015,5YJSA1E46FF109631,Roswell,GA,Working
56423,31177,Unspecified,2017,5YJSA1E25HF191708,Lynn,MA,Working
62603,57008,Unspecified,2017,5YJSA1E22HF204303,Dallas,TX,Working
39995,77471,Unspecified,2013,5YJSA1CG3DFP12160,Honolulu,HI,Working
34989,104100,Unspecified,2013,5YJSA1CN9DFP20309,Berkeley Lake,GA,Working
34950,59188,Unspecified,2013,5YJSA1CN7DFP24259,Norco,CA,Working
82444,10981,Unspecified,2019,5YJSA1E2XKF308027,Lawrenceburg,KY,Working
41995,78591,Unspecified,2015,5YJSA1E22FF115957,Willowbrook,IL,Working
33990,104325,Unspecified,2013,5YJSA1DGXDFP08752,Gladstone,OR,Working
42888,51535,Unspecified,2014,5YJSA1H15EFP51628,Gladstone,OR,Working
35977,88121,Unspecified,2014,5YJSA1H17EFP51002,Carrollton,TX,Working
52999,38216,Unspecified,2015,5YJSA1H21FFP77654,Fife,WA,Working
54895,26197,Unspecified,2017,5YJSA1E10HF223360,Arlington,VA,Working
32880,110998,Unspecified,2014,5YJSA1H12EFP34222,Fort Pierce,FL,Working
33391,79797,Unspecified,2013,5YJSA1CG1DFP11508,Houston,TX,Working
32990,68453,Unspecified,2013,5YJSA1CN6DFP04231,Tucson,AZ,Working
62989,45000,Unspecified,2017,5YJSA1E22HF189396,Cocoa,FL,Working
31995,87324,Unspecified,2014,5YJSA1H16EFP36183,Tucson,AZ,Working
25995,191853,Unspecified,2013,5YJSA1CN5DFP07363,Portland,OR,Working
36995,34102,Unspecified,2013,5YJSA1CN8DFP28353,Raleigh,NC,Working
29900,68527,Unspecified,2013,5YJSA1AG3DFP04675,N/A,N/A,Working
47988,49686,Unspecified,2017,5YJSA1E21HF204759,N/A,N/A,Working
39955,65365,Unspecified,2014,5YJSA1H10EFP37426,N/A,N/A,Working
69883,13992,Unspecified,2018,5YJSA1E23JF256707,N/A,N/A,Working
