Price,Miles,Trim,Year,Vin,City,State,Link Status
62499,24336,75D,2017,5YJXCDE26HF052205,Tampa,FL,Working
58499,25869,75D,2017,5YJXCBE24HF067984,San Antonio,TX,Working
71988,15654,75D,2018,5YJXCDE23JF118005,Wilmington,NC,Working
77995,18329,75D,2019,5YJXCBE26KF160738,Saco,ME,Working
53987,96225,75D,2017,5YJXCBE28HF049746,Shakopee,MN,Working
55999,35940,75D,2016,5YJXCAE25GF010735,Jacksonville,FL,Working
52999,73891,75D,2016,5YJXCBE27GF022083,Trooper,PA,Working
53990,47359,75D,2016,5YJXCBE26GF025430,Denver,CO,Working
65999,33455,75D,2018,5YJXCAE20JF090002,Memphis,TN,Working
73000,29264,75D,2018,5YJXCDE2XJF123671,Scottsdale,AZ,Working
74500,27685,75D,2018,5YJXCDE29JF112919,Concord,NC,Working
60000,47952,75D,2017,5YJXCBE23HF051968,Lincoln,NE,Working
70994,19652,75D,2018,5YJXCBE24JF111178,Bellevue,WA,Working
59990,35431,75D,2016,5YJXCAE24GF016896,Naperville,IL,Working
72675,21918,75D,2018,5YJXCAE20JF112872,Dallas,TX,Working
64999,29340,75D,2017,5YJXCDE25HF051269,Memphis,TN,Working
62999,33796,75D,2016,5YJXCDE2XGF026558,Nixa,MO,Working
67999,49876,75D,2018,5YJXCDE2XJF099940,Birmingham,AL,Working
70989,44486,75D,2018,5YJXCDE23JF103214,Carrollton,TX,Working
74291,39995,75D,2018,5YJXCDE2XJF091143,Fort Lauderdale,FL,Working
66888,21416,75D,2017,5YJXCAE28HF062684,San Mateo,CA,Working
66977,38407,75D,2017,5YJXCDE26HF045674,Carrollton,TX,Working
63977,69681,75D,2017,5YJXCAE29HF035719,Carrollton,TX,Working
62999,45895,75D,2017,5YJXCDE21HF044609,Birmingham,AL,Working
70998,31751,75D,2018,5YJXCBE24JF099937,Westerly,RI,Working
76591,18726,75D,2018,5YJXCDE27JF089950,Carrollton,TX,Working
79995,21390,75D,2018,5YJXCDE20JF125932,San Diego,CA,Working
69999,35379,75D,2017,5YJXCBE23HF077468,Birmingham,AL,Working
72989,30063,75D,2018,5YJXCDE27JF126608,Carrollton,TX,Working
75999,21410,75D,2018,5YJXCDE2XJF136663,Marietta,GA,Working
89995,10610,75D,2017,5YJXCBE2XHF043852,Honolulu,HI,Working
74082,26480,75D,2018,5YJXCDE21JF141203,Dallas,TX,Working
74500,17345,75D,2017,5YJXCAE20HF073324,Clearwater,FL,Working
76496,19817,75D,2018,5YJXCAE26JF090814,Carrollton,TX,Working
74998,8736,75D,2017,5YJXCDE22HF042044,Dallas,TX,Working
67990,56725,75D,2017,5YJXCBE21HF040533,Costa Mesa,CA,Working
70999,31425,75D,2018,5YJXCBE28JF112964,Princeton,NJ,Working
67999,37599,75D,2018,5YJXCBE27JF092657,Tampa,FL,Working
64998,46070,75D,2017,5YJXCDE24HF040229,Columbia,SC,Working
69989,26770,75D,2017,5YJXCBE24HF075728,Carrollton,TX,Working
78999,29856,75D,2018,5YJXCAE24JF103334,Shawnee,KS,Working
69491,31884,75D,2017,5YJXCAE26HF057192,Honolulu,HI,Working
59648,40473,75D,2016,5YJXCAE21GF002082,Tamarac,FL,Working
70977,41004,75D,2018,5YJXCDE24JF088853,Carrollton,TX,Working
62995,64002,75D,2016,5YJXCAE27GF016956,Jacksonville,FL,Working
49500,69200,75D,2016,5YJXCBE27GF021256,Union City,GA,Working
64999,39616,75D,2017,5YJXCDE24HF075028,Santa Clara,CA,Working
79500,18552,75D,2018,5YJXCDE26JF136336,Scottsdale,AZ,Working
83900,20530,75D,2018,5YJXCBE29JF112844,Costa Mesa,CA,Working
79995,8358,75D,2017,5YJXCBE2XHF078598,Woodinville,WA,Working
69989,32975,75D,2017,5YJXCDE24HF050002,Carrollton,TX,Working
74999,25654,75D,2018,5YJXCDE28JF114130,Clifton,NJ,Working
69980,35437,75D,2017,5YJXCBE27HF054193,Newport Beach,CA,Working
60999,56700,75D,2017,5YJXCDE24HF053739,Roswell,GA,Working
63250,33876,75D,2017,5YJXCBE20HF068100,Anaheim,CA,Working
72177,43391,75D,2016,5YJXCAE28GF010924,Stafford,VA,Working
69997,58948,75D,2018,5YJXCDE21JF088924,Amityville,NY,Working
65555,7696,75D,2016,5YJXCDE24GF032033,Des Plaines,IL,Working
69999,44550,100D,2018,5YJXCDE24JF091381,Tampa,FL,Working
72900,48330,100D,2018,5YJXCDE29JF090016,Chattanooga,TN,Working
79998,21053,100D,2018,5YJXCDE21JF125373,Atmore,AL,Working
69995,34908,100D,2017,5YJXCBE2XHF063860,Marietta,GA,Working
66718,70345,100D,2017,5YJXCBE2XHF068346,West Palm Beach,FL,Working
65290,59614,100D,2017,5YJXCDE27HF052276,New Port Richey,FL,Working
72590,48144,100D,2018,5YJXCBE23JF091358,Nashville,TN,Working
79985,15522,100D,2018,5YJXCAE21JF119863,Tulsa,OK,Working
78998,26686,100D,2017,5YJXCDE29HF054126,Kennewick,WA,Working
77989,35005,100D,2018,5YJXCDE27JF103409,Carrollton,TX,Working
66977,102934,100D,2017,5YJXCDE28HF068308,Carrollton,TX,Working
77989,29483,100D,2018,5YJXCDE22JF088172,Carrollton,TX,Working
79999,27320,100D,2017,5YJXCBE23HF043613,Birmingham,AL,Working
72599,29673,100D,2018,5YJXCDE21JF091547,Santa Ana,CA,Working
76999,40201,100D,2018,5YJXCDE24JF091042,Hollywood,CA,Working
89000,45005,100D,2019,5YJXCBE24KF159555,Westfield,IN,Working
80995,36014,100D,2018,5YJXCBE25JF120293,Tulsa,OK,Working
98900,17605,100D,2019,5YJXCAE28KF188812,Westfield,IN,Working
86000,27446,100D,2018,5YJXCBE23JF101385,Costa Mesa,CA,Working
83995,38884,100D,2018,5YJXCDE28JF138573,South Jordan,UT,Working
79989,45171,100D,2018,5YJXCDE29JF089464,Carrollton,TX,Working
86900,11222,100D,2018,5YJXCAE23JF091208,Lincoln,NE,Working
72999,38096,100D,2017,5YJXCDE2XHF052501,Birmingham,AL,Working
89995,25525,100D,2018,5YJXCBE24JF139059,Addison,TX,Working
78999,6577,100D,2018,5YJXCBE22JF118291,Jacksonville,FL,Working
75283,54754,100D,2018,5YJXCBE2XJF103618,Portland,OR,Working
65555,62740,100D,2017,5YJXCAE26HF051134,Des Plaines,IL,Working
69977,71489,100D,2017,5YJXCBE20HF075712,Carrollton,TX,Working
72900,36492,100D,2017,5YJXCBE20HF054097,Fort Lauderdale,FL,Working
89998,13012,100D,2017,5YJXCAE20HF066549,Rancho Cordova,CA,Working
69500,24977,100D,2017,5YJXCDE24HF060674,Lincoln,NE,Working
85995,52410,100D,2018,5YJXCBE42JF090073,Huntsville,AL,Working
82995,45555,100D,2018,5YJXCBE29JF117459,N/A,N/A,Working
66990,47189,P100D,2016,5YJXCDE48GF026415,Grand Rapids,MI,Working
74948,45976,P100D,2017,5YJXCBE41HF051808,Birmingham,AL,Working
97000,37734,P100D,2019,5YJXCBE4XKF155964,Fuquay Varina,NC,Working
84500,16529,P100D,2017,5YJXCDE47HF070455,Cerritos,CA,Working
84988,20108,P100D,2017,5YJXCBE43HF063880,Kalamazoo,MI,Working
74777,59987,P100D,2017,5YJXCDE40HF050824,Glendale Heights,IL,Working
89995,45951,P100D,2018,5YJXCBE47JF081143,San Antonio,TX,Working
88550,50292,P100D,2018,5YJXCAE42JF090035,Minneapolis,MN,Working
91800,32946,P100D,2018,5YJXCAE43JF094837,Marietta,GA,Working
93990,40728,P100D,2017,5YJXCBE46HF053571,Minneapolis,MN,Working
91900,46675,P100D,2018,5YJXCAE44JF088836,Lincoln,NE,Working
95900,22776,P100D,2018,5YJXCBE45JF104760,Lincoln,NE,Working
109888,23450,P100D,2017,5YJXCAE45HF075684,Mission Viejo,CA,Working
113444,20460,P100D,2019,5YJXCDE43KF190096,Conroe,TX,Working
89999,32000,P100D,2017,5YJXCAE47HF075685,Phillipsburg,NJ,Working
79990,28623,P100D,2016,5YJXCAE43GFS00700,Portland,OR,Working
87900,69111,P100D,2018,5YJXCAE44JF081207,Lincoln,NE,Working
99800,32918,P100D,2018,5YJXCBE49JF091883,Las Vegas,NV,Working
117500,26061,P100D,2019,5YJXCBE4XKF151297,Pompano Beach,FL,Working
79948,29635,P100D,2016,5YJXCAE41GFS00064,Denver,CO,Working
79500,58701,P100D,2017,5YJXCDE41HF052274,Scottsdale,AZ,Working
97900,27495,P100D,2018,5YJXCBE48JF097626,Warrenville,IL,Working
53899,50456,90D,2016,5YJXCAE25GF002327,Tampa,FL,Working
59995,54825,90D,2016,5YJXCAE23GF004786,Escondido,CA,Working
59999,32348,90D,2016,5YJXCBE23GF031492,Jacksonville,FL,Working
59999,42950,90D,2017,5YJXCDE27HF050236,Maple Shade,NJ,Working
61999,45060,90D,2016,5YJXCBE25GF028206,Clive,IA,Working
64100,44479,90D,2017,5YJXCDE22HF035773,Santa Clara,CA,Working
65999,22017,90D,2016,5YJXCBE26GF003928,Orlando,FL,Working
64990,76123,90D,2017,5YJXCDE21HF063967,Saint George,UT,Working
69995,39512,90D,2016,5YJXCDE2XGF026124,Worcester,MA,Working
69990,26907,90D,2016,5YJXCBE25GF004553,San Diego,CA,Working
66900,49343,90D,2016,5YJXCBE21GF005585,Tempe,AZ,Working
69990,63090,90D,2016,5YJXCBE25GF008473,Gladstone,OR,Working
63999,35841,90D,2017,5YJXCBE21HF044906,Maple Shade,NJ,Working
61985,58077,90D,2016,5YJXCBE21GF014609,Des Plaines,IL,Working
65977,42562,90D,2016,5YJXCAE24GF007163,Carrollton,TX,Working
64999,25804,90D,2016,5YJXCBE29GF004250,Findlay,OH,Working
54995,103622,90D,2017,5YJXCBE26HF048451,Willowbrook,IL,Working
69500,51054,90D,2017,5YJXCAE23HF067016,Scottsdale,AZ,Working
61977,64371,90D,2016,5YJXCBE29GF015927,Carrollton,TX,Working
73999,18763,90D,2017,5YJXCAE29HF075802,Maple Shade,NJ,Working
65977,98799,90D,2017,5YJXCDE27HF054125,Carrollton,TX,Working
86920,14760,Long-Range,2020,5YJXCDE27LF271974,Grand Rapids,MI,Working
95990,4157,Long-Range,2021,5YJXCDE2XMF323003,Huntsville,AL,Working
91998,12973,Long-Range,2020,5YJXCDE28LF262006,Northborough,MA,Working
93151,9795,Long-Range,2020,5YJXCDE28LF248672,Upper Saddle River,NJ,Working
92667,7689,Long-Range,2019,5YJXCBE25KF159600,Hudson,MA,Working
89995,18415,Long-Range,2020,5YJXCAE20LF250012,Pawleys Island,SC,Working
89990,20760,Long-Range,2019,5YJXCBE2XKF160919,Costa Mesa,CA,Working
99989,14055,Long-Range,2020,5YJXCAE28LF305886,Carrollton,TX,Working
95855,6697,Long-Range,2020,5YJXCDE20LF297588,Santa Monica,CA,Working
84991,43920,Long-Range,2019,5YJXCDE27KF184543,Buffalo,NY,Working
109800,8081,Long-Range,2020,5YJXCDE22LF261370,Las Vegas,NV,Working
95995,9653,Long-Range,2020,5YJXCAE26LF271995,Costa Mesa,CA,Working
89989,39741,Long-Range,2019,5YJXCDE28KF160090,Carrollton,TX,Working
104999,5297,Long-Range,2021,5YJXCBE29MF321943,Clearwater,FL,Working
94995,14060,Long-Range,2020,5YJXCDE27LF230941,Honolulu,HI,Working
95990,13381,Performance,2020,5YJXCDE49LF284730,Towson,MD,Working
98990,19998,Performance,2019,5YJXCDE42KF193247,Collierville,TN,Working
105851,14871,Performance,2019,5YJXCBE42KF192264,Pompano Beach,FL,Working
99799,13887,Performance,2019,5YJXCDE43KF185982,Birmingham,AL,Working
108211,11789,Performance,2020,5YJXCDE41LF230614,Darien,CT,Working
105898,8584,Performance,2020,5YJXCDE41LF285323,Los Angeles,CA,Working
112500,11339,Performance,2020,5YJXCAE42LF243970,Scottsdale,AZ,Working
110000,12577,Performance,2020,5YJXCDE40LF277035,Clarksville,MD,Working
113524,17126,Performance,2020,5YJXCBE47LF273147,Scottsdale,AZ,Working
106900,20806,Performance,2019,5YJXCBE48KF180345,Lincoln,NE,Working
129900,9187,Performance,2020,5YJXCBE4XLF303323,Phoenix,AZ,Working
114996,28813,Performance,2019,5YJXCDE49KF215051,Charlotte,NC,Working
107989,15259,Performance,2020,5YJXCDE43LF279376,Cleveland,OH,Working
121900,4345,Performance,2020,5YJXCBE40LF282997,Lincoln,NE,Working
116000,16403,Performance,2020,5YJXCDE47LF262354,Pompano Beach,FL,Working
119990,3138,Performance,2020,5YJXCDE42LF284892,N/A,N/A,Working
68584,35778,P90D,2016,5YJXCAE47GF005344,Pittsburgh,PA,Working
65977,60973,P90D,2016,5YJXCBE49GF005271,Carrollton,TX,Working
67999,32546,P90D,2016,5YJXCAE42GF001072,Streetsboro,OH,Working
71989,46591,P90D,2016,5YJXCAE41GF000608,Carrollton,TX,Working
69900,33441,P90D,2016,5YJXCAE45GF000398,Scottsdale,AZ,Working
67995,40745,P90D,2016,5YJXCAE41GF000883,Willowbrook,IL,Working
69900,36327,P90D,2016,5YJXCAE41GFS00792,Bellevue,WA,Working
63855,68800,P90D,2016,5YJXCAE45GFS00911,Des Plaines,IL,Working
65999,61911,P90D,2016,5YJXCAE49GF005748,Marietta,GA,Working
71990,30014,P90D,2016,5YJXCBE47GF005169,Sarasota,FL,Working
69995,37041,P90D,2016,5YJXCBE47GF000361,Raleigh,NC,Working
68850,48718,P90D,2016,5YJXCAE41GF002407,Pomona,CA,Working
66977,63187,P90D,2016,5YJXCBE49GF000524,Carrollton,TX,Working
65880,40450,P90D,2016,5YJXCAE44GF000537,Houston,TX,Working
69997,74172,Standard,2019,5YJXCAE28KF147080,Seattle,WA,Working
84497,32796,Standard,2019,5YJXCDE28KF161403,Fond Du Lac,WI,Working
92990,11708,Standard,2019,5YJXCBE27KF161400,Portland,OR,Working
78990,32961,Standard,2019,5YJXCBE28KF192171,Alexandria,VA,Working
54888,57205,70D,2016,5YJXCBE27GF010693,N/A,N/A,Working
55800,47451,Unspecified,2016,5YJXCAE22GF002253,South San Francisco,CA,Working
73555,19047,Unspecified,2018,5YJXCBE2XJF122153,San Rafael,CA,Working
72597,24548,Unspecified,2016,5YJXCBE47GF000683,Boise,ID,Working
59995,61442,Unspecified,2017,5YJXCAE2XHF067742,Memphis,TN,Working
62800,46764,Unspecified,2016,5YJXCBE21GF013010,Davie,FL,Working
81991,18267,Unspecified,2017,5YJXCAE28HF079372,Scottsdale,AZ,Working
69995,42351,Unspecified,2018,5YJXCDE22JF093761,North Hollywood,CA,Working
54450,59218,Unspecified,2016,5YJXCBE25GF003497,South San Francisco,CA,Working
79995,28678,Unspecified,2017,5YJXCBE21HF076738,Honolulu,HI,Working
98883,15620,Unspecified,2020,5YJXCDE25LF280088,N/A,N/A,Working
