Price,Miles,Trim,Year,Vin,City,State,Link Status
48991,23970,Long-Range,2018,5YJ3E1EB2JF131335,Richmond,CA,Working
39899,64896,Long-Range,2019,5YJ3E1EBXKF433019,Tampa,FL,Working
41899,46332,Long-Range,2018,5YJ3E1EB6JF095942,Riverside,CA,Working
47990,16659,Long-Range,2018,5YJ3E1EB8JF117780,Saint Louis,MO,Working
40998,58120,Long-Range,2018,5YJ3E1EB2JF181474,Fremont,CA,Working
44999,25112,Long-Range,2018,5YJ3E1EBXJF115710,Maple Shade,NJ,Working
43995,21549,Long-Range,2019,5YJ3E1EA2KF326490,Pasadena,CA,Working
44999,19794,Long-Range,2018,5YJ3E1EB6JF113601,Jacksonville,FL,Working
52956,3291,Long-Range,2020,5YJ3E1EBXLF798026,Thomasville,GA,Working
43990,29646,Long-Range,2019,5YJ3E1EBXKF194555,Lansing,MI,Working
38900,34026,Long-Range,2017,5YJ3E1EA8HF002386,Scottsdale,AZ,Working
49999,22448,Long-Range,2018,5YJ3E1EB5JF182196,Rocklin,CA,Working
49800,19837,Long-Range,2018,5YJ3E1EB0JF077226,Minneapolis,MN,Working
46990,27611,Long-Range,2018,5YJ3E1EB2JF069581,Philadelphia,PA,Working
43999,35268,Long-Range,2019,5YJ3E1EB6KF359470,Tampa,FL,Working
47988,45128,Long-Range,2019,5YJ3E1EBXKF493270,Thomasville,GA,Working
42990,7150,Long-Range,2018,5YJ3E1EB7JF144324,San Antonio,TX,Working
49500,27500,Long-Range,2018,5YJ3E1EB0JF146724,Santa Barbara,CA,Working
42990,19521,Long-Range,2018,5YJ3E1EA8JF028251,Charlotte,NC,Working
40100,44163,Long-Range,2018,5YJ3E1EA0JF040796,Portland,OR,Working
53995,6315,Long-Range,2018,5YJ3E1EB8JF135843,Portland,OR,Working
39999,28807,Long-Range,2018,5YJ3E1EA4JF007090,Jacksonville,FL,Working
38480,27581,Long-Range,2018,5YJ3E1EA4JF018395,Riverside,CA,Working
46989,54100,Long-Range,2018,5YJ3E1EB3JF097857,Carrollton,TX,Working
51955,8918,Long-Range,2019,5YJ3E1EB5KF392105,San Jose,CA,Working
52888,7461,Long-Range,2020,5YJ3E1EB3LF784162,North Dartmouth,MA,Working
46999,29365,Long-Range,2018,5YJ3E1EB4JF132728,Trooper,PA,Working
47800,28782,Long-Range,2018,5YJ3E1EBXJF151316,Somerville,NJ,Working
47899,13810,Long-Range,2019,5YJ3E1EB0KF386468,San Antonio,TX,Working
49990,13328,Long-Range,2020,5YJ3E1EB7LF618808,Albany,NY,Working
47900,41116,Long-Range,2018,5YJ3E1EB7JF135641,New Castle,DE,Working
50990,15210,Long-Range,2020,5YJ3E1EB2LF663011,Oxnard,CA,Working
47490,8595,Long-Range,2018,5YJ3E1EA4JF053227,Naples,FL,Working
49995,25450,Long-Range,2018,5YJ3E1EB6JF088909,Mount Juliet,TN,Working
52900,13402,Long-Range,2020,5YJ3E1EB4LF744477,Jersey City,NJ,Working
51999,14846,Long-Range,2019,5YJ3E1EB4KF454545,Clifton,NJ,Working
40450,41949,Long-Range,2018,5YJ3E1EA2JF098277,Whittier,CA,Working
42950,23009,Long-Range,2018,5YJ3E1EA4JF026027,South San Francisco,CA,Working
48999,23108,Long-Range,2020,5YJ3E1EB5LF636238,San Antonio,TX,Working
46990,8700,Long-Range,2018,5YJ3E1EA4JF003167,Oxnard,CA,Working
44585,31932,Long-Range,2018,5YJ3E1EA4JF050599,Buford,GA,Working
43950,37318,Long-Range,2019,5YJ3E1EAXKF332974,Austin,TX,Working
56754,2715,Long-Range,2021,5YJ3E1EBXMF924869,Milwaukee,WI,Working
54000,4481,Long-Range,2020,5YJ3E1EBXLF791495,Leavenworth,KS,Working
49998,10439,Long-Range,2019,5YJ3E1EBXKF390611,Bellevue,WA,Working
42950,16531,Long-Range,2018,5YJ3E1EA0JF033864,South San Francisco,CA,Working
47973,43519,Long-Range,2018,5YJ3E1EB2JF105320,Castroville,TX,Working
51590,20514,Long-Range,2019,5YJ3E1EB5KF392041,Orlando,FL,Working
49997,28065,Long-Range,2018,5YJ3E1EB7JF144453,Saint Paul,MN,Working
47980,17717,Long-Range,2019,5YJ3E1EB5KF448317,San Francisco,CA,Working
49989,18620,Long-Range,2018,5YJ3E1EB6JF087498,Carrollton,TX,Working
51990,13068,Long-Range,2020,5YJ3E1EB7LF790630,Raleigh,NC,Working
54957,16417,Long-Range,2020,5YJ3E1EB9LF735936,Wood River,IL,Working
51995,31546,Long-Range,2020,5YJ3E1EB1LF648015,West Melbourne,FL,Working
55000,12395,Long-Range,2019,5YJ3E1EBXKF533329,Tulsa,OK,Working
42450,21727,Long-Range,2017,5YJ3E1EA6HF001690,Anaheim,CA,Working
54998,12005,Long-Range,2021,5YJ3E1EB3MF859069,Framingham,MA,Working
42444,31739,Long-Range,2018,5YJ3E1EA8JF010896,Oxnard,CA,Working
41950,33819,Long-Range,2018,5YJ3E1EA2JF041674,Whittier,CA,Working
47990,33309,Long-Range,2020,5YJ3E1EB5LF665058,Saint Louis,MO,Working
52990,8083,Long-Range,2020,5YJ3E1EB7LF628481,Atlanta,GA,Working
51500,19591,Long-Range,2019,5YJ3E1EB9KF195020,Brunswick,GA,Working
54995,22044,Long-Range,2019,5YJ3E1EB2KF213826,San Diego,CA,Working
47995,22793,Long-Range,2018,5YJ3E1EA6JF044013,Glendale,CA,Working
52599,18563,Long-Range,2020,5YJ3E1EB6LF621800,Jersey Village,TX,Working
40950,45535,Long-Range,2018,5YJ3E1EA0JF027045,South San Francisco,CA,Working
54927,14569,Long-Range,2019,5YJ3E1EB9KF194501,Brunswick,GA,Working
46700,37652,Long-Range,2018,5YJ3E1EAXJF035556,Clarksville,IN,Working
55998,7842,Long-Range,2021,5YJ3E1EB9MF924569,Fort Walton Beach,FL,Working
55995,9816,Long-Range,2019,5YJ3E1EB4KF511925,Utica,NY,Working
46431,35060,Long-Range,2018,5YJ3E1EA1JF035235,Wichita,KS,Working
52500,35877,Long-Range,2019,5YJ3E1EB8KF387867,Cerritos,CA,Working
54205,12800,Long-Range,2021,5YJ3E1EB7MF875825,Logan,UT,Working
50011,31634,Long-Range,2020,5YJ3E1EB8LF621538,Poway,CA,Working
49998,38678,Long-Range,2019,5YJ3E1EB1KF205507,Denver,CO,Working
53980,14475,Long-Range,2020,5YJ3E1EB6LF791493,Tampa,FL,Working
49975,35937,Long-Range,2019,5YJ3E1EB1KF211761,Buffalo Grove,IL,Working
53212,25000,Long-Range,2020,5YJ3E1EB6LF650844,Cayce,SC,Working
49950,20840,Long-Range,2018,5YJ3E1EBXJF063768,Murfreesboro,TN,Working
62994,672,Long-Range,2021,5YJ3E1EB4MF924902,Scottsdale,AZ,Working
53768,7571,Long-Range,2020,5YJ3E1EB3LF651644,Santa Monica,CA,Working
47968,26180,Long-Range,2019,5YJ3E1EB7KF433981,Coconut Creek,FL,Working
48900,23709,Long-Range,2019,5YJ3E1EBXKF208728,El Monte,CA,Working
55467,5690,Long-Range,2021,5YJ3E1EB5MF869019,San Diego,CA,Working
50444,9945,Long-Range,2020,5YJ3E1EB4LF636635,Oxnard,CA,Working
41999,40520,Long-Range,2018,5YJ3E1EA4JF045502,Oxnard,CA,Working
44950,22012,Long-Range,2018,5YJ3E1EA1JF017379,Seattle,WA,Working
46800,66782,Long-Range,2019,5YJ3E1EB6KF493931,Pittsburgh,PA,Working
52997,4967,Long-Range,2019,5YJ3E1EB6KF494836,Costa Mesa,CA,Working
53555,17606,Long-Range,2020,5YJ3E1EB4LF651880,Logan,UT,Working
47990,57753,Long-Range,2018,5YJ3E1EA2JF048608,Costa Mesa,CA,Working
52767,15265,Long-Range,2020,5YJ3E1EB2LF744624,Montclair,CA,Working
55882,8237,Long-Range,2021,5YJ3E1EB9MF858539,Austin,TX,Working
55500,29809,Long-Range,2019,5YJ3E1EBXKF451679,Scottsdale,AZ,Working
53060,15620,Long-Range,2019,5YJ3E1EB0KF433692,Centerville,UT,Working
50985,22189,Long-Range,2020,5YJ3E1EB2LF628517,Groveport,OH,Working
50995,13094,Long-Range,2020,5YJ3E1EB1LF795256,Austin,TX,Working
44995,21831,Long-Range,2018,5YJ3E1EA3JF018193,Union City,GA,Working
51600,29353,Long-Range,2019,5YJ3E1EB9KF453178,Lakewood,CO,Working
56200,21275,Long-Range,2020,5YJ3E1EB0LF520591,Lakewood,CO,Working
43940,34958,Long-Range,2018,5YJ3E1EA8JF016908,Pomona,CA,Working
44950,25642,Long-Range,2018,5YJ3E1EA2JF053002,Anaheim,CA,Working
54995,3260,Long-Range,2020,5YJ3E1EB7LF588905,Costa Mesa,CA,Working
52597,8269,Long-Range,2020,5YJ3E1EB3LF664281,Fort Pierce,FL,Working
49888,39489,Long-Range,2019,5YJ3E1EB0KF364714,Grapevine,TX,Working
45933,33334,Long-Range,2018,5YJ3E1EA9JF061548,Wichita,KS,Working
53900,8576,Long-Range,2018,5YJ3E1EB2JF108699,Tequesta,FL,Working
52500,14180,Long-Range,2020,5YJ3E1EB0LF616477,Mckinney,TX,Working
56000,11709,Long-Range,2021,5YJ3E1EB1MF855327,Westminster,MD,Working
48995,34374,Long-Range,2018,5YJ3E1EA3JF029954,Cornelius,NC,Working
57800,3091,Long-Range,2020,5YJ3E1EB0LF620495,Las Vegas,NV,Working
52997,11802,Long-Range,2019,5YJ3E1EB8KF406661,Costa Mesa,CA,Working
52950,20637,Long-Range,2020,5YJ3E1EBXLF621377,Murfreesboro,TN,Working
53990,2961,Long-Range,2020,5YJ3E1EB7LF650030,Tucson,AZ,Working
55999,5974,Long-Range,2018,5YJ3E1EB6JF081779,Orlando,FL,Working
44990,12193,Long-Range,2019,5YJ3E1EA8KF313307,Milwaukee,WI,Working
48918,19898,Long-Range,2019,5YJ3E1EA4KF301641,Austin,TX,Working
54922,19776,Long-Range,2020,5YJ3E1EB4LF622198,North Charleston,SC,Working
54590,7993,Long-Range,2019,5YJ3E1EB2KF191987,Newark,NJ,Working
52995,20491,Long-Range,2020,5YJ3E1EB3LF619583,Costa Mesa,CA,Working
52995,18295,Long-Range,2018,5YJ3E1EB3JF132610,Cornelius,NC,Working
59665,19172,Long-Range,2020,5YJ3E1EB3LF711244,Westborough,MA,Working
52995,13937,Long-Range,2021,5YJ3E1EB2MF875473,Costa Mesa,CA,Working
51567,31556,Long-Range,2019,5YJ3E1EB0KF387331,American Fork,UT,Working
61900,2430,Long-Range,2021,5YJ3E1EBXMF927075,Warrenville,IL,Working
40699,27265,Long-Range,2018,5YJ3E1EA3JF032823,Santa Ana,CA,Working
57997,3317,Long-Range,2021,5YJ3E1EBXMF941669,Costa Mesa,CA,Working
64900,869,Long-Range,2021,5YJ3E1EB8MF948149,Northbrook,IL,Working
54550,13523,Long-Range,2021,5YJ3E1EB6MF924903,Cape Coral,FL,Working
52212,25425,Long-Range,2019,5YJ3E1EB0KF386017,Cayce,SC,Working
57500,30929,Long-Range,2020,5YJ3E1EB0LF600800,Scottsdale,AZ,Working
47995,23630,Long-Range,2019,5YJ3E1EA1KF313441,Miami,FL,Working
55000,820,Long-Range,2021,5YJ3E1EB3MF965408,Dublin,OH,Working
43899,31858,Long-Range,2019,5YJ3E1EB2KF192301,Tampa,FL,Working
47990,32660,Long-Range,2019,5YJ3E1EBXKF195592,Fairless Hills,PA,Working
48333,6094,Long-Range,2020,5YJ3E1EB1LF787917,Rochelle Park,NJ,Working
50980,11261,Long-Range,2020,5YJ3E1EB2LF746504,Mountain View,CA,Working
47599,25758,Long-Range,2018,5YJ3E1EA7JF038737,Bloomington,CA,Working
53000,12174,Long-Range,2020,5YJ3E1EB9LF620883,Vienna,VA,Working
50990,13388,Long-Range,2020,5YJ3E1EB9LF646058,Countryside,IL,Working
48990,16954,Long-Range,2019,5YJ3E1EB1KF205457,St George,UT,Working
49590,11927,Long-Range,2020,5YJ3E1EB2LF639095,Oklahoma City,OK,Working
48999,26052,Long-Range,2020,5YJ3E1EB9LF620821,Tampa,FL,Working
43050,24582,Long-Range,2018,5YJ3E1EA7JF048989,Dallas,TX,Working
52981,13770,Long-Range,2020,5YJ3E1EB4LF791105,Fort Myers,FL,Working
44995,28930,Long-Range,2018,5YJ3E1EA5JF009835,Sykesville,MD,Working
36990,31666,Long-Range,2018,5YJ3E1EA3JF006626,Chino,CA,Working
43953,23155,Long-Range,2018,5YJ3E1EA9JF015671,Buford,GA,Working
47999,31268,Long-Range,2019,5YJ3E1EBXKF454310,N/A,N/A,Working
49995,14995,Long-Range,2018,5YJ3E1EB0JF055677,N/A,N/A,Working
54990,13161,Long-Range,2019,5YJ3E1EB3KF191335,N/A,N/A,Working
50995,30717,Long-Range,2018,5YJ3E1EB1JF188352,N/A,N/A,Working
40999,14412,Standard,2020,5YJ3E1EA0LF597856,Tampa,FL,Working
40999,8330,Standard,2020,5YJ3E1EAXLF785154,Riverside,CA,Working
42999,17498,Standard,2020,5YJ3E1EA4LF598511,San Antonio,TX,Working
42893,6725,Standard,2019,5YJ3E1EA5KF436241,Newport Beach,CA,Working
40590,24091,Standard,2019,5YJ3E1EA6KF436023,Indianapolis,IN,Working
42821,18258,Standard,2019,5YJ3E1EA3KF435976,Centerville,UT,Working
41985,24659,Standard,2020,5YJ3E1EA6LF495865,Boalsburg,PA,Working
43990,11011,Standard,2020,5YJ3E1EA4LF745586,Rochester,NY,Working
43990,5210,Standard,2020,5YJ3E1EA6LF792764,Indianapolis,IN,Working
42999,16191,Standard,2020,5YJ3E1EA0LF745326,Tampa,FL,Working
38990,22187,Standard,2019,5YJ3E1EAXKF399039,Seattle,WA,Working
45999,6449,Standard,2021,5YJ3E1EA8MF859642,Eatontown,NJ,Working
42590,12886,Standard,2020,5YJ3E1EA0LF632007,Fort Myers,FL,Working
42990,15206,Standard,2020,5YJ3E1EA8LF738074,Worcester,MA,Working
40750,26689,Standard,2019,5YJ3E1EA6KF312267,San Diego,CA,Working
40950,25615,Standard,2019,5YJ3E1EA2KF298321,Portland,OR,Working
37999,47820,Standard,2019,5YJ3E1EA4KF430673,Tampa,FL,Working
42590,5041,Standard,2019,5YJ3E1EA6KF300894,Saint Louis,MO,Working
41990,12415,Standard,2019,5YJ3E1EA7KF486297,Buffalo,NY,Working
40990,26001,Standard,2019,5YJ3E1EA1KF300348,Houston,TX,Working
43890,8155,Standard,2019,5YJ3E1EA0KF416205,Costa Mesa,CA,Working
40590,20232,Standard,2020,5YJ3E1EA0LF642682,Portland,OR,Working
41990,10233,Standard,2019,5YJ3E1EA7KF464347,Tampa,FL,Working
41999,17404,Standard,2019,5YJ3E1EA8KF428912,Riverside,CA,Working
43990,5661,Standard,2020,5YJ3E1EA4LF661672,Upland,CA,Working
41990,9056,Standard,2019,5YJ3E1EA5KF357541,Pleasantville,NY,Working
46887,8594,Standard,2019,5YJ3E1EA5KF482877,Indianapolis,IN,Working
40950,18452,Standard,2019,5YJ3E1EA7KF396969,Whittier,CA,Working
41950,16059,Standard,2019,5YJ3E1EA7KF422549,South San Francisco,CA,Working
41950,17803,Standard,2019,5YJ3E1EA0KF398823,South San Francisco,CA,Working
44500,2081,Standard,2020,5YJ3E1EA5LF630088,Whittier,CA,Working
41650,11734,Standard,2019,5YJ3E1EA3KF317801,Whittier,CA,Working
42990,19247,Standard,2019,5YJ3E1EA7KF317557,Blacklick,OH,Working
43990,9894,Standard,2020,5YJ3E1EAXLF742952,Virginia Beach,VA,Working
41985,16573,Standard,2019,5YJ3E1EA6KF399300,Boalsburg,PA,Working
44999,21463,Standard,2020,5YJ3E1EA4LF741117,Norco,CA,Working
42950,6065,Standard,2020,5YJ3E1EAXLF718179,Whittier,CA,Working
40100,19023,Standard,2019,5YJ3E1EA5KF321543,Whittier,CA,Working
47500,7262,Standard,2021,5YJ3E1EA8MF866607,El Paso,IL,Working
44695,15631,Standard,2020,5YJ3E1EA6LF634473,Oakland Park,FL,Working
42990,5583,Standard,2020,5YJ3E1EA3LF792754,Bakersfield,CA,Working
39990,4744,Standard,2019,5YJ3E1EA1KF447155,Tucson,AZ,Working
44998,24700,Standard,2020,5YJ3E1EAXLF706677,Los Angeles,CA,Working
41777,20750,Standard,2019,5YJ3E1EA4KF396251,Sacramento,CA,Working
42590,11195,Standard,2019,5YJ3E1EA5KF312339,Farmers Branch,TX,Working
44990,11903,Standard,2020,5YJ3E1EA3LF736684,Saint Louis,MO,Working
43590,6474,Standard,2019,5YJ3E1EA5KF304421,Farmers Branch,TX,Working
42590,22400,Standard,2019,5YJ3E1EA1KF427245,Buffalo,NY,Working
44991,25795,Standard,2019,5YJ3E1EA7KF306283,Los Angeles,CA,Working
41999,12081,Standard,2019,5YJ3E1EA4KF509485,Smyrna,GA,Working
42952,9532,Standard,2020,5YJ3E1EA9LF597936,Scottsdale,AZ,Working
46771,15299,Standard,2020,5YJ3E1EA2LF707211,Charlotte,NC,Working
47544,8870,Standard,2020,5YJ3E1EA5LF792917,Brunswick,GA,Working
44974,13170,Standard,2019,5YJ3E1EA0KF305217,Manheim,PA,Working
44500,25936,Standard,2019,5YJ3E1EA5KF429452,Union City,GA,Working
45800,6978,Standard,2020,5YJ3E1EA0LF708552,Union City,GA,Working
41950,16295,Standard,2019,5YJ3E1EA6KF483326,South San Francisco,CA,Working
44398,10892,Standard,2020,5YJ3E1EAXLF504969,Greenville,SC,Working
42980,21911,Standard,2019,5YJ3E1EAXKF432119,Irvine,CA,Working
45989,12080,Standard,2019,5YJ3E1EA9KF428272,Carrollton,TX,Working
42495,26028,Standard,2019,5YJ3E1EA1KF415628,Costa Mesa,CA,Working
45995,6944,Standard,2021,5YJ3E1EA3MF867339,Willowbrook,IL,Working
43940,28549,Standard,2019,5YJ3E1EA6KF434448,Pomona,CA,Working
42999,27904,Standard,2019,5YJ3E1EA6KF306307,Colma,CA,Working
43250,45106,Standard,2020,5YJ3E1EA5LF634285,Pomona,CA,Working
46880,9651,Standard,2020,5YJ3E1EA6LF804234,Montclair,CA,Working
48998,6308,Standard,2021,5YJ3E1EA5MF877838,Vallejo,CA,Working
46980,12179,Standard,2020,5YJ3E1EA3LF614780,Newport Beach,CA,Working
46550,2521,Standard,2021,5YJ3E1EA8MF919743,Minneapolis,MN,Working
55377,15746,Standard,2021,5YJ3E1EA0MF870182,Chandler,AZ,Working
46997,8802,Standard,2019,5YJ3E1EA0KF508057,Costa Mesa,CA,Working
43500,13392,Standard,2020,5YJ3E1EA3LF606596,Seattle,WA,Working
43444,23814,Standard,2019,5YJ3E1EA4KF307956,Oxnard,CA,Working
47995,18882,Standard,2020,5YJ3E1EA3LF612625,Scottsdale,AZ,Working
48950,28245,Standard,2020,5YJ3E1EA1LF598885,Murfreesboro,TN,Working
48998,5040,Standard,2020,5YJ3E1EA4LF808007,Renton,WA,Working
44944,29292,Standard,2020,5YJ3E1EA0LF631312,Pomona,CA,Working
43995,28600,Standard,2020,5YJ3E1EA1LF634476,Costa Mesa,CA,Working
46997,25735,Standard,2019,5YJ3E1EA9KF486222,Costa Mesa,CA,Working
42900,32177,Standard,2019,5YJ3E1EA8KF298131,Tacoma,WA,Working
45000,11553,Standard,2021,5YJ3E1EA8MF852061,Vienna,VA,Working
48149,5706,Standard,2021,5YJ3E1EA2MF872967,Long Beach,CA,Working
40990,10121,Standard,2020,5YJ3E1EA5LF741174,Santa Clara,CA,Working
48988,4903,Standard,2021,5YJ3E1EA9MF938589,Claremont,CA,Working
51814,919,Standard,2021,5YJ3E1EA6MF917179,Chandler,AZ,Working
40999,4694,Standard,2020,5YJ3E1EA5LF614103,Tampa,FL,Working
39590,15046,Standard,2019,5YJ3E1EA2KF417940,Las Vegas,NV,Working
48999,3019,Standard,2021,5YJ3E1EA9MF908315,Opa Locka,FL,Working
41498,34319,Standard,2019,5YJ3E1EA9KF302543,Delray Beach,FL,Working
46981,8367,Standard,2021,5YJ3E1EA5MF913270,Houston,TX,Working
42590,21357,Standard,2020,5YJ3E1EA6LF745718,Cheyenne,WY,Working
49988,14106,Standard,2020,5YJ3E1EA5LF718090,Austin,TX,Working
42999,15670,Standard,2020,5YJ3E1EA4LF747242,N/A,N/A,Working
40761,23971,Standard,2020,5YJ3E1EA4LF661123,N/A,N/A,Working
44500,21581,Standard,2020,5YJ3E1EA2LF598040,N/A,N/A,Working
44500,13094,Standard,2019,5YJ3E1EA4KF428518,N/A,N/A,Working
51999,15562,Performance,2019,5YJ3E1EB9KF514237,Tampa,FL,Working
49900,36931,Performance,2018,5YJ3E1EB9JF056021,Tulsa,OK,Working
63500,19151,Performance,2020,5YJ3E1EC8LF624982,Madison Heights,MI,Working
56935,27114,Performance,2019,5YJ3E1EB7KF438341,Norman,OK,Working
61999,6531,Performance,2020,5YJ3E1EC8LF784196,Naperville,IL,Working
53973,42346,Performance,2019,5YJ3E1EB5KF438399,Buford,GA,Working
59999,14291,Performance,2020,5YJ3E1EC0LF713252,Prattville,AL,Working
56999,21112,Performance,2020,5YJ3E1EC4LF603191,Houston,TX,Working
55999,8061,Performance,2020,5YJ3E1EC6LF742917,Tampa,FL,Working
66778,14797,Performance,2021,5YJ3E1EC7MF849556,Hudson,MA,Working
59999,6288,Performance,2020,5YJ3E1ECXLF805324,Hollywood,CA,Working
59999,16417,Performance,2020,5YJ3E1EC5LF623918,Woods Cross,UT,Working
58495,22129,Performance,2020,5YJ3E1EC6LF736289,Sewell,NJ,Working
58990,9618,Performance,2020,5YJ3E1EC5LF719158,Augusta,GA,Working
47995,33480,Performance,2018,5YJ3E1EB0JF081762,Willowbrook,IL,Working
59999,4326,Performance,2020,5YJ3E1EC5LF669507,Hollywood,CA,Working
64895,5307,Performance,2021,5YJ3E1EC6MF860726,Great Neck,NY,Working
59648,12787,Performance,2020,5YJ3E1EC1LF586964,Milwaukee,WI,Working
59000,25709,Performance,2020,5YJ3E1EC5LF624647,Saint Louis,MO,Working
60989,33339,Performance,2019,5YJ3E1EB1KF438688,Carrollton,TX,Working
62837,10065,Performance,2020,5YJ3E1EC6LF784553,Milwaukee,WI,Working
58380,9252,Performance,2020,5YJ3E1EC3LF669294,Daytona Beach,FL,Working
58981,4319,Performance,2020,5YJ3E1EC8LF796512,Maple Shade,NJ,Working
59990,6518,Performance,2020,5YJ3E1EC7LF586998,Pleasantville,NY,Working
61800,4842,Performance,2020,5YJ3E1EC2LF624640,Clarksville,IN,Working
56982,48907,Performance,2020,5YJ3E1EC2LF587007,Kissimmee,FL,Working
59870,17652,Performance,2020,5YJ3E1EC0LF669446,Pomona,CA,Working
60950,14094,Performance,2020,5YJ3E1EC9LF722466,Pomona,CA,Working
59999,7677,Performance,2020,5YJ3E1EC9LF669669,Houston,TX,Working
64000,31219,Performance,2020,5YJ3E1EC9LF703769,Lincoln,NE,Working
52990,21195,Performance,2019,5YJ3E1EB5KF441626,Mountain View,CA,Working
59898,19942,Performance,2020,5YJ3E1EC7LF642311,Barrington,IL,Working
59990,12950,Performance,2020,5YJ3E1EC9LF642293,Plano,TX,Working
57500,33628,Performance,2019,5YJ3E1EB5KF392752,Scottsdale,AZ,Working
66500,3047,Performance,2020,5YJ3E1EC0LF791904,Lincoln,NE,Working
58995,19028,Performance,2020,5YJ3E1EC8LF587061,Willowbrook,IL,Working
58402,25845,Performance,2020,5YJ3E1EC9LF714724,Milwaukee,WI,Working
64888,11614,Performance,2020,5YJ3E1EC2LF624511,Rockwall,TX,Working
65991,12484,Performance,2020,5YJ3E1EC0LF721223,Houston,TX,Working
64995,1426,Performance,2021,5YJ3E1EC5MF976144,Victor,NY,Working
66988,1449,Performance,2021,5YJ3E1EC2MF947894,Henderson,NV,Working
66988,1996,Performance,2021,5YJ3E1EC3MF869822,Austin,TX,Working
56235,13094,Performance,2019,5YJ3E1EB9KF477657,Franklin,TN,Working
55496,42914,Performance,2020,5YJ3E1EC0LF586731,Libertyville,IL,Working
58999,21772,Performance,2020,5YJ3E1EC2LF624248,Orlando,FL,Working
43990,4348,Mid-Range,2018,5YJ3E1EA5JF157337,San Francisco,CA,Working
41988,35415,Mid-Range,2018,5YJ3E1EA6JF169755,Huntington Beach,CA,Working
42990,22281,Mid-Range,2018,5YJ3E1EAXJF152022,High Point,NC,Working
41999,19366,Mid-Range,2019,5YJ3E1EAXKF474239,Torrance,CA,Working
41999,26769,Mid-Range,2018,5YJ3E1EAXJF158628,Oxnard,CA,Working
42594,10292,Mid-Range,2018,5YJ3E1EA0JF176071,Centennial,CO,Working
43878,14224,Mid-Range,2019,5YJ3E1EA0KF444845,Sarasota,FL,Working
34999,81388,Mid-Range,2018,5YJ3E1EA3JF051548,Gilbert,AZ,Working
41590,54570,Mid-Range,2018,5YJ3E1EA3JF171544,Topeka,KS,Working
43752,15926,Mid-Range,2018,5YJ3E1EA8JF177873,Memphis,TN,Working
41950,19920,Mid-Range,2018,5YJ3E1EA1JF163393,Whittier,CA,Working
43998,42274,Mid-Range,2018,5YJ3E1EA1JF154256,Colorado Springs,CO,Working
43832,19923,Mid-Range,2018,5YJ3E1EA7JF157694,Bloomington,IN,Working
42995,35524,Mid-Range,2018,5YJ3E1EA4JF162111,Redding,CA,Working
37998,74420,Mid-Range,2019,5YJ3E1EA4KF396203,Houston,TX,Working
47990,23192,Unspecified,2018,5YJ3E1EBXJF097841,Corte Madera,CA,Working
49749,5570,Unspecified,2019,5YJ3E1EBXKF452203,Burnsville,MN,Working
43888,8947,Unspecified,2020,5YJ3E1EA0LF658834,El Monte,CA,Working
44000,53043,Unspecified,2018,5YJ3E1EB1JF183961,Louisville,KY,Working
46000,4142,Unspecified,2020,5YJ3E1EA3LF738077,Pittsfield,MA,Working
45981,10132,Unspecified,2020,5YJ3E1EA8LF796976,Florida City,FL,Working
51488,14375,Unspecified,2018,5YJ3E1EB9JF144244,Monroe,NC,Working
42770,8594,Unspecified,2019,5YJ3E1EA0KF417922,Tenafly,NJ,Working
43500,6872,Unspecified,2020,5YJ3E1EA6LF783871,Brookfield,WI,Working
43490,15266,Unspecified,2018,5YJ3E1EA0JF153082,Naperville,IL,Working
40700,26053,Unspecified,2020,5YJ3E1EA3LF710294,Sacramento,CA,Working
40903,26499,Unspecified,2018,5YJ3E1EA0JF018880,Powell,WY,Working
44995,27528,Unspecified,2018,5YJ3E1EB4JF090142,Boise,ID,Working
41700,29526,Unspecified,2019,5YJ3E1EA6KF302080,Neptune,NJ,Working
39999,39598,Unspecified,2019,5YJ3E1EA9KF310285,Buffalo,NY,Working
44888,4355,Unspecified,2018,5YJ3E1EAXJF158841,Fremont,CA,Working
45988,5854,Unspecified,2020,5YJ3E1EA1LF718703,Fremont,CA,Working
44988,74589,Unspecified,2018,5YJ3E1EB7JF056227,Saint Louis,MO,Working
42979,11524,Unspecified,2019,5YJ3E1EA5KF400677,Irving,TX,Working
48888,22483,Unspecified,2018,5YJ3E1EB0JF135562,Las Vegas,NV,Working
46995,28302,Unspecified,2018,5YJ3E1EB9JF178717,Long Beach,CA,Working
47490,32802,Unspecified,2018,5YJ3E1EB4JF188362,Naperville,IL,Working
45950,40062,Unspecified,2018,5YJ3E1EB3JF115046,Madison Heights,MI,Working
44988,10106,Unspecified,2019,5YJ3E1EA7KF426388,Fremont,CA,Working
42991,19667,Unspecified,2019,5YJ3E1EA3KF400631,Tyler,TX,Working
43992,15493,Unspecified,2018,5YJ3E1EA0JF169444,Sarasota,FL,Working
51977,18296,Unspecified,2018,5YJ3E1EB1JF105907,Carrollton,TX,Working
41950,16677,Unspecified,2019,5YJ3E1EA3KF306992,Sacramento,CA,Working
48261,26477,Unspecified,2019,5YJ3E1EB9KF388610,Newport Beach,CA,Working
45919,13081,Unspecified,2018,5YJ3E1EA4JF161668,Manor,TX,Working
47990,23192,Unspecified,2018,5YJ3E1EBXJF097841,Corte Madera,CA,Working
47990,9004,Unspecified,2019,5YJ3E1EA3KF394863,Berkeley,CA,Working
52044,9004,Unspecified,2018,5YJ3E1EB4JF130607,Augusta,GA,Working
53995,13376,Unspecified,2018,5YJ3E1EB5JF080896,Cincinnati,OH,Working
43488,16415,Unspecified,2019,5YJ3E1EA1KF416570,Fremont,CA,Working
43923,16094,Unspecified,2020,5YJ3E1EA9LF632068,Glen Burnie,MD,Working
47498,28750,Unspecified,2018,5YJ3E1EB5JF113413,Blackwood,NJ,Working
47488,16128,Unspecified,2018,5YJ3E1EB1JF071743,Shawnee,KS,Working
41950,22965,Unspecified,2019,5YJ3E1EA9KF482459,Sacramento,CA,Working
39950,12068,Unspecified,2020,5YJ3E1EA1LF743648,Sacramento,CA,Working
44761,25334,Unspecified,2018,5YJ3E1EA1JF022131,Snellville,GA,Working
39987,37765,Unspecified,2019,5YJ3E1EA7KF508010,Mckinney,TX,Working
51500,13305,Unspecified,2019,5YJ3E1EB3KF195689,Kailua Kona,HI,Working
50000,13970,Unspecified,2018,5YJ3E1EB6JF149210,Margate,FL,Working
51980,9080,Unspecified,2019,5YJ3E1EA6KF301544,Oakland,CA,Working
48600,27675,Unspecified,2018,5YJ3E1EB6JF146730,Gilbert,AZ,Working
41999,23780,Unspecified,2019,5YJ3E1EA8KF483053,Rochester,MN,Working
47500,41730,Unspecified,2018,5YJ3E1EB9JF144714,Richfield,MN,Working
47885,51423,Unspecified,2018,5YJ3E1EB5JF131376,Mckinney,TX,Working
49906,19996,Unspecified,2018,5YJ3E1EB6JF188475,Van Nuys,CA,Working
45995,13195,Unspecified,2020,5YJ3E1EA8LF634104,Long Beach,CA,Working
57272,8972,Unspecified,2019,5YJ3E1EB5KF487411,Fort Lauderdale,FL,Working
49415,50071,Unspecified,2018,5YJ3E1EBXJF085186,South Jordan,UT,Working
51995,17020,Unspecified,2019,5YJ3E1EB3KF385699,Dublin,OH,Working
46588,11439,Unspecified,2020,5YJ3E1EA9LF785999,Fremont,CA,Working
53596,4847,Unspecified,2019,5YJ3E1EB7KF388928,Dallas,TX,Working
43967,32250,Unspecified,2018,5YJ3E1EA6JF176060,Florida City,FL,Working
50350,21031,Unspecified,2018,5YJ3E1EB9JF130697,Hillsboro,OR,Working
45888,16141,Unspecified,2019,5YJ3E1EAXKF504064,Fremont,CA,Working
44493,23690,Unspecified,2019,5YJ3E1EAXKF398439,Tamarac,FL,Working
48083,41761,Unspecified,2018,5YJ3E1EB9JF069691,Peoria,IL,Working
45987,18272,Unspecified,2018,5YJ3E1EA5JF163719,Lexington,NC,Working
47800,28987,Unspecified,2019,5YJ3E1EA5KF428849,Pompano Beach,FL,Working
41950,26676,Unspecified,2018,5YJ3E1EA0JF052060,Sacramento,CA,Working
49900,15589,Unspecified,2019,5YJ3E1EA3KF311173,San Luis Obispo,CA,Working
44559,4601,Unspecified,2020,5YJ3E1EA5LF775048,Avenel,NJ,Working
44756,41699,Unspecified,2018,5YJ3E1EA5JF109384,Dallas,TX,Working
53888,28810,Unspecified,2019,5YJ3E1EB9KF494619,Tempe,AZ,Working
41999,49529,Unspecified,2018,5YJ3E1EA9JF156546,Marietta,GA,Working
44999,39480,Unspecified,2020,5YJ3E1EA0LF606569,Dallas,TX,Working
47995,17485,Unspecified,2020,5YJ3E1EA3LF632129,Long Beach,CA,Working
52988,8245,Unspecified,2019,5YJ3E1EB2KF510286,Oxnard,CA,Working
51980,42609,Unspecified,2019,5YJ3E1EB8KF389960,Fort Pierce,FL,Working
46888,33249,Unspecified,2018,5YJ3E1EA3JF063411,Oxnard,CA,Working
45000,9243,Unspecified,2020,5YJ3E1EA4LF738976,Wilson,NC,Working
44500,18969,Unspecified,2019,5YJ3E1EA2KF302660,Leesburg,GA,Working
55990,27710,Unspecified,2019,5YJ3E1EB8KF472692,Westwood,MA,Working
47981,34029,Unspecified,2019,5YJ3E1EB3KF205735,Surprise,AZ,Working
43879,26281,Unspecified,2019,5YJ3E1EA1KF305162,Tracy,CA,Working
51988,17895,Unspecified,2019,5YJ3E1EB6KF513529,Kalamazoo,MI,Working
42941,16145,Unspecified,2018,5YJ3E1EA2JF162561,Pomona,CA,Working
53492,15005,Unspecified,2019,5YJ3E1EB4KF481485,Jersey Village,TX,Working
45995,24283,Unspecified,2019,5YJ3E1EAXKF399591,Long Beach,CA,Working
51995,5127,Unspecified,2020,5YJ3E1EA8LF645474,Long Beach,CA,Working
42995,47724,Unspecified,2018,5YJ3E1EA1JF036286,Long Beach,CA,Working
44500,16383,Unspecified,2019,5YJ3E1EA6KF424695,Mckinney,TX,Working
44000,54533,Unspecified,2018,5YJ3E1EA2JF006312,Auburn,WA,Working
44000,40860,Unspecified,2019,5YJ3E1EA6KF316836,Brooklyn Park,MN,Working
41695,32676,Unspecified,2019,5YJ3E1EA4KF296635,Countryside,IL,Working
44582,22500,Unspecified,2018,5YJ3E1EA8JF154738,Clive,IA,Working
45888,29468,Unspecified,2018,5YJ3E1EA3JF008649,Tempe,AZ,Working
44879,8672,Unspecified,2018,5YJ3E1EA8JF108276,Great Neck,NY,Working
47322,20786,Unspecified,2018,5YJ3E1EA4JF070982,Augusta,GA,Working
42939,59584,Unspecified,2018,5YJ3E1EAXJF030356,Dallas,TX,Working
46980,13165,Unspecified,2020,5YJ3E1EA7LF598017,Orlando,FL,Working
46977,15737,Unspecified,2019,5YJ3E1EA3KF300660,Carrollton,TX,Working
52998,24920,Unspecified,2019,5YJ3E1EB7KF364726,Frisco,TX,Working
47500,4838,Unspecified,2020,5YJ3E1EA6LF613414,Seattle,WA,Working
52380,29956,Unspecified,2018,5YJ3E1EB2JF094352,Fort Pierce,FL,Working
42812,47538,Unspecified,2018,5YJ3E1EA5JF157905,Florida City,FL,Working
45000,32152,Unspecified,2018,5YJ3E1EA1JF051970,Scottsdale,AZ,Working
47988,19591,Unspecified,2019,5YJ3E1EA3KF399528,Oxnard,CA,Working
43500,13937,Unspecified,2020,5YJ3E1EA6LF590734,Silver Spring,MD,Working
43500,48594,Unspecified,2019,5YJ3E1EAXKF297109,Kailua Kona,HI,Working
46488,32049,Unspecified,2018,5YJ3E1EA1JF024526,Oxnard,CA,Working
44991,51802,Unspecified,2018,5YJ3E1EA5JF019149,Cumming,GA,Working
41999,55670,Unspecified,2018,5YJ3E1EA2JF006715,Riverside,CA,Working
53985,33939,Unspecified,2019,5YJ3E1EB6KF530248,Augusta,GA,Working
44460,34206,Unspecified,2018,5YJ3E1EA1JF005099,Newnan,GA,Working
44882,38041,Unspecified,2018,5YJ3E1EA8JF056972,Austin,TX,Working
58900,16708,Unspecified,2019,5YJ3E1EB9KF422092,Westmont,IL,Working
50000,20591,Unspecified,2019,5YJ3E1EB4KF510466,Sterling,VA,Working
49995,20318,Unspecified,2019,5YJ3E1EA5KF305486,Long Beach,CA,Working
42897,54514,Unspecified,2018,5YJ3E1EA4JF002648,Apex,NC,Working
54921,14638,Unspecified,2019,5YJ3E1EB2KF533597,North Charleston,SC,Working
48995,9963,Unspecified,2019,5YJ3E1EA4KF483986,Sewell,NJ,Working
47900,12448,Unspecified,2019,5YJ3E1EA8KF425444,Lincoln,NE,Working
55962,19177,Unspecified,2019,5YJ3E1EB1KF150461,Lubbock,TX,Working
44985,48476,Unspecified,2018,5YJ3E1EAXJF025254,Atlanta,GA,Working
53921,18776,Unspecified,2019,5YJ3E1EB8KF414744,North Charleston,SC,Working
46000,29950,Unspecified,2018,5YJ3E1EA5JF024108,Clarksville,MD,Working
49999,24469,Unspecified,2018,5YJ3E1EA6JF046442,Birmingham,AL,Working
49995,24281,Unspecified,2018,5YJ3E1EB6JF105112,Seattle,WA,Working
41990,54245,Unspecified,2020,5YJ3E1EA3LF704611,Riverside,CA,Working
49490,29407,Unspecified,2019,5YJ3E1EBXKF387742,Charleston,SC,Working
49446,29754,Unspecified,2018,5YJ3E1EB2JF090902,Portland,OR,Working
46988,12997,Unspecified,2020,5YJ3E1EA6LF798371,Fremont,CA,Working
45990,9547,Unspecified,2020,5YJ3E1EA9LF662431,Buford,GA,Working
45777,24320,Unspecified,2019,5YJ3E1EA9KF321822,Cocoa,FL,Working
45999,49431,Unspecified,2018,5YJ3E1EB9JF126990,Denver,CO,Working
53898,4302,Unspecified,2019,5YJ3E1EB7KF364855,Barrington,IL,Working
47999,31140,Unspecified,2020,5YJ3E1EA2LF737227,Lake City,FL,Working
47890,16916,Unspecified,2019,5YJ3E1EA6KF317291,Plano,TX,Working
42498,17527,Unspecified,2019,5YJ3E1EA3KF485275,Bremerton,WA,Working
42990,62425,Unspecified,2018,5YJ3E1EA2JF013874,Buford,GA,Working
41895,53379,Unspecified,2018,5YJ3E1EA2JF063478,Winter Park,FL,Working
49995,23969,Unspecified,2019,5YJ3E1EB8KF186745,Portland,OR,Working
47888,4006,Unspecified,2020,5YJ3E1EA8LF661514,Chicago,IL,Working
46988,13525,Unspecified,2019,5YJ3E1EA3KF309813,Fremont,CA,Working
41900,52019,Unspecified,2018,5YJ3E1EA8JF092760,West Melbourne,FL,Working
46689,9813,Unspecified,2020,5YJ3E1EA3LF793385,Mckinney,TX,Working
46898,24194,Unspecified,2018,5YJ3E1EA3JF026424,Fairfax,VA,Working
52900,7413,Unspecified,2020,5YJ3E1EA6LF799634,Pen Argyl,PA,Working
46990,26010,Unspecified,2019,5YJ3E1EA0KF298740,Buford,GA,Working
44888,40133,Unspecified,2018,5YJ3E1EA8JF098767,Oxnard,CA,Working
51801,29394,Unspecified,2019,5YJ3E1EBXKF494547,Moline,IL,Working
41950,38547,Unspecified,2018,5YJ3E1EA1JF089635,Sacramento,CA,Working
54252,17500,Unspecified,2019,5YJ3E1EB3KF197023,Newington,NH,Working
47995,27027,Unspecified,2018,5YJ3E1EA1JF052648,Mesa,AZ,Working
46977,21525,Unspecified,2019,5YJ3E1EA1KF317103,Carrollton,TX,Working
46977,13574,Unspecified,2019,5YJ3E1EA3KF398220,Carrollton,TX,Working
56797,18872,Unspecified,2019,5YJ3E1EBXKF487422,Jacksonville,AR,Working
49899,29999,Unspecified,2018,5YJ3E1EB4JF122202,Atmore,AL,Working
46995,37593,Unspecified,2018,5YJ3E1EA5JF008040,New Braunfels,TX,Working
49800,6257,Unspecified,2018,5YJ3E1EA5JF032113,Dearborn,MI,Working
55475,7635,Unspecified,2019,5YJ3E1EBXKF199870,Dearborn,MI,Working
44495,37465,Unspecified,2019,5YJ3E1EA9KF410466,Sewell,NJ,Working
51997,26320,Unspecified,2019,5YJ3E1EB7KF193797,Barrington,IL,Working
43999,74499,Unspecified,2018,5YJ3E1EA0JF043228,South Jordan,UT,Working
42999,46879,Unspecified,2019,5YJ3E1EA4KF395200,South Jordan,UT,Working
53899,15673,Unspecified,2019,5YJ3E1EB9KF390213,Barrington,IL,Working
43287,44154,Unspecified,2019,5YJ3E1EA0KF417886,South Jordan,UT,Working
43977,31919,Unspecified,2019,5YJ3E1EA2KF425973,Carrollton,TX,Working
47974,20678,Unspecified,2018,5YJ3E1EB4JF185705,N/A,N/A,Working
49988,35346,Unspecified,2019,5YJ3E1EB0KF413717,N/A,N/A,Working
40500,28160,Unspecified,2019,5YJ3E1EA8KF395183,N/A,N/A,Working
48997,26749,Unspecified,2018,5YJ3E1EB8JF130464,N/A,N/A,Working
46451,11601,Unspecified,2020,5YJ3E1EA9LF704970,N/A,N/A,Working
