Price,Miles,Trim,Year,Vin,City,State
105987,988,500,2021,JTHKPAAY4MA102107,Reno,NV
74995,15986,500,2018,JTHHP5AY9JA005109,Pompano Beach,FL
79950,21971,500,2018,JTHHP5AY0JA000204,Haverford,PA
73308,28015,500,2018,JTHHP5AY1JA003273,Dublin,OH
77500,13797,500,2018,JTHHP5AY8JA005778,Longwood,FL
88500,2838,500,2020,JTHAP5AY9LA007740,Dayton,OH
79996,11144,500,2018,JTHHP5AY1JA001376,Dallas,TX
81477,9824,500,2018,JTHHP5AY5JA000425,Salisbury,MD
72990,37024,500,2018,JTHHP5AY7JA000653,Clarksville,AR
76998,12529,500,2018,JTHHP5AY1JA004973,Columbia,SC
94220,4643,500,2021,JTHEP5AY8MA008221,Boca Raton,FL
86995,4396,500,2020,JTHBP5AY9LA007810,Seaside,CA
73983,36571,500,2018,JTHHP5AY1JA001118,Sacramento,CA
71900,24376,500,2018,JTHHP5AYXJA003238,Summit,NJ
95900,4225,500,2021,JTHEP5AY6MA008248,Fort Worth,TX
79990,13320,500,2018,JTHHP5AY6JA005858,Atlanta,GA
77877,7445,500,2018,JTHHP5AY0JA005628,Colma,CA
80991,10445,500,2018,JTHHP5AY3JA001475,Seaside,CA
74588,39929,500,2018,JTHHP5AY7JA002127,Rockville Centre,NY
79990,12998,500,2018,JTHHP5AY8JA000399,Geneva,NY
73995,21998,500,2018,JTHHP5AY2JA002990,Hollywood,FL
87995,3367,500,2020,JTHBP5AY2LA007566,Seaside,CA
81997,3616,500,2019,JTHHP5AY2KA006541,Davenport,IA
75998,12328,500,2018,JTHHP5AY6JA002751,West Palm Beach,FL
83491,11643,500,2018,JTHHP5AY2JA001693,Carrollton,TX
105987,988,500,2021,JTHKPAAY4MA102107,Reno,NV
71991,36907,500,2018,JTHHP5AY6JA001227,Spring,TX
75000,35516,500,2018,JTHHP5AY3JA003694,Westminster,CA
79906,24283,500,2018,JTHHP5AY8JA001939,Owings Mills,MD
94995,5068,500,2020,JTHAP5AY6LA008084,North Chesterfield,VA
79342,11540,500,2018,JTHHP5AY3JA001394,Rockwall,TX
74900,14259,500,2018,JTHHP5AY5JA003101,Rahway,NJ
82495,13995,500,2019,JTHHP5AY4KA006864,Van Nuys,CA
79990,12554,500,2018,JTHHP5AY7JA000331,Dallas,TX
80995,5369,500,2018,JTHHP5AYXJA005975,Dallas,TX
87889,2102,500,2018,JTHHP5AY3JA005056,Savannah,GA
109999,1596,500,2021,JTHKPAAY6MA101721,Sarasota,FL
79754,20151,500,2018,JTHHP5AY9JA000895,Lugoff,SC
76500,9531,500,2018,JTHHP5AY2JA005680,North Miami,FL
79995,9197,500,2018,JTHHP5AY4JA000867,Irving,TX
94000,14541,500,2020,JTHDP5AY2LA008015,Henderson,NV
83900,4158,500,2018,JTHHP5AY4JA002716,Wayzata,MN
89988,14496,500,2019,JTHHP5AY0KA007011,North Miami,FL
73500,11866,500,2018,JTHHP5AYXJA000954,Grand Rapids,MI
83500,9388,500,2018,JTHHP5AY0JA000395,Pompano Beach,FL
101900,1989,500,2021,JTHAP5AY4MA008313,Fort Wayne,IN
86988,6025,500,2018,JTHHP5AY0JA005046,Litchfield,MN
110950,544,500,2021,JTHKPAAY5MA101614,North Chesterfield,VA
76900,26678,500,2018,JTHHP5AY6JA005214,Wayzata,MN
78598,35091,500,2018,JTHHP5AY1JA001555,Pembroke Pines,FL
80945,18885,500,2018,JTHHP5AY1JA003032,Margate,FL
102000,1398,500,2021,JTHBP5AY5MA008244,Enumclaw,WA
82995,3726,500,2018,JTHHP5AY2JA005047,Seattle,WA
94900,4550,500,2020,JTHEP5AY9LA008047,Spring,TX
76877,21198,500,2018,JTHHP5AYXJA000484,Plano,TX
87735,8064,500,2019,JTHHP5AYXKA006156,Bakersfield,CA
82000,9436,500,2018,JTHHP5AYXJA005765,Jackson,TN
85998,11049,500,2019,JTHHP5AY1KA006630,Pembroke Pines,FL
82555,11848,500,2018,JTHHP5AY5JA005415,Delray Beach,FL
91488,10602,500,2020,JTHBP5AY7LA007997,Garland,TX
78999,18402,500,2018,JTHHP5AY0JA000686,El Paso,TX
79500,13009,500,2018,JTHHP5AY0JA001546,Scottsdale,AZ
84000,12015,500,2019,JTHHP5AY1KA006952,Scottsdale,AZ
82900,4704,500,2018,JTHHP5AY3JA003615,Scottsdale,AZ
92000,10790,500,2020,JTHBP5AY7LA007904,Atlanta,GA
84990,20765,500,2019,JTHHP5AY2KA006040,Marietta,GA
84950,6415,500,2018,JTHHP5AY7JA000250,Bellevue,WA
80990,19125,500,2018,JTHHP5AY3JA002366,West Palm Beach,FL
84995,24867,500,2018,JTHHP5AY6JA005360,San Juan,TX
82877,12302,500,2018,JTHHP5AYXJA005510,Jacksonville,FL
83000,4972,500,2018,JTHHP5AY2JA004738,Grapevine,TX
87988,5543,500,2018,JTHHP5AY4JA005731,Fort Worth,TX
79777,15809,500,2018,JTHHP5AYXJA001716,Prosper,TX
78777,22849,500,2018,JTHHP5AY9JA004929,Boerne,TX
81779,26469,500,2018,JTHHP5AY4JA000609,El Cajon,CA
104598,1125,500,2021,JTHAP5AY7MA101701,Buford,GA
93991,12217,500,2020,JTHCP5AY2LA007894,Plano,TX
78000,18130,500,2018,JTHHP5AYXJA003630,Chicago,IL
76442,21028,500,2018,JTHHP5AY6JA002748,Sacramento,CA
82995,8298,500,2018,JTHHP5AY2JA003282,Lynnwood,WA
89995,6801,500,2020,JTHBP5AY7LA007613,West Palm Beach,FL
88223,6011,500,2018,JTHHP5AY6JA004306,Mission Viejo,CA
86989,18249,500,2018,JTHHP5AY9JA004316,Columbia,SC
109950,2355,500,2021,JTHKPAAY6MA100715,Murfreesboro,TN
84000,24791,500,2018,JTHHP5AY1JA003564,North Chesterfield,VA
79495,13610,500,2018,JTHHP5AY3JA000892,Sewell,NJ
77850,13138,500,2018,JTHHP5AY3JA004019,Fishers,IN
81500,23529,500,2018,JTHHP5AY6JA005259,Pompano Beach,FL
89988,12715,500,2018,JTHHP5AY6JA005679,Buford,GA
104500,2075,500,2021,JTHBP5AY9MA008327,Bellevue,WA
68900,52260,500,2018,JTHHP5AY4JA000920,Tulsa,OK
111888,589,500,2021,JTHKPAAY4MA102270,North Miami,FL
83999,24534,500,2018,JTHHP5AY0JA004981,Carlsbad,CA
84888,10573,500,2018,JTHHP5AYXJA001845,Houston,TX
89990,4240,500,2019,JTHHP5AY8KA007046,Houston,TX
81239,17966,500,2018,JTHHP5AY6JA000787,Owings Mills,MD
97998,7565,500,2020,JTHAP5AY9LA007690,Dallas,TX
91998,8213,500,2019,JTHHP5AY7KA006437,Dallas,TX
124888,160,500,2018,JTHHP5AY0JA004818,Costa Mesa,CA
89995,11908,500,2018,JTHHP5AY1JA000809,Greenwood Village,CO
83900,18100,500,2019,JTHHP5AY5KA006114,Baton Rouge,LA
83977,2273,500,2018,JTHHP5AY2JA005470,Barrington,IL
93850,3225,500,2020,JTHEP5AY8LA007343,Fishers,IN
84998,18680,500,2018,JTHHP5AY6JA000952,Dallas,TX
91998,10616,500,2019,JTHHP5AY1KA006644,Dallas,TX
81855,20864,500,2018,JTHHP5AY4JA002926,Lubbock,TX
80581,17518,500,2018,JTHHP5AY9JA003523,Portland,OR
96995,4395,500,2020,JTHBP5AY2LA007485,Louisville,TN
87990,11205,500,2019,JTHHP5AY1KA006305,West Palm Beach,FL
87994,11150,500,2020,JTHBP5AY8LA007426,Brattleboro,VT
81990,15156,500,2018,JTHHP5AY1JA000924,Atlanta,GA
86877,4255,500,2018,JTHHP5AY7JA003679,Mendon,MA
91849,20007,500,2020,JTHBP5AY1LA007767,Mesa,AZ
85633,13851,500,2019,JTHHP5AYXKA006318,Alvin,TX
81850,19839,500,2018,JTHHP5AY8JA002234,Fishers,IN
88988,7193,500,2019,JTHHP5AY4KA006394,Fremont,CA
92999,5963,500,2019,JTHHP5AY8KA006897,Plainfield,IL
82490,14691,500,2018,JTHHP5AY4JA003090,Atlanta,GA
79990,22594,500,2018,JTHHP5AY0JA003636,Sarasota,FL
87989,3994,500,2018,JTHHP5AY9JA005661,Lowell,MA
102998,7015,500,2020,JTHBP5AY6LA007828,Dallas,TX
82886,3369,500,2018,JTHHP5AY2JA002228,Bellevue,WA
89995,3649,500,2018,JTHHP5AY5JA001722,Honolulu,HI
107938,1882,500,2021,JTHKPAAY5MA100351,West Chester,OH
75995,19628,500,2018,JTHHP5AY1JA000681,Syosset,NY
86998,15784,500,2018,JTHHP5AY7JA004976,Dallas,TX
77990,31994,500,2018,JTHHP5AY2JA003265,Duluth,GA
88888,14150,500,2019,JTHHP5AY9KA007122,Wilsonville,OR
87000,5356,500,2019,JTHHP5AY7KA006759,Brookfield,WI
79900,15609,500,2018,JTHHP5AY2JA002858,Dayton,OH
82199,14175,500,2018,JTHHP5AY2JA003427,Clive,IA
89980,7914,500,2019,JTHHP5AYXKA006724,Newport Beach,CA
79999,19699,500,2018,JTHHP5AY7JA003004,Hurricane,WV
75998,36214,500,2018,JTHHP5AY6JA003799,Houston,TX
89998,9455,500,2018,JTHHP5AY0JA004933,Dallas,TX
105900,5268,500,2021,JTHKPAAY7MA101565,Torrance,CA
96963,7686,500,2020,JTHBP5AY3LA007642,Columbia,SC
75999,13500,500,2018,JTHHP5AY5JA001803,Hollywood,FL
104075,3730,500,2021,JTHAP5AY7MA101536,Great Neck,NY
81998,29816,500,2018,JTHHP5AY4JA003381,Dallas,TX
109699,545,500,2021,JTHKPAAY8MA101199,Charleston,SC
83995,10814,500,2018,JTHHP5AY0JA003667,Lynnwood,WA
79990,27083,500,2018,JTHHP5AY2JA001306,Dallas,TX
74536,30229,500,2018,JTHHP5AY7JA005190,N/A,N/A
79988,17343,500,2018,JTHHP5AY7JA002404,N/A,N/A
78988,27200,500,2018,JTHHP5AY3JA001766,N/A,N/A
79987,14841,500,2018,JTHHP5AY6JA000823,N/A,N/A
93500,6998,500,2020,JTHBP5AY9LA008116,N/A,N/A
88806,592,500,2018,JTHHP5AY9JA001528,N/A,N/A
81998,27339,500,2019,JTHHP5AYXKA006352,N/A,N/A
84988,3727,500,2018,JTHHP5AY9JA003649,N/A,N/A
79990,8232,500,2018,JTHHP5AY1JA003628,N/A,N/A
80944,14567,500,2018,JTHHP5AY9JA002680,N/A,N/A
88497,7991,500,2018,JTHHP5AY3JA005459,N/A,N/A
72989,30137,500h,2018,JTHHY5AY2JA000153,Fort Pierce,FL
74995,17262,500h,2018,JTHHY5AY1JA000645,West Palm Beach,FL
72995,20094,500h,2018,JTHHY5AY2JA000640,Fort Worth,TX
74488,22324,500h,2018,JTHHY5AY4JA000199,Houston,TX
78919,12254,500h,2018,JTHHY5AY9JA000165,Lawndale,CA
105500,578,500h,2021,JTHEY5AY7MA002083,Corbin,KY
79900,18813,500h,2018,JTHHY5AY7JA000276,Saint Paul,MN
83555,5471,500h,2018,JTHHY5AYXJA000305,N/A,N/A
77254,5190,500h,2019,JTHHY5AYXKA001519,N/A,N/A
