Price,Miles,Trim,Year,Vin,City,State
36995,22000,350,2016,JTHSE5BC5G5006418,Bentleyville,PA
26950,79042,350,2015,JTHSE5BCXF5002279,Newport,VT
28499,91580,350,2015,JTHHE5BC0F5010501,AUSTIN,TX
42950,27761,350,2018,JTHSZ5BC1J5008727,Haverford,PA
41586,23684,350,2019,JTHHZ5BC8K5021647,Melbourne,FL
33618,33539,350,2015,JTHHE5BC1F5006280,Austin,TX
42998,19438,350,2018,JTHSZ5BC7J5008716,Chicago,IL
29998,60866,350,2015,JTHHE5BC8F5000959,Sherman Oaks,CA
29980,67470,350,2015,JTHSE5BCXF5001181,Columbia,SC
31434,36321,350,2015,JTHHE5BC9F5010867,Watertown,MA
48000,3816,350,2019,JTHHZ5BC6K5020304,San Diego,CA
37500,31350,350,2018,JTHHZ5BCXJ5018005,Thousand Oaks,CA
47526,12110,350,2020,JTHGZ5BC2L5022354,Torrance,CA
27990,66906,350,2015,JTHHE5BC4F5006256,Houston,TX
31837,46658,350,2016,JTHHE5BC5G5014321,Riverside,CA
29636,71723,350,2015,JTHHE5BC8F5007894,Mckinney,TX
39995,26783,350,2018,JTHHZ5BC8J5019122,Atlanta,GA
36372,38880,350,2017,JTHSE5BC4H5007920,Cincinnati,OH
44107,20094,350,2019,JTHHZ5BC6K5020433,Wesley Chapel,FL
29016,65842,350,2015,JTHSE5BC6F5004367,Groveport,OH
41888,12776,350,2018,JTHHZ5BC9J5018626,Garden Grove,CA
36205,41588,350,2017,JTHSE5BC3H5007326,Blue Ash,OH
37700,36432,350,2018,JTHSZ5BC2J5009000,Lees Summit,MO
36888,14451,350,2015,JTHHE5BC6F5000507,North Miami,FL
42481,18080,350,2018,JTHHZ5BC4J5018386,Fort Myers,FL
40998,16342,350,2018,JTHSZ5BC0J5008783,Framingham,MA
23377,105401,350,2015,JTHSE5BC1F5001604,Covington,KY
28350,63592,350,2015,JTHSE5BC0F5003568,Lawrence Township,NJ
32445,62471,350,2015,JTHSE5BC7F5003616,Naperville,IL
31000,51120,350,2015,JTHHE5BC6F5006436,Phoenix,AZ
34589,14481,350,2015,JTHSE5BC8F5004029,Farmington,MI
34999,15419,350,2015,JTHSE5BC2F5004267,Durham,NC
30911,50083,350,2015,JTHSE5BC2F5005581,Sarasota,FL
31401,42920,350,2015,JTHHE5BC3F5001503,Tulsa,OK
33995,31819,350,2015,JTHSE5BC7F5005155,Dallas,TX
44385,326,350,2019,JTHHZ5BC4K5021578,Sacramento,CA
43995,18832,350,2018,JTHHZ5BC8J5018780,San Juan,TX
33995,99603,350,2018,JTHSZ5BC0J5008721,Clarksville,IN
32590,36101,350,2015,JTHSE5BC0F5004221,Albany,NY
37785,26409,350,2018,JTHSZ5BC8J5008708,Davenport,IA
28990,63473,350,2015,JTHSE5BC0F5000847,Portland,OR
45891,7083,350,2020,JTHDZ5BC5L5022609,Charlotte,NC
34990,18508,350,2015,JTHSE5BC3F5004925,Hayward,CA
46000,20268,350,2019,JTHHZ5BCXK5021052,Bellevue,WA
26500,89888,350,2015,JTHHE5BC0F5004052,San Diego,CA
34991,26051,350,2015,JTHHE5BC3F5006068,Columbus,OH
30900,63863,350,2015,JTHHE5BC8F5001934,Thousand Oaks,CA
36194,18557,350,2015,JTHSE5BC8F5002085,Logan,UT
25298,111078,350,2015,JTHHE5BC6F5001303,Ontario,CA
40668,7025,350,2018,JTHHZ5BC4J5018565,Margate,FL
30452,69257,350,2015,JTHHE5BC4F5007973,Sarasota,FL
42995,25787,350,2019,JTHHZ5BC5K5021394,The Woodlands,TX
48903,7233,350,2020,JTHGZ5DC6L5010303,Silver Spring,MD
36995,22000,350,2016,JTHSE5BC5G5006418,Bentleyville,PA
34990,25946,350,2015,JTHHE5BC3F5006488,Lansing,MI
33990,44868,350,2015,JTHSE5BC2F5001594,Upland,CA
48997,11182,350,2021,JTHGZ5DCXM5010533,Nashua,NH
28999,76902,350,2015,JTHSE5BC5F5005493,Maple Shade,NJ
29993,58749,350,2015,JTHHE5BC2F5003131,Lakewood,CO
25999,71146,350,2015,JTHSE5BC8F5001504,Jamaica,NY
49999,7599,350,2019,JTHSZ5BC0K5009286,North Chesterfield,VA
41341,39336,350,2018,JTHHZ5BC5J5018655,Broomfield,CO
29998,54493,350,2015,JTHHE5BCXF5002308,San Antonio,TX
32647,56820,350,2016,JTHSE5BC2G5006201,Adrian,MI
33887,24226,350,2015,JTHHE5BC4F5007116,Phoenix,AZ
33590,37183,350,2015,JTHSE5BC6F5005275,St George,UT
32995,47081,350,2015,JTHSE5BC6F5002988,Davenport,IA
30990,56267,350,2015,JTHHE5BCXF5002485,Boston,MA
41598,25463,350,2018,JTHSZ5BCXJ5008614,Wichita,KS
42000,20580,350,2017,JTHHE5BC8H5017666,Las Vegas,NV
28499,91580,350,2015,JTHHE5BC0F5010501,AUSTIN,TX
42499,49628,350,2018,JTHSZ5BC5J5008505,Bellingham,WA
48655,8624,350,2020,JTHGZ5BC6L5022289,Torrance,CA
31995,66261,350,2016,JTHHE5BC8G5012031,Friendswood,TX
36482,26465,350,2016,JTHSE5BC8G5006932,Henrico,VA
31995,66261,350,2016,JTHHE5BC8G5012031,Friendswood,TX
29995,70264,350,2015,JTHHE5BC7F5005330,Sarasota,FL
30950,51715,350,2015,JTHSE5BC1F5003059,Sylvania,OH
29000,77926,350,2015,JTHHE5BC1F5000785,San Antonio,TX
36996,41712,350,2017,JTHHE5BC3H5015517,Irondale,AL
31995,55399,350,2015,JTHHE5BC3F5001498,Sugar Land,TX
36987,26032,350,2017,JTHSE5BC6H5007739,Georgetown,KY
36998,40871,350,2017,JTHHE5BC5H5016426,Delray Beach,FL
38649,16856,350,2017,JTHSE5BC6H5008437,Waukesha,WI
33795,30165,350,2016,JTHHE5BC7G5013526,Clearwater,FL
43990,5924,350,2019,JTHSZ5BC8K5009469,Cheyenne,WY
40777,12726,350,2019,JTHHZ5BC3K5020664,Ontario,CA
34900,66624,350,2017,JTHSE5BCXH5008148,Saint Paul,MN
31000,68639,350,2015,JTHHE5BC2F5001346,Sherwood,AR
47991,12568,350,2019,JTHHZ5BC0K5020394,La Quinta,CA
29991,59729,350,2016,JTHHE5BC4G5011376,Hernando,MS
29977,59142,350,2015,JTHHE5BC8F5001481,Strongsville,OH
26339,93610,350,2015,JTHSE5BC8F5002863,Fayetteville,NC
31895,49701,350,2015,JTHHE5BC2F5003212,Atlanta,GA
31849,74333,350,2015,JTHHE5BC7F5008776,Henderson,TX
26723,115800,350,2015,JTHSE5BC6F5000724,Houston,TX
39490,43260,350,2018,JTHHZ5BC7J5018611,Kennesaw,GA
45444,19586,350,2019,JTHHZ5BC4K5019619,Conroe,TX
32995,46938,350,2015,JTHSE5BC8F5002507,Seattle,WA
38999,11445,350,2017,JTHSE5BC9H5008335,Tampa,FL
34950,34308,350,2015,JTHHE5BC2F5010578,Destin,FL
33000,52114,350,2015,JTHSE5BC0F5002369,Fort Collins,CO
37893,27362,350,2017,JTHSE5BC7H5007734,Palo Alto,CA
28990,55368,350,2015,JTHSE5BC9F5001995,Worcester,MA
47497,9460,350,2020,JTHGZ5BCXL5021923,Columbus,GA
33987,20550,350,2015,JTHSE5BC5F5001914,Barrington,IL
34975,27199,350,2015,JTHSE5BC8F5001289,Peoria,IL
33076,57640,350,2015,JTHHE5BC6F5010258,Portland,OR
29945,73622,350,2015,JTHHE5BC8F5001030,Orlando,FL
37887,34147,350,2017,JTHHE5BCXH5017507,Cathedral City,CA
38856,25814,350,2016,JTHHE5BC9G5012345,Savannah,GA
32590,51808,350,2015,JTHHE5BC1F5000267,Grand Rapids,MI
36940,19142,350,2015,JTHHE5BC8F5003683,Temecula,CA
52461,2799,350,2021,JTHGZ5BC6M5023279,Knoxville,TN
33999,50102,350,2016,JTHSE5BC5G5006791,Tampa,FL
53767,1856,350,2021,JTHGZ5BC1M5023982,Sarasota,FL
30991,70431,350,2015,JTHSE5BC8F5002300,Orland Park,IL
33994,35539,350,2015,JTHSE5BC5F5000990,Virginia Beach,VA
33920,45898,350,2016,JTHHE5BC8G5012076,Suitland,MD
29703,74949,350,2015,JTHHE5BC1F5009602,Fayetteville,AR
32780,43144,350,2015,JTHHE5BC7F5000662,New Port Richey,FL
29499,89785,350,2015,JTHHE5BC1F5009986,Conroe,TX
39995,27656,350,2017,JTHHE5BC1H5015533,Tampa,FL
32999,38426,350,2015,JTHHE5BC3F5003753,San Rafael,CA
32000,36077,350,2015,JTHHE5BC0F5001989,Escondido,CA
38995,21157,350,2015,JTHSE5BC5F5001640,Fountain Hills,AZ
33308,49771,350,2015,JTHHE5BC3F5002604,Modesto,CA
31990,55262,350,2015,JTHHE5BC3F5003476,Minneapolis,MN
38000,26904,350,2017,JTHHE5BC8H5015576,Bellflower,CA
34900,31514,350,2015,JTHSE5BC2F5000655,Pittsburgh,PA
33967,53879,350,2015,JTHSE5BC5F5000407,Houston,TX
31875,60723,350,2015,JTHHE5BC0F5004889,Scottsdale,AZ
32995,64364,350,2015,JTHSE5BC0F5003702,Schaumburg,IL
41977,26754,350,2018,JTHSZ5BCXJ5009035,Covington,KY
29116,63434,350,2015,JTHSE5BC9F5002273,Silver Spring,MD
37193,35935,350,2017,JTHSE5BC1H5007261,Myrtle Beach,SC
32900,68046,350,2015,JTHHE5BC5F5009991,Conyers,GA
50987,5575,350,2020,JTHGZ5BC0L5023065,Valencia,CA
35659,32807,350,2015,JTHHE5BC0F5006562,Fort Worth,TX
32899,41677,350,2015,JTHHE5BC3F5010458,Marietta,GA
29999,45151,350,2015,JTHHE5BC7F5001343,Daytona Beach,FL
48992,12466,350,2020,JTHGZ5BC6L5022406,Waxahachie,TX
32990,66102,350,2016,JTHHE5BCXG5012998,San Antonio,TX
40200,7969,350,2018,JTHHZ5BC2J5018449,Pompano Beach,FL
33899,82583,350,2017,JTHSE5BC3H5008119,Mount Laurel,NJ
42895,22428,350,2017,JTHHE5BC1H5016598,Fort Worth,TX
44934,21850,350,2018,JTHSZ5BCXJ5009018,Saint Louis,MO
30998,81235,350,2015,JTHHE5BCXF5003975,Houston,TX
33499,42499,350,2015,JTHHE5BC8F5009435,Frisco,TX
48999,3243,350,2021,JTHAZ5BC4M5023464,Orlando,FL
39892,36342,350,2017,JTHSE5BC5H5008090,Memphis,TN
51700,2240,350,2020,JTHGZ5BC9L5022089,Birmingham,AL
33455,43753,350,2015,JTHHE5BCXF5001496,Longwood,FL
38000,33685,350,2015,JTHHE5BC8F5002761,Kailua Kona,HI
45989,21207,350,2019,JTHSZ5BC2K5009211,Lowell,MA
32467,47620,350,2015,JTHSE5BC4F5002827,Charlotte,NC
40998,19292,350,2017,JTHHE5BC1H5016357,Wichita,KS
36199,32357,350,2016,JTHHE5BC0G5011939,Dallas,TX
47881,17975,350,2018,JTHSZ5BC2J5008770,Ogden,UT
40245,30758,350,2017,JTHHE5BC9H5017434,Nash,TX
50487,12218,350,2019,JTHSZ5BC6K5009826,Watertown,MA
32300,49646,350,2015,JTHHE5BC4F5006032,South San Francisco,CA
34731,34862,350,2015,JTHHE5BC2F5000987,Tucson,AZ
37496,27511,350,2015,JTHHE5BC4F5002661,Webster,TX
45998,22632,350,2018,JTHHZ5BC5J5018476,Dallas,TX
45990,32787,350,2020,JTHGZ5BCXL5022313,Webster,TX
45998,21791,350,2018,JTHSZ5BC5J5008746,Dallas,TX
42894,37888,350,2018,JTHHZ5BC1J5018748,Oxnard,CA
42998,21222,350,2019,JTHHZ5BC0K5019469,Pembroke Pines,FL
35995,55937,350,2016,JTHHE5BC8G5012143,Yuba City,CA
29084,91000,350,2015,JTHHE5BC3F5004126,Springfield,TN
32994,63464,350,2015,JTHSE5BC5F5004246,Fayetteville,AR
35151,37847,350,2016,JTHHE5BC0G5014484,Hemet,CA
32995,31200,350,2015,JTHSE5BC4F5004108,Naugatuck,CT
33990,49288,350,2015,JTHSE5BC0F5003764,Jacksonville,FL
39391,33187,350,2017,JTHSE5BC1H5008409,Laurel,MD
27999,112263,350,2015,JTHSE5BC7F5003549,Detroit,MI
44999,22256,350,2017,JTHHE5BC0H5017645,Richardson,TX
39837,18667,350,2017,JTHHE5BC5H5015941,Riverside,CA
47995,12055,350,2019,JTHSZ5BC3K5009590,Yakima,WA
36990,20492,350,2016,JTHSE5BC3G5006580,Malden,MA
31500,80916,350,2016,JTHHE5BC6G5013131,Mobile,AL
33995,38764,350,2015,JTHHE5BC5F5007156,Henderson,NV
32995,59404,350,2015,JTHHE5BC8F5011170,Friendswood,TX
37999,15430,350,2015,JTHHE5BC1F5000348,Hickory,NC
35994,39650,350,2016,JTHHE5BC0G5012475,Leesburg,FL
40990,20130,350,2017,JTHHE5BC4H5016630,Seattle,WA
29995,85077,350,2016,JTHHE5BC4G5012365,Birmingham,AL
53935,4089,350,2020,JTHGZ5BC4L5022792,Kernersville,NC
35000,34608,350,2016,JTHHE5BC4G5014102,Cerritos,CA
32882,55239,350,2015,JTHSE5BC1F5004969,Groveport,OH
37990,45150,350,2017,JTHHE5BCXH5017524,Buford,GA
40736,19225,350,2017,JTHHE5BC7H5017285,El Cajon,CA
32000,76844,350,2015,JTHHE5BC7F5010799,Escondido,CA
42898,9860,350,2018,JTHHZ5BC4J5019036,Pembroke Pines,FL
35495,38858,350,2015,JTHHE5BC7F5010916,Houston,TX
34995,54777,350,2016,JTHSE5BC3G5006742,Dearborn,MI
31900,83750,350,2015,JTHSE5BC7F5005690,Ankeny,IA
34990,25735,350,2017,JTHHE5BC5H5015101,Farmers Branch,TX
42886,25835,350,2017,JTHHE5BC3H5015100,Houston,TX
34990,25735,350,2017,JTHHE5BC5H5015101,Farmers Branch,TX
52500,5983,350,2019,JTHSZ5BC3K5009900,Suitland,MD
42886,25835,350,2017,JTHHE5BC3H5015100,Houston,TX
35486,52995,350,2016,JTHHE5BC0G5012766,Houston,TX
38995,35218,350,2017,JTHSE5BC4H5007772,Gresham,OR
28900,101060,350,2015,JTHHE5BC6F5011085,Cerritos,CA
32499,67692,350,2015,JTHHE5BC2F5007261,Austin,TX
33444,54651,350,2015,JTHHE5BCXF5008786,Marietta,GA
30995,72177,350,2015,JTHHE5BC7F5004727,Indianapolis,IN
31995,66606,350,2016,JTHHE5BC8G5014779,Costa Mesa,CA
37890,37222,350,2015,JTHSE5BC9F5003004,Edmonds,WA
35990,35922,350,2015,JTHSE5BC1F5004079,Salt Lake City,UT
27999,99286,350,2015,JTHSE5BC5F5005137,Blue Springs,MO
57987,4424,350,2020,JTHGZ5DC5L5010079,Viera,FL
39800,29922,350,2017,JTHHE5BC3H5015159,Vallejo,CA
34990,37291,350,2015,JTHHE5BC2F5006384,Kennesaw,GA
34385,44644,350,2015,JTHHE5BCXF5008190,Houston,TX
38300,43450,350,2017,JTHHE5BC5H5017527,Cerritos,CA
39807,47803,350,2017,JTHHE5BC2H5015962,Paris,TX
27999,65217,350,2015,JTHHE5BC6F5004105,Montclair,CA
36980,76854,350,2015,JTHSE5BC9F5004699,Spokane,WA
33386,68783,350,2015,JTHHE5BCXF5002163,Webster,TX
34998,46243,350,2015,JTHHE5BC7F5000841,Webster,TX
41999,14041,350,2015,JTHHE5BC5F5007352,San Antonio,TX
50999,11390,350,2020,JTHGZ5BC6L5021790,Tacoma,WA
38721,43813,350,2017,JTHHE5BC5H5017463,La Place,LA
37990,31466,350,2016,JTHHE5BC8G5012952,Santa Clara,CA
33998,80538,350,2017,JTHHE5BCXH5016244,Bradenton,FL
37273,26914,350,2015,JTHSE5BC0F5003361,Portland,OR
33997,71057,350,2015,JTHHE5BC4F5007827,Sacramento,CA
44000,46008,350,2019,JTHHZ5BC0K5020508,Las Vegas,NV
29995,94926,350,2015,JTHHE5BC0F5008912,Selma,TX
41214,33465,350,2017,JTHHE5BCXH5017197,Houston,TX
41950,36485,350,2017,JTHHE5BC9H5014887,Austin,TX
27977,89341,350,2015,JTHSE5BC8F5000322,Buffalo Grove,IL
36999,72656,350,2015,JTHHE5BC6F5010647,Roseville,CA
39495,33924,350,2017,JTHHE5BC4H5017213,Austin,TX
38995,40358,350,2015,JTHSE5BC5F5005249,Eaton,OH
30998,59543,350,2015,JTHHE5BCXF5009078,Pembroke Pines,FL
37475,21600,350,2015,JTHHE5BC8F5004414,Commerce,GA
35988,50490,350,2015,JTHHE5BC0F5004049,Albany,GA
34419,51645,350,2015,JTHHE5BC2F5001766,Pembroke Pines,FL
32700,68268,350,2015,JTHHE5BC2F5010029,South San Francisco,CA
46991,6384,350,2019,JTHHZ5BC4K5021757,Minneapolis,MN
34990,51943,350,2015,JTHSE5BC7F5005043,Lowell,MA
38200,39482,350,2017,JTHHE5BC1H5016522,Montclair,CA
33877,79570,350,2015,JTHSE5BC8F5000952,Williamsburg,VA
38934,45356,350,2017,JTHHE5BCXH5016146,Little Rock,AR
46000,8754,350,2018,JTHSZ5BC6J5008836,Bellevue,WA
36912,58332,350,2015,JTHHE5BC4F5002501,Murfreesboro,TN
36915,61580,350,2015,JTHHE5BC0F5007422,Monroe,LA
37475,54793,350,2015,JTHHE5BC7F5008440,Easley,SC
39000,63804,350,2015,JTHHE5BC0F5003614,Austin,TX
40794,24480,350,2017,JTHHE5BC6H5016242,Austin,TX
41240,27931,350,2018,JTHHZ5BC7J5019208,Marietta,GA
37999,42314,350,2017,JTHHE5BC9H5017563,Stafford,TX
30322,75358,350,2015,JTHSE5BC2F5000669,Cheyenne,WY
47991,9752,350,2019,JTHHZ5BC9K5020698,Albuquerque,NM
41991,26351,350,2017,JTHHE5BC0H5015474,Albuquerque,NM
31980,50951,350,2015,JTHSE5BC5F5002965,Hoffman Estates,IL
49998,9749,350,2018,JTHHZ5BC6J5018812,Winston Salem,NC
34977,51629,350,2015,JTHHE5BC2F5007521,Carrollton,TX
35998,58464,350,2015,JTHHE5BC6F5001186,Webster,TX
36998,60283,350,2015,JTHHE5BC9F5003904,Webster,TX
38869,21985,350,2017,JTHHE5BC7H5014886,Montclair,CA
48500,26974,350,2019,JTHSZ5BC4K5009310,Vienna,VA
37900,36136,350,2015,JTHSE5BC2F5001725,Pittsburgh,PA
35799,64385,350,2016,JTHSE5BC2G5005775,Kinston,NC
29937,55260,350,2015,JTHSE5BC6F5003428,Westmont,IL
32950,69329,350,2015,JTHHE5BC1F5005243,Fallston,MD
36950,61869,350,2017,JTHHE5BC6H5014958,Pomona,CA
32000,91295,350,2015,JTHHE5BCXF5004060,Cape Coral,FL
34499,81073,350,2017,JTHHE5BC0H5015491,Cincinnati,OH
28990,60349,350,2015,JTHSE5BC5F5001606,Columbia,SC
39995,38979,350,2016,JTHHE5BC5G5014450,El Paso,TX
34991,51900,350,2015,JTHHE5BC2F5010841,Houston,TX
42991,15165,350,2018,JTHHZ5BC7J5019144,Spring,TX
52988,5393,350,2020,JTHGZ5DC3L5010355,Naperville,IL
34309,47615,350,2015,JTHSE5BC3F5004391,Brookfield,WI
33982,49424,350,2016,JTHHE5BC8G5013860,Savannah,GA
48998,11680,350,2019,JTHHZ5BC1K5019982,Dallas,TX
38500,2220,350,2016,JTHHE5BC3G5012115,San Antonio,TX
51998,5574,350,2019,JTHHZ5BC3K5021782,Dallas,TX
34831,44583,350,2016,JTHHE5BC9G5012183,San Antonio,TX
37995,27815,350,2015,JTHSE5BC6F5005566,Frederick,MD
37998,34581,350,2015,JTHHE5BC5F5006461,Lynnwood,WA
30995,77761,350,2015,JTHHE5BC0F5001684,N/A,N/A
35868,55986,350,2015,JTHSE5BC9F5004184,N/A,N/A
32888,56923,350,2015,JTHHE5BC0F5006397,N/A,N/A
37986,9425,350,2015,JTHSE5BC4F5004643,N/A,N/A
42965,20494,350,2019,JTHHZ5BC2K5019439,N/A,N/A
40888,41165,350,2019,JTHHZ5BC9K5021169,N/A,N/A
41376,15692,350,2018,JTHHZ5BC7J5018575,N/A,N/A
32999,36537,350,2015,JTHHE5BC2F5008619,N/A,N/A
36998,33498,350,2015,JTHSE5BC1F5001800,N/A,N/A
33350,49191,350,2015,JTHSE5BC6F5005227,N/A,N/A
35800,29823,350,2015,JTHSE5BCXF5003819,N/A,N/A
31950,66123,350,2015,JTHSE5BC6F5005003,N/A,N/A
38200,29821,350,2017,JTHHE5BC5H5017494,N/A,N/A
31323,69111,350,2015,JTHHE5BC0F5004715,N/A,N/A
36987,30166,350,2015,JTHHE5BC4F5007620,N/A,N/A
52995,6173,350,2021,JTHDZ5BC0M5023572,N/A,N/A
36544,40500,350,2017,JTHHE5BC4H5016482,N/A,N/A
53987,9621,350,2020,JTHGZ5BC1L5022605,N/A,N/A
38845,53810,350,2017,JTHHE5BC4H5016093,N/A,N/A
42999,5726,350,2015,JTHSE5BC0F5001979,N/A,N/A
39999,40050,350,2015,JTHHE5BC0F5004147,N/A,N/A
46500,12000,350,2017,JTHHE5BC9H5017854,N/A,N/A
37800,66966,350,2017,JTHSE5BC8H5007516,N/A,N/A
41432,23658,300,2019,JTHHA5BCXK5009216,Newport Beach,CA
40364,17320,300,2018,JTHS85BC0J5004302,Little Rock,AR
42887,17834,300,2019,JTHHA5BC6K5009696,Viera,FL
36572,18624,300,2017,JTHSM5BC9H5003865,White Plains,NY
40995,18101,300,2019,JTHHA5BC4K5009065,Prescott,AZ
27995,36204,300,2017,JTHSM5BC2H5003481,Bronx,NY
42626,7257,300,2019,JTHHA5BC4K5010250,Cordova,TN
36499,7966,300,2019,JTHHA5BC9K5009384,San Diego,CA
34966,19487,300,2016,JTHSM5BC8G5002169,Milwaukee,WI
41607,10804,300,2019,JTHHA5BC1K5009766,Jacksonville,FL
42009,3445,300,2019,JTHS85BC1K5005198,Brookfield,WI
37349,18807,300,2017,JTHSM5BC1H5002984,Dublin,OH
40900,11893,300,2018,JTHS85BC7J5004409,Wayzata,MN
40986,13529,300,2019,JTHHA5BC6K5010265,Bellflower,CA
29220,38022,300,2017,JTHSM5BC4H5003949,Edison,NJ
42073,18891,300,2019,JTHHA5BC3K5010210,Westlake Village,CA
35990,23416,300,2018,JTHS85BC7J5004281,Atlanta,GA
35953,34698,300,2019,JTHS85BC7K5005092,Burnsville,MN
30970,43587,300,2016,JTHSM5BCXG5001864,Royersford,PA
39990,22973,300,2019,JTHHA5BC0K5009242,Metairie,LA
38998,10934,300,2019,JTHHA5BC5K5009382,Doral,FL
44990,4410,300,2021,JTHGA5BC0M5011202,Weston,FL
42687,12504,300,2018,JTHS85BC3J5004326,Watertown,MA
29500,61095,300,2016,JTHSM5BC6G5000887,Pompano Beach,FL
41997,16211,300,2019,JTHS85BC4K5005034,Chicago,IL
41500,13606,300,2019,JTHS85BC0K5004821,Bellevue,WA
40211,25411,300,2018,JTHS85BC2J5004415,Naperville,IL
32995,34841,300,2017,JTHSM5BC3H5003795,Brooklyn,NY
35990,14094,300,2017,JTHSM5BC7H5002892,Saint Paul,MN
41900,16709,300,2019,JTHS85BC7K5004976,Wayzata,MN
43194,2350,300,2020,JTHAA5BC6L5010933,Weatherford,TX
39465,23177,300,2018,JTHS85BC8J5004113,Highland Park,IL
39881,16491,300,2020,JTHAA5BC4L5010882,Jacksonville,FL
35998,38915,300,2018,JTHHA5BC0J5008414,American Fork,UT
41431,11404,300,2019,JTHHA5BC5K5009706,Vista,CA
36920,35109,300,2018,JTHS85BC1J5004454,White Plains,NY
43387,6523,300,2019,JTHHA5BC6K5009925,Tampa,FL
29995,70395,300,2017,JTHSM5BC3H5003098,Philadelphia,PA
44998,9212,300,2020,JTHGA5BC8L5010779,Dallas,TX
36599,31388,300,2018,JTHS85BC8J5004323,Ramsey,NJ
38595,11543,300,2018,JTHHA5BC7J5008233,Buena Park,CA
37094,23373,300,2018,JTHS85BC5J5004067,Mount Laurel,NJ
42900,9926,300,2019,JTHHA5BC0K5009502,Baton Rouge,LA
37000,6337,300,2017,JTHSM5BC3H5003702,Englewood,NJ
33930,64845,300,2018,JTHS85BC6J5004353,Prince Frederick,MD
35945,31881,300,2017,JTHSM5BC6H5003855,White Plains,NY
40000,14099,300,2018,JTHS85BC7J5004491,Noblesville,IN
35477,47746,300,2017,JTHSM5BC6H5003886,Schaumburg,IL
41900,14528,300,2019,JTHHA5BC9K5009823,Marietta,GA
32995,41353,300,2016,JTHSM5BC8G5000177,Renton,WA
44577,18603,300,2020,JTHD85EC5L5005839,Suitland,MD
38900,8588,300,2018,JTHHA5BC2J5008737,Costa Mesa,CA
42000,23219,300,2019,JTHHA5BC2K5008884,Lafayette,IN
47995,3538,300,2021,JTHGA5BC7M5011228,Greensboro,NC
45998,5945,300,2020,JTHGA5BC8L5011012,Tampa,FL
31990,32548,300,2016,JTHSM5BC5G5000640,Minneapolis,MN
30985,57610,300,2016,JTHSM5BC2G5000868,Chicago,IL
43999,2128,300,2019,JTHHA5BC5K5009754,West Palm Beach,FL
32965,39286,300,2016,JTHSM5BC5G5001559,Carrollton,GA
40998,28542,300,2019,JTHHA5BCXK5009796,Pembroke Pines,FL
34277,64970,300,2017,JTHSM5BCXH5003518,Schaumburg,IL
43915,18140,300,2019,JTHHA5BC2K5010330,Houston,TX
40995,20679,300,2019,JTHS85BC0K5005189,Williamstown,NJ
38900,22620,300,2018,JTHHA5BC3J5008505,Charleston,SC
34991,46799,300,2017,JTHSM5BC7H5003282,Fife,WA
41998,23949,300,2019,JTHHA5BC2K5009503,Ontario,CA
35800,31024,300,2017,JTHSM5BC0H5003642,Stratham,NH
39999,18523,300,2018,JTHS85BC2J5004138,Cartersville,GA
41891,28960,300,2019,JTHHA5BC6K5010251,CEDAR PARK,TX
41988,10901,300,2019,JTHHA5BC4K5010362,Fremont,CA
33500,66045,300,2017,JTHSM5BC5H5003197,Anchorage,AK
36754,63214,300,2019,JTHHA5BC1K5009525,Kirkland,WA
42900,9875,300,2020,JTHAA5BC3L5010582,Miami,FL
43498,9846,300,2020,JTHAA5BC2L5010587,Pembroke Pines,FL
41692,19970,300,2020,JTHAA5BC9L5010537,Miami,FL
46777,5179,300,2019,JTHHA5BC6K5009004,Greenville,SC
41900,6255,300,2019,JTHS85BC2K5004612,Huntington,NY
34451,36221,300,2017,JTHSM5BCXH5003275,Philadelphia,PA
42500,20574,300,2019,JTHHA5BC0K5009516,Scottsdale,AZ
35600,33902,300,2017,JTHSM5BC1H5002404,Plainfield,IN
36995,36679,300,2018,JTHS85BCXJ5004517,Minneapolis,MN
27999,76567,300,2016,JTHSM5BC6G5000825,Longmont,CO
38999,23604,300,2018,JTHHA5BC0J5008283,Opa Locka,FL
42844,15764,300,2019,JTHS85BC1K5005475,Pittsburgh,PA
48895,9538,300,2019,JTHHA5BC3K5010241,San Antonio,TX
32466,41677,300,2016,JTHSM5BC5G5001898,Bedford,OH
43444,6791,300,2019,JTHHA5BC3K5009655,Van Nuys,CA
39766,13680,300,2018,JTHHA5BC6J5008661,Beaverton,OR
34700,27994,300,2017,JTHSM5BCXH5002434,Owings Mills,MD
38995,23957,300,2018,JTHHA5BC8J5008774,San Diego,CA
47990,3456,300,2019,JTHHA5BCXK5009507,Bakersfield,CA
35995,35295,300,2016,JTHSM5BC7G5000249,Wilmington,NC
39983,21470,300,2018,JTHS85BC2J5004317,Memphis,TN
34590,32375,300,2016,JTHSM5BC1G5001980,Austin,TX
41240,20195,300,2019,JTHHA5BC3K5009767,Roswell,GA
37397,35308,300,2016,JTHSM5BC9G5002004,Charlotte,NC
48135,2718,300,2021,JTHGA5BC0M5011183,Miami Lakes,FL
47682,11144,300,2020,JTHG85EC1L5005964,La Follette,TN
52250,3493,300,2020,JTHGA5BCXL5010721,San Antonio,TX
38995,14755,300,2017,JTHSM5BC0H5003284,Doylestown,PA
40588,21699,300,2018,JTHHA5BC6J5008739,Fremont,CA
38990,38902,300,2018,JTHHA5BC6J5008272,Dallas,TX
47999,16555,300,2017,JTHSM5BCXH5003650,Hartford,CT
52995,2156,300,2021,JTHGA5BC7M5011424,Mount Juliet,TN
48691,3334,300,2020,JTHGA5BC2L5010762,Woburn,MA
41995,23357,300,2017,JTHSM5BC4H5002736,North Chesterfield,VA
39000,28638,300,2018,JTHS85BC7J5004538,Norfolk,VA
39999,27021,300,2018,JTHHA5BC7J5008751,Orlando,FL
39999,23689,300,2017,JTHSM5BC4H5003319,North Chesterfield,VA
38995,21820,300,2016,JTHSM5BC0G5002120,North Chesterfield,VA
38900,21800,300,2018,JTHS85BC3J5004231,Brighton,MA
46990,12261,300,2019,JTHHA5BC0K5009029,Sarasota,FL
43791,13084,300,2019,JTHHA5BC1K5010058,Las Vegas,NV
37998,22384,300,2017,JTHSM5BC2H5003349,Lynnwood,WA
43997,12036,300,2020,JTHGA5BC8L5010989,Margate,FL
39995,26747,300,2018,JTHS85BC7J5004524,Doylestown,PA
45995,23966,300,2019,JTHHA5BC0K5009189,Chino,CA
38590,25768,300,2018,JTHHA5BC5J5008344,Cheyenne,WY
34900,25425,300,2016,JTHSM5BC2G5001471,Catonsville,MD
37998,43944,300,2018,JTHHA5BCXJ5008405,Dallas,TX
41995,15674,300,2019,JTHHA5BC2K5010179,Williamstown,NJ
35900,55138,300,2017,JTHSM5BC6H5002852,Wayzata,MN
35998,46428,300,2016,JTHSM5BC2G5000904,Minneapolis,MN
42999,25826,300,2019,JTHHA5BC2K5010232,Birmingham,AL
39500,19501,300,2018,JTHS85BC6J5004224,Summit,NJ
45590,13331,300,2019,JTHS85BC8K5005201,Providence,RI
37944,7886,300,2019,JTHHA5BC5K5010337,Delray Beach,FL
33989,36269,300,2018,JTHHA5BC1J5008115,N/A,N/A
34995,23034,300,2016,JTHSM5BC5G5002209,N/A,N/A
42194,11869,300,2019,JTHHA5BC7K5009836,N/A,N/A
39969,8735,300,2019,JTHHA5BC8K5009831,N/A,N/A
41900,12280,300,2019,JTHHA5BC7K5009898,N/A,N/A
33995,50563,300,2017,JTHSM5BC6H5002768,N/A,N/A
46759,6712,300,2020,JTHGA5BC4L5010553,N/A,N/A
34994,43963,300,2016,JTHSM5BC1G5000988,N/A,N/A
36888,28526,300,2018,JTHHA5BC5J5007856,N/A,N/A
39988,29353,300,2017,JTHSM5BC3H5002369,N/A,N/A
30995,32656,200t,2017,JTHHA5BC0H5007449,Fontana,CA
32990,24513,200t,2017,JTHHA5BC2H5007503,Blacklick,OH
33950,24688,200t,2017,JTHHA5BC7H5007450,Fort Lauderdale,FL
30487,36336,200t,2016,JTHHA5BC1G5004316,Cathedral City,CA
28798,24264,200t,2016,JTHHA5BC1G5001836,West Palm Beach,FL
27900,25765,200t,2016,JTHHA5BC4G5004035,Miami,FL
30499,36941,200t,2017,JTHHA5BC8H5006520,Atlanta,GA
30597,42162,200t,2017,JTHHA5BC1H5005497,Clearwater,FL
32998,30717,200t,2017,JTHHA5BC1H5007122,West Palm Beach,FL
17999,222884,200t,2016,JTHHA5BC5G5000902,Irondale,AL
30980,31763,200t,2016,JTHHA5BC7G5000450,Hoffman Estates,IL
34365,31205,200t,2016,JTHHA5BC7G5001369,Savannah,GA
29989,36015,200t,2016,JTHHA5BC6G5003999,Houston,TX
29444,74232,200t,2017,JTHHA5BC9H5006848,Macon,GA
28554,28732,200t,2017,JTHHA5BC2H5005878,Sheboygan,WI
29991,40954,200t,2016,JTHHA5BC6G5000990,Cerritos,CA
31499,40567,200t,2017,JTHHA5BC2H5006741,Scottsdale,AZ
25745,62714,200t,2016,JTHHA5BC0G5001973,Williamstown,NJ
33490,30214,200t,2017,JTHHA5BC2H5007131,Roswell,GA
34999,18927,200t,2017,JTHHA5BC9H5007692,Columbus,GA
31895,59235,200t,2016,JTHHA5BC5G5002164,Fort Worth,TX
29990,33653,200t,2016,JTHHA5BC7G5003588,Countryside,IL
29990,66491,200t,2016,JTHHA5BC2G5003532,Portland,OR
29590,48541,200t,2016,JTHHA5BC9G5000479,Saint Louis,MO
32333,27197,200t,2017,JTHHA5BC4H5007423,Carlsbad,CA
35590,20696,200t,2017,JTHHA5BC4H5005588,New Orleans,LA
30590,40418,200t,2016,JTHHA5BC6G5003470,Little Rock,AR
35638,35307,200t,2017,JTHHA5BCXH5005756,Charlotte,NC
29950,61755,200t,2016,JTHHA5BC3G5002891,Willow Spring,NC
35500,16174,200t,2017,JTHHA5BC8H5006839,Oxnard,CA
34999,21030,200t,2017,JTHHA5BC1H5005595,San Diego,CA
36999,50054,200t,2017,JTHHA5BC2H5004911,El Paso,TX
29977,67711,200t,2016,JTHHA5BC5G5004657,Hollywood,FL
32459,32549,200t,2017,JTHHA5BC7H5007514,San Diego,CA
30995,47442,200t,2016,JTHHA5BC1G5001576,Pelham,AL
30499,31439,200t,2016,JTHHA5BC8G5003647,Atlanta,GA
33000,15573,200t,2016,JTHHA5BC9G5000627,Miami,FL
34995,37018,200t,2017,JTHHA5BC9H5007384,Clearwater,FL
28999,83635,200t,2016,JTHHA5BC7G5001338,Hallandale,FL
29991,53850,200t,2016,JTHHA5BC9G5000904,San Antonio,TX
36997,27557,200t,2017,JTHHA5BC4H5005378,Joplin,MO
31300,57867,200t,2016,JTHHA5BC9G5003267,Cerritos,CA
32875,48524,200t,2017,JTHHA5BC4H5007177,Vista,CA
29500,61359,200t,2016,JTHHA5BCXG5001270,Scottsdale,AZ
31990,53831,200t,2016,JTHHA5BC6G5003615,Atlanta,GA
29950,72120,200t,2016,JTHHA5BC7G5000464,Plano,TX
36995,48844,200t,2017,JTHHA5BC6H5006869,Bossier City,LA
36944,27158,200t,2016,JTHHA5BC0G5002458,Carlsbad,CA
35977,37018,200t,2016,JTHHA5BC4G5004052,Covington,KY
34599,21711,200t,2017,JTHHA5BCXH5006776,Tempe,AZ
35590,34532,200t,2017,JTHHA5BCXH5007328,Addison,TX
33862,43846,200t,2016,JTHHA5BC7G5000898,Cincinnati,OH
32495,51347,200t,2016,JTHHA5BC2G5003661,Lawrence Township,NJ
32855,51158,200t,2016,JTHHA5BCXG5001785,Buford,GA
32699,51629,200t,2016,JTHHA5BC8G5001347,Marietta,GA
37900,24186,200t,2016,JTHHA5BC3G5001692,Belmont,NC
39488,15147,200t,2017,JTHHA5BC4H5007213,Fremont,CA
31950,69192,200t,2016,JTHHA5BC7G5002022,South San Francisco,CA
36999,50640,200t,2016,JTHHA5BC3G5004799,El Paso,TX
41995,2259,200t,2017,JTHHA5BC0H5007547,Honolulu,HI
29225,60492,200t,2017,JTHHA5BC6H5005737,Margate,FL
30998,45077,200t,2016,JTHHA5BC0G5004324,Pembroke Pines,FL
26990,64840,200t,2016,JTHHA5BC6G5000228,Kansas City,MO
33590,18039,200t,2017,JTHHA5BC5H5007088,Pleasantville,NY
33999,68079,200t,2016,JTHHA5BC6G5001430,Escondido,CA
26590,49982,200t,2016,JTHHA5BC4G5003712,Cheyenne,WY
33000,38649,200t,2016,JTHHA5BC1G5002274,Okarche,OK
34099,10459,200t,2017,JTHHA5BC4H5007261,Scottsdale,AZ
33697,42415,200t,2017,JTHHA5BC0H5005104,Irving,TX
32684,35939,200t,2017,JTHHA5BC3H5005064,Miami,FL
39900,10641,200t,2017,JTHHA5BC5H5006099,Honolulu,HI
34500,34273,200t,2017,JTHHA5BC0H5007550,N/A,N/A
32983,27431,200t,2017,JTHHA5BC5H5007317,N/A,N/A
33997,39427,200t,2016,JTHHA5BC3G5004348,N/A,N/A
31995,56731,200t,2016,JTHHA5BC7G5000416,N/A,N/A
32890,66974,200t,2016,JTHHA5BC5G5003119,N/A,N/A
39995,92459,F,2015,JTHHP5BC8F5004553,Austin,TX
47785,45439,F,2016,JTHHP5BC1G5004783,Margate,FL
63600,13894,F,2019,JTHHP5BC9K5007309,Duluth,GA
63950,24152,F,2019,JTHHP5BCXK5006976,Westport,CT
48895,28582,F,2015,JTHHP5BC2F5001079,San Antonio,TX
74880,2823,F,2020,JTHDP5BC7L5007907,Seattle,WA
51989,23111,F,2017,JTHHP5BC0H5005957,Dallas,TX
43080,66418,F,2015,JTHHP5BC2F5002863,Fort Myers,FL
69991,2749,F,2020,JTHAP5BC4L5007561,Jacksonville,FL
51499,28116,F,2016,JTHHP5BC5G5005418,Jacksonville,FL
47790,35957,F,2015,JTHHP5BC9F5001094,Addison,TX
59776,16408,F,2019,JTHHP5BC4K5007203,Chicago,IL
57555,15241,F,2017,JTHHP5BC1H5005871,Georgetown,TX
74998,12344,F,2020,JTHDP5BC6L5007445,Shrewsbury,MA
69850,9927,F,2019,JTHHP5BC0K5007215,Fishers,IN
74995,978,F,2020,JTHDP5BC6L5007610,Costa Mesa,CA
72992,11180,F,2020,JTHDP5BC3L5007838,Memphis,TN
75998,3066,F,2020,JTHDP5BC7L5007843,Montclair,CA
47938,34700,F,2015,JTHHP5BC9F5004352,Austin,TX
73999,1352,F,2020,JTHDP5BC8L5007463,Puyallup,WA
79499,4659,F,2021,JTHDP5BC5M5008068,Tampa,FL
77498,5849,F,2020,JTHDP5BC1L5007417,Dallas,TX
75736,7203,F,2020,JTHDP5BC2L5007426,El Cajon,CA
43499,58213,F,2015,JTHHP5BC8F5000244,Stafford,TX
48991,45680,F,2015,JTHHP5BC0F5000769,Albuquerque,NM
67888,14173,F,2019,JTHHP5BC2K5006955,Orlando,FL
52998,22974,F,2016,JTHHP5BC6G5005170,Fresno,CA
45998,74771,F,2015,JTHHP5BCXF5002769,Houston,TX
74888,14646,F,2020,JTHDP5BC4L5007542,Mooresville,NC
45941,69092,F,2015,JTHHP5BC7F5000154,Buffalo Grove,IL
77990,3086,F,2020,JTHDP5BC9L5007522,Atlanta,GA
51998,26180,F,2015,JTHHP5BC1F5003261,Dallas,TX
46250,52058,F,2015,JTHHP5BC6F5004535,Austin,TX
79950,11131,F,2020,JTHJP5BC0L5007623,Bellevue,WA
52991,34466,F,2015,JTHHP5BC2F5000918,Wooster,OH
49750,42204,F,2017,JTHHP5BC6H5005817,Gilbert,AZ
51990,33665,F,2015,JTHHP5BC0F5001808,Sarasota,FL
73898,1020,F,2020,JTHDP5BC6L5007672,Miami,FL
42995,77555,F,2016,JTHHP5BC8G5005574,North Chesterfield,VA
53970,10462,F,2015,JTHHP5BCXF5003677,Piedmont,SC
46881,57964,F,2016,JTHHP5BC1G5005383,Nashville,TN
73450,2650,F,2020,JTHJP5BC6L5007349,N/A,N/A
57524,62915,F,2019,JTHHP5BCXK5007089,N/A,N/A
77895,5930,F,2020,JTHJP5BC4L5007477,N/A,N/A
94521,1620,F-Track,2020,JTHYP5BC7L5007410,Newport Beach,CA
92598,1374,F-Track,2020,JTHYP5BC7L5007407,Utica,MI
84990,8018,F-Track,2020,JTHYP5BC8L5007805,Pompano Beach,FL
96950,5190,F-Track,2020,JTHYP5BC5L5007499,Bellingham,WA
93999,3239,F-Track,2020,JTHYP5BC0L5007409,Saint Clair Shores,MI
98493,2195,F-Track,2020,JTHYP5BC0L5007801,Sacramento,CA
102500,3445,F-Track,2020,JTHYP5BC0L5007586,N/A,N/A
