Price,Miles,Trim,Year,Vin,City,State,Link Status
323996,11522,Performance,2020,SBM14FCA7LW004085,Charlotte,NC,Working
339990,842,Performance,2020,SBM14FCA2LW005290,West Chester,PA,Working
264996,10787,Performance,2018,SBM14DCA1JW001183,Charlotte,NC,Working
339900,7125,Performance,2020,SBM14FCA0LW005336,Addison,TX,Working
334871,617,Performance,2020,SBM14FCA2LW005256,Los Gatos,CA,Working
265000,14054,Performance,2018,SBM14DCA4JW001792,Summit,NJ,Working
256895,6500,Performance,2018,SBM14DCA4JW002229,Orlando,FL,Working
289990,11417,Performance,2019,SBM14DCA7KW003666,West Chester,PA,Working
335000,3758,Performance,2020,SBM14FCA9LW005450,Chicago,IL,Working
279995,2831,Performance,2019,SBM14DCA0KW002438,West Chester,PA,Working
329900,5370,Performance,2020,SBM14FCA0LW005224,Addison,TX,Working
264996,11999,Performance,2018,SBM14DCAXJW000193,Charlotte,NC,Working
274900,4275,Performance,2018,SBM14DCA4JW000688,Addison,TX,Working
269777,7298,Performance,2018,SBM14DCA5JW001283,Stafford,VA,Working
359996,1858,Performance,2020,SBM14FCA2LW005032,Charlotte,NC,Working
362888,1034,Performance,2020,SBM14FCA9LW004590,Roslyn,NY,Working
273991,22653,Performance,2018,SBM14DCA4JW001310,Marina Del Rey,CA,Working
279800,12050,Performance,2018,SBM14DCA9JW002288,Las Vegas,NV,Working
283900,9119,Performance,2019,SBM14DCA6KW002914,Brighton,MA,Working
333989,4095,Performance,2020,SBM14FCA2LW004060,Barrington,IL,Working
329996,2224,Performance,2020,SBM14DCA4LW005408,Charlotte,NC,Working
279990,5700,Performance,2018,SBM14DCA8JW001648,Concord,CA,Working
330995,6235,Performance,2018,SBM14DCA9JW000671,Schnecksville,PA,Working
369996,950,Performance,2020,SBM14FCA1LW004101,Charlotte,NC,Working
349996,4272,Performance,2020,SBM14FCA4LW005453,Charlotte,NC,Working
307456,2600,Performance,2020,SBM14DCA0LW005325,Charlotte,NC,Working
344544,4896,Performance,2020,SBM14FCA2LW004169,Charlotte,NC,Working
369996,1935,Performance,2020,SBM14FCA8LW005097,Charlotte,NC,Working
318996,1247,Performance,2020,SBM14DCA6LW005409,Charlotte,NC,Working
356000,608,Performance,2020,SBM14FCA2LW004222,Summit,NJ,Working
289996,2728,Performance,2019,SBM14DCA3KW003017,Charlotte,NC,Working
339900,6594,Performance,2020,SBM14FCA1LW004356,Brighton,MA,Working
375900,750,Performance,2020,SBM14FCA4LW004464,Addison,TX,Working
299998,5279,Performance,2018,SBM14DCAXJW000968,Lauderdale Lakes,FL,Working
349888,3806,Performance,2020,SBM14FCA4LW003766,Boerne,TX,Working
359996,3024,Performance,2020,SBM14FCA5LW003761,Charlotte,NC,Working
309996,15926,Performance,2019,SBM14DCA7KW002761,Charlotte,NC,Working
294996,4696,Performance,2019,SBM14DCA7KW003456,Charlotte,NC,Working
289996,7544,Performance,2019,SBM14DCA1KW002562,Charlotte,NC,Working
299998,15052,Performance,2018,SBM14DCA8JW002315,Lauderdale Lakes,FL,Working
369996,2120,Performance,2020,SBM14FCAXLW004467,Charlotte,NC,Working
359996,4763,Performance,2020,SBM14FCA3LW004522,Charlotte,NC,Working
344995,823,Performance,2020,SBM14FCAXLW005196,N/A,N/A,Working
339900,6663,Performance,2020,SBM14FCA3LW004276,N/A,N/A,Working
364900,1591,Performance,2020,SBM14FCA5LW004070,N/A,N/A,Working
314888,3536,Performance,2019,SBM14DCA9KW003426,N/A,N/A,Working
249998,31569,Luxury,2019,SBM14DCA2KW002490,Lauderdale Lakes,FL,Working
279900,7400,Luxury,2019,SBM14DCA8KW002574,Boca Raton,FL,Working
259988,6975,Luxury,2018,SBM14DCA9JW000573,Pennington,NJ,Working
267900,4994,Luxury,2018,SBM14DCA9JW000606,Cleveland,OH,Working
300000,523,Luxury,2019,SBM14DCA1KW002917,Chicago,IL,Working
328777,5318,Luxury,2019,SBM14FCA6KW003508,Boerne,TX,Working
309000,2981,Luxury,2019,SBM14DCA9KW003412,Pompano Beach,FL,Working
317699,8888,Unspecified,2019,SBM14FCA6KW003704,Pinellas Park,FL,Working
315531,15153,Unspecified,2020,SBM14FCA3LW004293,Los Gatos,CA,Working
272520,8842,Unspecified,2019,SBM14DCA9KW003572,Sarasota,FL,Working
349995,3081,Unspecified,2020,SBM14FCA6LW005311,Naples,FL,Working
339994,2187,Unspecified,2020,SBM14FCA9LW004346,Pinellas Park,FL,Working
319995,6652,Unspecified,2020,SBM14FCA2LW004706,Bonita Springs,FL,Working
339899,5477,Unspecified,2020,SBM14FCA7LW004216,Deerfield Beach,FL,Working
324000,2615,Unspecified,2020,SBM14FCA2LW005466,Fredericksburg,VA,Working
239991,9540,Unspecified,2018,SBM14DCA9JW000170,Palo Alto,CA,Working
349995,1464,Unspecified,2020,SBM14FCA5LW005476,Naples,FL,Working
274888,4678,Unspecified,2018,SBM14DCAXJW001070,Grapevine,TX,Working
349000,1602,Unspecified,2020,SBM14FCA4LW004285,Pompano Beach,FL,Working
314996,2683,Unspecified,2020,SBM14DCA6LW005586,Charlotte,NC,Working
379999,647,Unspecified,2020,SBM14FCA6LW004577,Saint Clair Shores,MI,Working
339000,1237,Unspecified,2020,SBM14FCA3LW004455,Pompano Beach,FL,Working
284995,3856,Unspecified,2019,SBM14DCA9KW002762,Naples,FL,Working
339991,6090,Unspecified,2020,SBM14FCA7LW003860,Palo Alto,CA,Working
309000,2358,Unspecified,2020,SBM14DCA4LW005411,Pompano Beach,FL,Working
346728,1149,Unspecified,2020,SBM14FCA4LW004058,Sterling,VA,Working
339991,9655,Unspecified,2020,SBM14FCAXLW003853,Palo Alto,CA,Working
255777,8950,Unspecified,2018,SBM14DCA2JW000169,Addison,TX,Working
349996,1377,Unspecified,2020,SBM14DCAXLW004943,Charlotte,NC,Working
294668,1324,Unspecified,2018,SBM14DCA5JW002367,Bowling Green,KY,Working
329990,1504,Unspecified,2020,SBM14FCA1LW004843,N/A,N/A,Working
310000,2491,Unspecified,2019,SBM14FCA8KW003736,N/A,N/A,Working
329888,3403,Unspecified,2020,SBM14FCAXLW005313,N/A,N/A,Working
259995,4506,Unspecified,2019,SBM14DCA8KW003420,N/A,N/A,Working
249995,1563,Unspecified,2018,SBM14DCA1JW000390,N/A,N/A,Working
