Price,Miles,Trim,Year
38495,31069,Long-Range,2018
40700,34349,Long-Range,2019
43300,15035,Long-Range,2018
42980,26076,Long-Range,2018
40480,18183,Long-Range,2019
34998,39806,Long-Range,2018
36000,37134,Long-Range,2018
39981,33578,Long-Range,2019
39995,35705,Long-Range,2018
41175,10495,Long-Range,2018
40995,49770,Long-Range,2018
45995,8010,Long-Range,2019
42995,39757,Long-Range,2018
38685,47457,Long-Range,2018
39980,32589,Long-Range,2018
39580,23484,Long-Range,2018
39980,31533,Long-Range,2018
43298,8659,Long-Range,2017
43799,15244,Long-Range,2018
45995,6979,Long-Range,2020
42788,20128,Long-Range,2018
37999,39317,Long-Range,2019
40444,42394,Long-Range,2018
38980,13248,Long-Range,2019
38990,40585,Long-Range,2018
35480,19381,Long-Range,2018
38980,18129,Long-Range,2019
37730,18078,Long-Range,2018
32980,67335,Long-Range,2018
41980,13584,Long-Range,2018
38495,31069,Long-Range,2018
40995,16992,Long-Range,2018
38230,13800,Long-Range,2018
36650,39626,Long-Range,2018
42990,6132,Long-Range,2018
44834,5435,Long-Range,2020
37250,28128,Long-Range,2018
35995,20368,Long-Range,2019
36670,21089,Long-Range,2018
39980,32321,Long-Range,2018
32980,39889,Long-Range,2018
40190,19448,Long-Range,2018
40590,25770,Long-Range,2018
36480,41658,Long-Range,2018
33980,61504,Long-Range,2018
36980,33496,Long-Range,2018
39980,15416,Long-Range,2018
34480,41763,Long-Range,2018
36999,28257,Long-Range,2019
38980,26172,Long-Range,2018
35980,50169,Long-Range,2019
38500,31911,Long-Range,2018
35454,32411,Long-Range,2018
40100,16328,Long-Range,2019
45590,7162,Long-Range,2020
44995,22753,Long-Range,2019
40980,14368,Long-Range,2018
42990,18252,Long-Range,2018
44270,15768,Long-Range,2018
35600,46999,Long-Range,2018
37950,28851,Long-Range,2018
38995,19810,Long-Range,2017
35450,38078,Long-Range,2018
42990,28855,Long-Range,2018
35999,47598,Long-Range,2018
43991,18401,Long-Range,2018
38999,13510,Long-Range,2018
43200,23608,Long-Range,2018
42846,10462,Long-Range,2019
35950,44251,Long-Range,2018
40100,15652,Long-Range,2019
37980,22738,Long-Range,2018
38480,19183,Long-Range,2018
40980,32939,Long-Range,2020
46980,3022,Long-Range,2021
37230,27459,Long-Range,2018
35899,40857,Long-Range,2018
44730,8397,Long-Range,2020
34555,57438,Long-Range,2018
37980,26635,Long-Range,2018
37898,23526,Long-Range,2018
39900,17006,Long-Range,2019
42999,17255,Long-Range,2018
40480,24907,Long-Range,2019
47860,8689,Long-Range,2020
33480,49788,Long-Range,2018
35454,38066,Long-Range,2018
43995,32907,Long-Range,2019
41999,27724,Long-Range,2019
45038,16165,Long-Range,2020
44995,13038,Long-Range,2019
37910,49860,Long-Range,2018
35480,39088,Long-Range,2018
43200,17600,Long-Range,2019
42900,23709,Long-Range,2019
35555,44668,Long-Range,2018
37730,15273,Long-Range,2018
39980,38457,Long-Range,2019
37480,22951,Long-Range,2018
35280,36483,Long-Range,2018
46980,4002,Long-Range,2020
42900,9196,Long-Range,2019
43990,29878,Long-Range,2020
44990,13565,Long-Range,2020
37950,29199,Long-Range,2018
40100,7084,Long-Range,2018
45800,8668,Long-Range,2020
45894,18513,Long-Range,2019
39800,30164,Long-Range,2018
47985,3923,Long-Range,2020
43990,26054,Long-Range,2020
49413,7815,Long-Range,2020
38980,22980,Long-Range,2019
37991,57000,Long-Range,2018
44900,14274,Long-Range,2019
46499,15836,Long-Range,2020
39980,17516,Long-Range,2018
37000,43130,Long-Range,2018
44490,21761,Long-Range,2020
50995,17579,Long-Range,2019
35720,51744,Long-Range,2018
36451,32954,Long-Range,2018
35950,47118,Long-Range,2017
44990,8984,Long-Range,2020
39888,25919,Long-Range,2018
45950,14351,Long-Range,2020
46995,9463,Long-Range,2020
48996,10695,Long-Range,2020
46988,29752,Long-Range,2019
44230,19736,Long-Range,2019
33895,51514,Long-Range,2017
45999,14349,Long-Range,2020
37990,34500,Long-Range,2018
45975,16881,Long-Range,2019
39230,19770,Long-Range,2018
36992,47497,Long-Range,2018
43980,12194,Long-Range,2019
47995,18436,Long-Range,2018
48500,11232,Long-Range,2020
40199,24565,Long-Range,2018
38999,60000,Long-Range,2019
38995,42862,Long-Range,2018
48980,10376,Long-Range,2019
43480,19576,Long-Range,2018
45450,17849,Long-Range,2019
48995,17061,Long-Range,2019
43000,53864,Long-Range,2019
39399,21748,Long-Range,2018
46990,11672,Long-Range,2020
39995,10487,Long-Range,2018
48995,3736,Long-Range,2020
39995,16901,Long-Range,2019
56786,3658,Long-Range,2021
49990,7220,Long-Range,2019
53995,22716,Long-Range,2019
44000,34812,Long-Range,2019
47998,25369,Long-Range,2020
37230,47620,Long-Range,2017
37988,40209,Long-Range,2018
53999,2645,Long-Range,2021
44995,26749,Long-Range,2018
37480,17785,Long-Range,2018
41991,28824,Long-Range,2019
45900,24040,Long-Range,2019
39990,32847,Long-Range,2018
44979,39551,Long-Range,2018
45995,21978,Long-Range,2019
39999,36177,Long-Range,2018
39747,19214,Long-Range,2019
46947,1771,Long-Range,2020
46992,20868,Long-Range,2019
41600,27144,Long-Range,2019
47999,9950,Long-Range,2020
49995,24783,Long-Range,2019
44888,21337,Long-Range,2018
37590,10962,Standard,2019
38358,13842,Standard,2019
35950,15998,Standard,2019
37990,14756,Standard,2019
35590,18659,Standard,2019
41500,8043,Standard,2019
38695,11494,Standard,2019
37400,26368,Standard,2019
35950,23609,Standard,2019
37590,7870,Standard,2019
36550,26774,Standard,2019
39985,19434,Standard,2020
35990,21129,Standard,2019
38944,10974,Standard,2019
35600,34769,Standard,2019
37700,6271,Standard,2019
37990,7500,Standard,2019
38590,11002,Standard,2019
38990,4185,Standard,2019
37550,19318,Standard,2019
37990,17250,Standard,2020
37000,16994,Standard,2019
39962,2837,Standard,2020
39999,6751,Standard,2019
35953,24989,Standard,2019
39590,6945,Standard,2019
36230,24551,Standard,2019
35590,32745,Standard,2019
37590,11085,Standard,2019
34980,42826,Standard,2019
33980,24969,Standard,2019
34899,30407,Standard,2019
36590,26922,Standard,2019
37995,14192,Standard,2019
36298,25056,Standard,2019
39999,3238,Standard,2020
35980,7008,Standard,2020
37420,30879,Standard,2019
37613,8539,Standard,2020
41980,24893,Standard,2019
38990,8626,Standard,2020
35480,16398,Standard,2019
40990,5895,Standard,2020
37954,13788,Standard,2020
37999,9863,Standard,2020
39990,3526,Standard,2020
36990,9727,Standard,2019
36500,22999,Standard,2019
37992,17902,Standard,2019
34900,46847,Standard,2019
39990,7130,Standard,2020
39990,5030,Standard,2020
36480,17787,Standard,2019
37187,13642,Standard,2019
38990,3596,Standard,2019
35990,23590,Standard,2019
36999,11285,Standard,2019
39989,9581,Standard,2019
42950,7750,Standard,2019
37994,24104,Standard,2019
41999,5676,Standard,2019
37990,17755,Standard,2020
37990,12383,Standard,2020
41888,2568,Standard,2021
36954,15384,Standard,2019
37600,26973,Standard,2019
39880,30800,Standard,2020
38450,2342,Standard,2020
38900,5200,Standard,2020
36480,9906,Standard,2020
41783,6705,Standard,2020
38995,7220,Standard,2020
40990,7027,Standard,2020
36990,27166,Standard,2020
44995,6770,Standard,2019
39990,10130,Standard,2020
39999,21197,Standard,2019
37980,10379,Standard,2020
41990,20588,Standard,2020
39990,3846,Standard,2020
36998,19786,Standard,2019
42991,6571,Standard,2020
36995,28562,Standard,2020
37953,23869,Standard,2020
37999,4064,Standard,2020
44450,7930,Standard,2020
36990,23024,Standard,2019
36990,17901,Standard,2019
42995,9660,Standard,2020
33990,34017,Standard,2019
36590,37124,Standard,2019
36999,9752,Standard,2019
36928,2703,Standard,2020
35990,26551,Standard,2019
37990,7993,Standard,2019
40995,2218,Standard,2021
35990,17603,Standard,2019
39895,1131,Standard,2021
36980,1296,Standard,2020
36999,5353,Standard,2020
45980,18086,Performance,2018
45750,21200,Performance,2018
52000,2557,Performance,2021
49900,20974,Performance,2019
52999,3900,Performance,2020
41000,42640,Performance,2019
52001,11154,Performance,2019
49944,5977,Performance,2019
45918,22711,Performance,2019
51897,19032,Performance,2020
50250,10202,Performance,2020
52469,10282,Performance,2020
48999,17807,Performance,2018
45998,35968,Performance,2020
49730,24250,Performance,2020
46500,18315,Performance,2019
61595,19396,Performance,2020
39590,15270,Performance,2020
47300,33143,Performance,2018
49900,16520,Performance,2018
54995,3966,Performance,2020
49995,24500,Performance,2019
49985,21231,Performance,2020
44980,32353,Performance,2018
49999,32210,Performance,2018
37988,27793,Mid-Range,2018
37900,9914,Mid-Range,2019
37590,16440,Mid-Range,2019
38988,6277,Mid-Range,2018
36700,14095,Mid-Range,2018
35950,21319,Mid-Range,2018
35480,11449,Mid-Range,2018
37000,19545,Mid-Range,2018
34980,27527,Mid-Range,2018
37230,15345,Mid-Range,2018
37990,14709,Mid-Range,2019
36954,17333,Mid-Range,2018
36990,11625,Mid-Range,2019
39991,5541,Mid-Range,2019
36995,24490,Mid-Range,2019
39511,3266,Mid-Range,2019
35355,33242,Mid-Range,2019
37590,14200,Mid-Range,2019
39999,7029,Mid-Range,2018
37990,25934,Mid-Range,2018
34799,44000,Mid-Range,2019
35995,16404,Mid-Range,2018
36990,22366,Mid-Range,2018
37999,19379,Mid-Range,2018
37995,39925,Mid-Range,2018
35450,13510,Unspecified,2018
36694,32162,Unspecified,2019
39981,19854,Unspecified,2019
37229,28750,Unspecified,2019
38490,40853,Unspecified,2018
39658,34881,Unspecified,2018
40669,34683,Unspecified,2018
39080,14473,Unspecified,2019
44990,23411,Unspecified,2018
35711,18961,Unspecified,2019
38495,34485,Unspecified,2019
39999,21810,Unspecified,2018
42598,12051,Unspecified,2018
39500,7680,Unspecified,2020
35799,18248,Unspecified,2018
36900,30479,Unspecified,2019
44995,17882,Unspecified,2018
43481,22371,Unspecified,2018
37598,7854,Unspecified,2019
38488,31302,Unspecified,2019
42928,25834,Unspecified,2018
34746,35503,Unspecified,2018
39499,11947,Unspecified,2020
37990,14406,Unspecified,2019
36480,21163,Unspecified,2018
34730,42823,Unspecified,2018
38990,34863,Unspecified,2019
44990,42725,Unspecified,2018
41799,15154,Unspecified,2019
38983,17015,Unspecified,2018
36500,39094,Unspecified,2018
40000,23179,Unspecified,2019
40990,11972,Unspecified,2019
39698,24228,Unspecified,2018
37798,21382,Unspecified,2019
38210,26265,Unspecified,2018
43482,23709,Unspecified,2018
39995,12178,Unspecified,2020
37989,20588,Unspecified,2018
39448,12505,Unspecified,2019
35730,18763,Unspecified,2018
35980,23981,Unspecified,2018
32980,53217,Unspecified,2018
36299,15977,Unspecified,2018
39981,19854,Unspecified,2019
46500,16418,Unspecified,2019
40731,13200,Unspecified,2020
48500,20495,Unspecified,2019
36950,36837,Unspecified,2019
41000,1861,Unspecified,2020
39425,8229,Unspecified,2020
35480,34895,Unspecified,2018
44000,18118,Unspecified,2018
37995,18206,Unspecified,2019
44419,22069,Unspecified,2019
38988,9089,Unspecified,2020
43924,19983,Unspecified,2019
44995,30251,Unspecified,2018
39000,9552,Unspecified,2018
38990,5320,Unspecified,2020
46580,4944,Unspecified,2020
47980,8857,Unspecified,2019
43997,28251,Unspecified,2019
44898,13385,Unspecified,2019
44906,11521,Unspecified,2019
47990,15439,Unspecified,2019
44981,3487,Unspecified,2020
49500,21092,Unspecified,2019
40900,5135,Unspecified,2020
47228,14595,Unspecified,2018
45963,5090,Unspecified,2018
44999,8299,Unspecified,2019
41500,18998,Unspecified,2019
39877,15994,Unspecified,2019
38988,8058,Unspecified,2019
36689,35901,Unspecified,2018
43994,21639,Unspecified,2018
38800,51715,Unspecified,2018
44988,31182,Unspecified,2019
47800,16965,Unspecified,2019
48850,6661,Unspecified,2019
46990,12781,Unspecified,2019
36995,55614,Unspecified,2018
35499,39445,Unspecified,2019
35980,53397,Unspecified,2018
46092,26279,Unspecified,2018
44000,6779,Unspecified,2020
47800,6196,Unspecified,2018
38918,49110,Unspecified,2018
39998,20657,Unspecified,2019
50898,5422,Unspecified,2019
47910,16476,Unspecified,2019
48997,10879,Unspecified,2019
37000,35309,Unspecified,2018
36750,28435,Unspecified,2018
38490,14256,Unspecified,2018
43900,9236,Unspecified,2020
37889,39562,Unspecified,2017
37983,30546,Unspecified,2018
47777,30703,Unspecified,2019
41692,20124,Unspecified,2018
38893,16494,Unspecified,2019
39277,10756,Unspecified,2017
45941,15502,Unspecified,2019
43500,28754,Unspecified,2018
36990,11107,Unspecified,2019
42195,29473,Unspecified,2018
41500,38383,Unspecified,2018
48499,13799,Unspecified,2019
47403,19618,Unspecified,2018
45995,23272,Unspecified,2019
38997,14858,Unspecified,2019
42500,18203,Unspecified,2018
46000,20498,Unspecified,2019
46610,6386,Unspecified,2019
47547,20513,Unspecified,2019
37985,28953,Unspecified,2018
57998,14517,Unspecified,2019
39402,5311,Unspecified,2020
40995,19607,Unspecified,2018
