Price,Miles,Trim,Year,Vin,City,State
69893,41499,Carrera,2014,WP0AA2A90ES106101,Newport Beach,CA
29998,91660,Carrera,2003,WP0AA29963S622822,Knoxville,TN
19899,88650,Carrera,2000,WP0CA2996YS654671,Renton,WA
99991,5092,Carrera,2018,WP0AA2A96JS106453,Powell,OH
93500,44347,Carrera,2016,WP0AB2A9XGS123164,Santa Barbara,CA
72500,33900,Carrera,2015,WP0AA2A98FS106882,Boca Raton,FL
37899,74589,Carrera,2007,WP0AA29927S711440,Deerfield Beach,FL
22998,113307,Carrera,2003,WP0CA29943S650353,Plano,TX
75000,35504,Carrera,2016,WP0AA2A95GS106730,West Palm Beach,FL
99992,8171,Carrera,2018,WP0AA2A96JS106307,Woodland Hills,CA
47999,60473,Carrera,2011,WP0AA2A95BS706429,Denver,CO
39990,32428,Carrera,2004,WP0AA29974S620563,Gladstone,OR
82995,22524,Carrera,2014,WP0AA2A91ES107080,Warwick,RI
18950,113633,Carrera,2001,WP0CA29971S651378,Garner,NC
24989,89181,Carrera,2003,WP0AA29903S622072,Tacoma,WA
117995,7782,Carrera,2020,WP0AA2A91LS205586,Plano,TX
108788,14785,Carrera,2019,WP0AA2A9XKS104206,Santa Clara,CA
61500,52598,Carrera,2014,WP0AA2A9XES107417,St Louis Park,MN
30500,63955,Carrera,2001,WP0AA29981S622561,San Luis Obispo,CA
19850,87513,Carrera,2000,WP0CA2997YS650712,Daly City,CA
129995,828,Carrera,2021,WP0AA2A96MS206234,West Melbourne,FL
25900,103802,Carrera,2005,WP0AA29905S715466,Fort Lauderdale,FL
104881,7873,Carrera,2018,WP0AA2A90JS105783,Ontario,CA
65000,53557,Carrera,2013,WP0AA2A95DS107565,Ramsey,NJ
33491,39890,Carrera,2004,WP0AA29944S621735,Orange,CA
83995,10308,Carrera,2014,WP0CA2A9XES140071,New London,CT
36999,76371,Carrera,2005,WP0AA29985S715361,Carrollton,TX
38991,71252,Carrera,2007,WP0AA299X7S710133,Dallas,TX
27617,79803,Carrera,2003,WP0AA29913S620153,Carmel,IN
77940,26898,Carrera,2015,WP0CA2A97FS137078,Boca Raton,FL
64995,53957,Carrera,2015,WP0AA2A91FS106898,Addison,TX
33500,98041,Carrera,2005,WP0AA29945S716085,Houston,TX
97998,6665,Carrera,2017,WP0AA2A97HS107492,Minneapolis,MN
28988,60956,Carrera,2002,WP0AA29922S622542,Duluth,GA
59900,103352,Carrera,2015,WP0AA2A96FS100062,Brooklyn,NY
139591,1965,Carrera,2021,WP0AA2A93MS205882,Elyria,OH
105946,9344,Carrera,2018,WP0AA2A94JS105494,Sarasota,FL
57995,20679,Carrera,2011,WP0CA2A9XBS740245,West Palm Beach,FL
97298,17893,Carrera,2019,WP0AA2A98KS103524,Bradenton,FL
145900,4937,Carrera,2021,WP0CA2A93MS239135,Pinellas Park,FL
84995,29648,Carrera,2015,WP0AA2A94FS106846,Wilmington,NC
87000,28893,Carrera,2017,WP0AA2A95HS107054,Daytona Beach,FL
38900,32283,Carrera,2006,WP0CA29936S755860,Houston,TX
79881,29606,Carrera,2014,WP0AA2A9XES107742,Ontario,CA
106995,3201,Carrera,2017,WP0CA2A96HS142307,Orlando,FL
33997,60928,Carrera,2003,WP0AA29943S620955,Lake Park,FL
97555,14616,Carrera,2017,WP0AA2A94HS108051,Boerne,TX
133333,9614,Carrera,2019,WP0AB2A92KS114712,Santa Fe,NM
72999,31505,Carrera,2014,WP0CA2A96ES140438,Clifton,NJ
159689,5142,Carrera,2019,WP0CB2A95KS136390,Atlanta,GA
94900,13295,Carrera,2017,WP0AA2A94HS107207,Bellevue,WA
130991,8579,Carrera,2020,WP0CA2A96LS251634,Seaside,CA
79850,17565,Carrera,2013,WP0AA2A97DS106868,Miami,FL
27850,46053,Carrera,2002,WP0CA29962S652510,Bellingham,WA
87117,26413,Carrera,2017,WP0AA2A98HS107579,Chandler,AZ
68981,44502,Carrera,2014,WP0AA2A98ES106718,Orange,CA
59900,9611,Carrera,2006,WP0AA29906S715498,Midlothian,VA
42900,52629,Carrera,2003,WP0AA29903S622007,Chandler,AZ
97714,26800,Carrera,2018,WP0AA2A91JS105775,Oklahoma City,OK
94800,23736,Carrera,2019,WP0AA2A95KS104310,VALLEJO,CA
92998,21659,Carrera,2019,WP0AA2A93KS103589,Newark,DE
74981,22825,Carrera,2015,WP0AA2A98FS106218,San Antonio,TX
99958,45930,Carrera,2019,WP0CA2A95KS129281,Marietta,GA
99888,11525,Carrera,2018,WP0AA2A99JS105362,Lithia Springs,GA
134900,763,Carrera,2021,WP0AA2A95MS206158,Doral,FL
27880,79767,Carrera,2003,WP0CA29943S650692,Kent,WA
93990,21247,Carrera,2017,WP0CA2A92HS142014,Oxnard,CA
77994,36872,Carrera,2014,WP0AA2A93ES106092,Davie,FL
62000,53124,Carrera,2012,WP0AA2A98CS106635,San Antonio,TX
58698,33812,Carrera,2009,WP0AA29969S706552,Buford,GA
159995,5943,Carrera,2019,WP0CB2A90KS136152,Naples,FL
79990,59950,Carrera,2017,WP0AA2A9XHS108023,Marietta,GA
139442,1434,Carrera,2021,WP0AA2A99MS206325,Ocala,FL
95990,16326,Carrera,2017,WP0AA2A93HS107361,Daly City,CA
49911,50101,Carrera,2005,WP0AA29975S716839,Bloomington,IL
94995,18209,Carrera,2019,WP0AA2A9XKS103556,Medford,OR
99961,10098,Carrera,2018,WP0AA2A98JS105479,Woodland Hills,CA
42995,74829,Carrera,2008,WP0CA29918S765757,Laguna Beach,CA
86900,24416,Carrera,2016,WP0CA2A93GS141257,Pompano Beach,FL
27900,50947,Carrera,1999,WP0CA2995XS654787,Naples,FL
96995,19197,Carrera,2017,WP0AA2A9XHS107485,Rocklin,CA
69998,54400,Carrera,1995,WP0CA2995SS340940,Newark,DE
84995,19070,Carrera,2013,WP0CB2A9XDS156170,Beverly,NJ
144900,5142,Carrera,2018,WP0AB2A91JS122654,Springfield,IL
76955,37700,Carrera,2014,WP0CA2A99ES140630,CHERRY HILL,NJ
44990,57786,Carrera,2006,WP0CA299X6S756228,Minneapolis,MN
59995,29644,Carrera,2009,WP0AA29979S706432,Glendale,CA
32995,110850,Carrera,2006,WP0AA29956S717358,West Chester,PA
104998,13287,Carrera,2019,WP0AA2A97KS103644,Arlington,VA
33907,45222,Carrera,2003,WP0CA29943S651146,Vero Beach,FL
147500,2743,Carrera,2016,WP0CB2A96GS154534,Jupiter,FL
130530,16631,Carrera,2020,WP0AA2A91LS205829,Orlando,FL
105000,8206,Carrera,2018,WP0AA2A9XJS105659,West Palm Beach,FL
129998,17280,Carrera,2017,WP0CA2A97HS142610,Allston,MA
112998,10494,Carrera,2017,WP0CA2A99HS141880,Katy,TX
44990,30773,Carrera,2002,WP0CA29912S650440,Franklin,TN
32922,49355,Carrera,2002,WP0CA29982S652444,Indianapolis,IN
99990,45556,Carrera,2015,WP0CB2A9XFS155331,West Palm Beach,FL
118995,19021,Carrera,2015,WP0AB2A90FS125620,East Hartford,CT
61874,60325,Carrera,2013,WP0AA2A9XDS107304,Savannah,GA
54999,23239,Carrera,2008,WP0CA29988S765187,Torrance,CA
56996,59562,Carrera,2008,WP0AA29958S711062,Westmont,IL
99990,30160,Carrera,2017,WP0CA2A94HS142287,Lafayette,LA
98990,14235,Carrera,2018,WP0AA2A91JS106506,Sarasota,FL
45500,59983,Carrera,2005,WP0AA29905S717024,Canton,OH
37995,95374,Carrera,2006,WP0CA29966S755092,Jacksonville,FL
42999,49556,Carrera,2007,WP0AA29907S710593,Orlando,FL
26500,80517,Carrera,2001,WP0CA29941S650463,Beaverton,OR
145000,6074,Carrera,2019,WP0AB2A97KS114933,West Palm Beach,FL
87998,33688,Carrera,2017,WP0AA2A98HS107131,Burlington,MA
110000,5362,Carrera,2017,WP0AA2A97HS108044,Plano,TX
30980,45727,Carrera,2001,WP0CA29991S652998,Columbus,OH
74990,26026,Carrera,2014,WP0AA2A98ES107352,Concord,CA
85000,17785,Carrera,1998,WP0CA2990WS340527,Santa Barbara,CA
99866,15111,Carrera,2017,WP0AA2A98HS106951,Knoxville,TN
71888,32661,Carrera,2015,WP0AA2A93FS106112,Boerne,TX
119995,16827,Carrera,2020,WP0AA2A96LS205194,Delray Beach,FL
46445,32449,Carrera,2006,WP0CA29926S756434,Arlington Heights,IL
174979,14236,Carrera,1989,WP0EB0914KS173216,Marietta,GA
64995,38337,Carrera,2011,WP0AA2A94BS706471,Rocklin,CA
108995,15536,Carrera,2015,WP0AB2A90FS125777,Columbus,OH
94994,31345,Carrera,2018,WP0AA2A92JS105672,Indianapolis,IN
34900,35177,Carrera,2002,WP0CA299X2S650548,El Cajon,CA
28888,70843,Carrera,1999,WP0AA2999XS625140,San Ramon,CA
149000,1402,Carrera,2016,WP0AB2A94GS122446,West Palm Beach,FL
154788,2100,Carrera,2019,WP0AB2A97KS115404,Santa Clara,CA
134900,1415,Carrera,2021,WP0AA2A98MS205781,Dublin,OH
124998,12331,Carrera,2020,WP0CA2A92LS251534,Columbia,SC
180000,90865,Carrera,1984,WP0AB0912ES120484,Jupiter,FL
26995,93414,Carrera,2002,WP0CA29952S652627,Glendale,CA
73990,35052,Carrera,2014,WP0AA2A93ES107341,Sarasota,FL
109950,12279,Carrera,2018,WP0AA2A97JS105196,King Of Prussia,PA
51950,52676,Carrera,2005,WP0AA29925S715680,King Of Prussia,PA
42118,45770,Carrera,2005,WP0CA29995S755375,San Antonio,TX
91995,21990,Carrera,2017,WP0AA2A94HS108163,Costa Mesa,CA
55991,28814,Carrera,2008,WP0AA29918S710720,Seaside,CA
109999,18112,Carrera,2015,WP0AB2A91FS124573,Clifton,NJ
101899,8517,Carrera,2017,WP0AA2A99HS107414,Ramsey,NJ
131995,3471,Carrera,2021,WP0AA2A97MS205612,San Diego,CA
93900,13205,Carrera,2017,WP0AA2A90HS106720,Coral Gables,FL
93998,21799,Carrera,2017,WP0AA2A90HS106538,Arlington,VA
92408,9941,Carrera,2014,WP0AA2A92ES107668,Indianapolis,IN
49950,29231,Carrera,2006,WP0AA29916S717034,Neptune,NJ
83788,36878,Carrera,2014,WP0CA2A94ES140177,Santa Clara,CA
108990,29021,Carrera,2016,WP0AB2A93GS122339,Daly City,CA
93998,37505,Carrera,2018,WP0AA2A99JS105281,Arlington,VA
125000,3987,Carrera,2020,WP0AA2A91LS205667,West Palm Beach,FL
79995,11882,Carrera,2010,WP0AA2A93AS706167,Glen Cove,NY
93000,6544,Carrera,2014,WP0AA2A94ES106604,Pompano Beach,FL
45900,49908,Carrera,2007,WP0AA29977S711384,Honolulu,HI
128777,12689,Carrera,2019,WP0AB2A90KS114157,Boerne,TX
27990,73478,Carrera,1999,WP0AA2997XS621216,Jacksonville,FL
118900,19813,Carrera,2016,WP0AB2A99GS123351,Houston,TX
22900,96443,Carrera,2000,WP0CA2990YS650454,Carrollton,TX
59900,52815,Carrera,1996,WP0CA2992TS340069,Pompano Beach,FL
147900,11637,Carrera,2019,WP0AB2A95KS114753,Portland,OR
88500,46919,Carrera,2018,WP0CA2A92JS138356,Van Nuys,CA
95000,29661,Carrera,2017,WP0CA2A91HS142098,Westmont,IL
38995,83642,Carrera,2005,WP0AA29985S716977,Roseville,CA
98456,36798,Carrera,2017,WP0AA2A93HS106839,Oklahoma City,OK
32900,61737,Carrera,2001,WP0AA29961S621375,Miami,FL
76950,32996,Carrera,2013,WP0AA2A96DS107509,Roswell,GA
47500,82212,Carrera,1988,WP0EB0919JS170696,Saint George,UT
86800,36136,Carrera,2017,WP0AA2A94HS106798,Miami,FL
75900,26927,Carrera,2013,WP0AA2A9XDS108162,Scottsdale,AZ
89995,29824,Carrera,2012,WP0AB2A99CS720848,Glen Cove,NY
45000,75000,Carrera,2005,WP0AA29995S715921,Orange,CA
124950,1022,Carrera,2018,WP0AA2A93JS106376,King Of Prussia,PA
79900,22664,Carrera,1995,WP0CA2998SS341533,Palm Springs,CA
69980,54341,Carrera,2012,WP0CA2A92CS140546,West Chester,PA
127489,9041,Carrera,2021,WP0AA2A90MS205466,Fort Myers,FL
109991,18459,Carrera,2015,WP0AB2A90FS124516,Barrington,IL
50900,32958,Carrera,2005,WP0AA29935S717065,Dublin,OH
51900,48977,Carrera,2003,WP0AA29943S620423,Dublin,OH
121999,8146,Carrera,2020,WP0AA2A99LS206369,Irondale,AL
39995,39388,Carrera,2003,WP0CA29923S651386,Glen Cove,NY
108900,1055,Carrera,2017,WP0CA2A9XHS141869,Pompano Beach,FL
123900,40000,Carrera,2018,WP0AB2A91JS122556,Pompano Beach,FL
148900,6106,Carrera,2019,WP0AB2A91KS115513,Portland,OR
127500,5418,Carrera,2020,WP0AA2A9XLS206395,Upper Saddle River,NJ
132995,7172,Carrera,2016,WP0AB2A93GS122311,Las Vegas,NV
59900,19364,Carrera,2006,WP0AA29946S715133,Portland,OR
79888,5507,Carrera,2012,WP0AA2A93CS789120,Boerne,TX
39950,39225,Carrera,2002,WP0AA29922S622539,San Diego,CA
57800,68865,Carrera,1984,WP0EB0915ES170636,Fremont,CA
89998,46534,Carrera,1996,WP0AA2992TS322775,Rocklin,CA
69850,55005,Carrera,1995,WP0CA2996SS341238,Hickory,NC
103900,10476,Carrera,2017,WP0CA2A98HS142146,Pompano Beach,FL
229911,5124,Carrera,1989,WP0EB0917KS173128,Las Vegas,NV
129799,12787,Carrera,2019,WP0AB2A90KS114319,Kennewick,WA
42900,50129,Carrera,2006,WP0CA29916S755467,Danbury,CT
25987,112439,Carrera,2003,WP0CA29973S653103,Vista,CA
21900,101801,Carrera,2001,WP0CA29921S651885,Tempe,AZ
120400,8291,Carrera,2020,WP0AA2A92LS206584,Los Angeles,CA
49898,29854,Carrera,2001,WP0CA299X1S654162,Los Angeles,CA
95854,27175,Carrera,2019,WP0AA2A91KS103509,Davie,FL
76992,21701,Carrera,2012,WP0AA2A95CS106642,Barrington,IL
94981,27989,Carrera,2017,WP0AA2A98HS106528,Riverside,CA
91999,22991,Carrera,2017,WP0AA2A96HS107239,Clifton,NJ
109490,30119,Carrera,2016,WP0AB2A94GS122527,Houston,TX
55900,55398,Carrera,2006,WP0AA29976S715935,Pompano Beach,FL
38798,44847,Carrera,2003,WP0AA29983S622224,Fairfax,VA
108900,17199,Carrera,2017,WP0AA2A9XHS107597,Fairfield,CT
130000,3026,Carrera,2020,WP0AA2A92LS206441,West Palm Beach,FL
18995,140947,Carrera,1999,WP0AA2999XS623646,Garden City,ID
89000,43722,Carrera,2018,WP0CA2A95JS138304,Vienna,VA
67777,37627,Carrera,2012,WP0CA2A96CS140310,Miami,FL
32395,58815,Carrera,2000,WP0CA2992YS651489,Covington,WA
34998,43202,Carrera,2001,WP0CA29951S653663,Delray Beach,FL
89900,25302,Carrera,2015,WP0CA2A99FS141438,Southampton,NY
125830,4462,Carrera,2020,WP0CA2A96LS251777,Los Angeles,CA
65500,29498,Carrera,1996,WP0CA2998TS341811,Dublin,OH
105000,14574,Carrera,2017,WP0AA2A9XHS107731,West Palm Beach,FL
25950,65633,Carrera,2001,WP0CA29921S654155,Saint Louis,MO
49315,40242,Carrera,2005,WP0AA29995S716941,Mocksville,NC
43995,48973,Carrera,2005,WP0CA29945S755655,Rancho Santa Fe,CA
35997,67361,Carrera,2002,WP0AA29932S621304,Towson,MD
79999,17816,Carrera,2012,WP0CA2A95CS140184,Freeport,NY
82509,41635,Carrera,2014,WP0CA2A90ES140614,Westerly,RI
96999,20252,Carrera,2017,WP0AA2A95HS107460,San Diego,CA
45950,40240,Carrera,2006,WP0CA29946S755270,Daytona Beach,FL
29994,97308,Carrera,2004,WP0CA299X4S652061,Indianapolis,IN
34990,45664,Carrera,2003,WP0CA29903S652293,Willow Grove,PA
130000,5535,Carrera,2020,WP0AA2A98LS205150,Centerville,UT
42506,89145,Carrera,2005,WP0AA29945S717205,Mocksville,NC
44788,48288,Carrera,2005,WP0CA29955S755454,Marietta,GA
28777,52070,Carrera,2000,WP0CA2990YS650339,Glendale Heights,IL
75000,23627,Carrera,2012,WP0AA2A93CS106526,Bloomington,IN
43900,62757,Carrera,2006,WP0CA299X6S755919,Honolulu,HI
32990,55485,Carrera,2002,WP0CA29942S653462,Willow Grove,PA
32995,43498,Carrera,2001,WP0CA29911S651621,St Petersburg,FL
149000,9287,Carrera,1987,WP0EB0910HS171990,Pompano Beach,FL
59995,38333,Carrera,2009,WP0AA29989S706617,Las Vegas,NV
97898,27761,Carrera,2018,WP0CA2A99JS138189,Austin,TX
52992,50229,Carrera,2003,WP0AA29923S621408,Brentwood,TN
128950,22768,Carrera,2018,WP0AB2A96JS122391,Roswell,GA
79995,31489,Carrera,2016,WP0CA2A91GS141239,Largo,FL
47500,54000,Carrera,2006,WP0CA29926S756823,Orange,CA
79995,8371,Carrera,2013,WP0CA2A94DS140937,Largo,FL
79995,17606,Carrera,2012,WP0AA2A97CS106075,Glen Cove,NY
69995,50500,Carrera,2014,WP0CA2A92ES140775,Laurinburg,NC
77357,20415,Carrera,2014,WP0AA2A99ES107604,Mobile,AL
95489,29493,Carrera,2017,WP0CA2A92HS141381,Las Vegas,NV
79888,59800,Carrera,2017,WP0AA2A97HS106620,Scottsdale,AZ
74506,125301,Carrera,1984,WP0AB091XES120572,Louisville,KY
78212,65044,Carrera,2017,WP0CA2A98HS141711,Cayce,SC
53996,66601,Carrera,1997,WP0CA299XVS341487,Houston,TX
91999,29335,Carrera,2017,WP0AA2A92HS108453,Clifton,NJ
129900,17783,Carrera,2016,WP0AB2A91GS122825,Portland,OR
79900,12749,Carrera,2010,WP0AA2A99AS706531,Portland,OR
79900,13276,Carrera,2012,WP0AA2A9XCS789146,Portland,OR
49800,67907,Carrera,2009,WP0AA29989S706293,Glendale Heights,IL
44900,52296,Carrera,2006,WP0CA29966S755139,Pittsburgh,PA
41990,48905,Carrera,2003,WP0CA299X3S651989,Lowell,MA
64900,63336,Carrera,1988,WP0EB0912JS171706,Grand Rapids,MI
28950,98000,Carrera,2001,WP0CA29921S653913,Santa Cruz,CA
95900,28262,Carrera,2017,WP0CA2A94HS142516,Pompano Beach,FL
54995,72554,Carrera,2010,WP0AA2A90AS706269,Honolulu,HI
24950,59157,Carrera,1999,WP0CA2994XS651685,Daytona Beach,FL
141240,2041,Carrera,2021,WP0CA2A94MS239399,Bronx,NY
98991,29893,Carrera,2017,WP0AA2A9XHS106871,Los Angeles,CA
94991,22750,Carrera,2017,WP0AA2A92HS108100,Barrington,IL
98588,21149,Carrera,2018,WP0AA2A95JS106377,Westbury,NY
29995,81932,Carrera,2001,WP0CA29921S652664,Delran,NJ
32995,87102,Carrera,2005,WP0AA29925S716702,Des Moines,IA
49000,89852,Carrera,1984,WP0EB0917ES161761,East Hartford,CT
295000,7436,Carrera,1988,WP0AB0913JS121881,Scottsdale,AZ
109000,10701,Carrera,1986,WP0AB0915GS121163,Glen Cove,NY
128000,15908,Carrera,2020,WP0AA2A94LS206151,West Palm Beach,FL
46855,28279,Carrera,2005,WP0AA29965S717240,Downers Grove,IL
30950,111214,Carrera,2005,WP0CA29995S756025,Whittier,CA
75000,33127,Carrera,2013,WP0CA2A91DS140202,Miami,FL
24990,64290,Carrera,2001,WP0CA29921S654091,Santa Fe,NM
26899,95775,Carrera,2001,WP0CA29921S652177,Fife,WA
48999,64276,Carrera,2005,WP0AA29925S715615,Tucson,AZ
43695,54340,Carrera,2007,WP0AA29997S710642,Mountain View,CA
124900,7406,Carrera,2016,WP0AB2A97GS122540,Portland,OR
34900,66097,Carrera,2002,WP0AA29932S620170,Vero Beach,FL
139900,8680,Carrera,2016,WP0AB2A94GS123354,Portland,OR
129900,49800,Carrera,1996,WP0AA2998TS320898,Portland,OR
94991,23910,Carrera,2017,WP0AA2A98HS108330,Roswell,GA
23791,96349,Carrera,2004,WP0CA29954S650637,Houston,TX
96644,22555,Carrera,2017,WP0AA2A93HS107876,San Antonio,TX
75950,51981,Carrera,1995,WP0CA2993SS340385,Saint Louis,MO
89998,14069,Carrera,2016,WP0AA2A99GS106519,Newark,DE
45995,67933,Carrera,2006,WP0CA29996S757273,Frederick,MD
35980,43749,Carrera,2003,WP0CA29923S650755,Newport Beach,CA
59995,76100,Carrera,1986,WP0EB0919GS170545,Pipersville,PA
39990,56824,Carrera,2003,WP0CA29943S653205,Towson,MD
48900,9551,Carrera,2002,WP0AA29942S623109,Danbury,CT
59950,82797,Carrera,1996,WP0AA2993TS320260,Bellevue,WA
93991,6154,Carrera,2017,WP0AA2A96HS107211,Westmont,IL
105481,19920,Carrera,2019,WP0CA2A92KS129304,Greensboro,NC
134888,815,Carrera,2020,WP0AA2A92LS205516,Newark,DE
43356,51413,Carrera,2004,WP0CA29974S653815,Powell,OH
61988,40975,Carrera,2013,WP0AA2A98DS107382,Dallas,TX
36900,56395,Carrera,2003,WP0CA29943S652491,Danbury,CT
28990,98678,Carrera,2003,WP0CA29983S651361,Lowell,MA
59999,173262,Carrera,1988,WP0AB0913JS121962,Portland,OR
39000,43486,Carrera,2004,WP0AA299X4S620654,Phoenix,AZ
32995,75125,Carrera,1999,WP0AA2994XS627037,Scottsdale,AZ
75000,24333,Carrera,2014,WP0AA2A90ES107779,Harrisburg,PA
149995,15521,Carrera,2019,WP0CB2A91KS136189,Flemington,NJ
52995,105952,Carrera,1988,WP0EB0919JS171833,Edmond,OK
92991,34525,Carrera,2017,WP0AA2A93HS108378,N/A,N/A
99995,8929,Carrera,2018,WP0AA2A9XJS105810,N/A,N/A
152000,15477,Carrera,2016,WP0AB2A98GS123065,N/A,N/A
119992,14639,Carrera,2020,WP0AA2A98LS206380,N/A,N/A
121995,1335,Carrera,2020,WP0AA2A96LS205101,N/A,N/A
104900,4952,Carrera,2017,WP0CA2A90HS141928,N/A,N/A
119991,3965,Carrera,2020,WP0AA2A9XLS205148,N/A,N/A
127900,2662,Carrera,2020,WP0CA2A97LS251318,N/A,N/A
129992,1226,Carrera,2020,WP0AA2A94LS205808,N/A,N/A
92985,16560,Carrera,2017,WP0AA2A92HS107996,N/A,N/A
139950,14444,Carrera,2019,WP0AB2A95KS115062,N/A,N/A
108995,12665,Carrera,2015,WP0CB2A91FS155251,N/A,N/A
88900,11464,Carrera,2016,WP0CA2A97GS141391,N/A,N/A
97900,12885,Carrera,2018,WP0AA2A95JS105245,N/A,N/A
74900,58717,Carrera,2015,WP0CA2A99FS141326,N/A,N/A
106492,13381,Carrera,2019,WP0AA2A9XKS103427,N/A,N/A
129900,10320,Carrera,2020,WP0AA2A98LS206329,N/A,N/A
121985,22964,Carrera,2020,WP0AA2A99LS205285,N/A,N/A
149991,20923,Carrera,2016,WP0AB2A92GS123370,N/A,N/A
129991,15943,Carrera,2016,WP0CB2A9XGS154746,N/A,N/A
119992,1952,Carrera,2020,WP0AA2A95LS206465,N/A,N/A
72900,39444,Carrera,2011,WP0AA2A93BS706459,N/A,N/A
102398,11583,Carrera,2017,WP0AA2A99HS106098,N/A,N/A
143990,4027,Carrera,2019,WP0AB2A92KS114242,N/A,N/A
69995,53446,Carrera,2012,WP0AA2A97CS106657,N/A,N/A
96980,27654,Carrera,2018,WP0AA2A99JS105118,N/A,N/A
99995,20501,Carrera,2019,WP0AA2A91KS103543,N/A,N/A
99991,11931,Carrera,2018,WP0AA2A94JS105981,N/A,N/A
106900,13100,Carrera,2019,WP0AA2A97KS104342,N/A,N/A
59500,43935,Carrera,1995,WP0CA2998SS342066,N/A,N/A
75000,77625,Carrera,1988,WP0AB0913JS121220,N/A,N/A
47900,204071,Carrera,1985,WP0AB0911FS120459,N/A,N/A
39200,56898,Carrera,2006,WP0CA29906S757114,N/A,N/A
35500,130148,Carrera,2004,WP0CA29984S651801,N/A,N/A
84900,75293,Carrera,1987,WP0EB0910HS172041,N/A,N/A
99899,1184,Carrera,2019,WP0AA2A90KS103999,N/A,N/A
58950,89574,Carrera,2014,WP0AA2A92ES107878,N/A,N/A
99995,5616,Carrera,2017,WP0AA2A98HS107940,N/A,N/A
65000,53500,Carrera,1987,WP0EB0912HS170887,N/A,N/A
34999,30105,Carrera,2001,WP0AA29961S621506,N/A,N/A
79897,28670,Carrera,2016,WP0AA2A91GS106076,N/A,N/A
94853,18253,Carrera,2018,WP0AA2A9XJS105449,N/A,N/A
55332,33426,Carrera,2006,WP0CA29946S756676,N/A,N/A
94995,26902,Carrera,2018,WP0AA2A90JS105931,N/A,N/A
47211,44973,Carrera,2008,WP0CA29968S765253,N/A,N/A
112891,19354,Carrera,2017,WP0AA2A91HS107231,N/A,N/A
38911,20942,Carrera,2001,WP0CA29901S651061,N/A,N/A
89016,23896,Carrera,2017,WP0AA2A97HS107833,N/A,N/A
87500,66414,Carrera,1988,WP0AB0916JS121163,N/A,N/A
100992,33984,Carrera,2017,WP0AA2A99HS108272,N/A,N/A
31980,33111,Carrera,2001,WP0CAS9921S651076,N/A,N/A
99950,24177,Carrera,2019,WP0AA2A96KS103568,N/A,N/A
75900,30749,Carrera,2013,WP0CA2A99DS140674,N/A,N/A
96395,12054,Carrera,2018,WP0AA2A95JS106198,N/A,N/A
130859,7850,Carrera,2020,WP0CA2A99LS251370,N/A,N/A
89995,36424,Carrera,2017,WP0AA2A9XHS108149,N/A,N/A
59995,19949,Carrera,2007,WP0CA29907S765327,N/A,N/A
79988,36561,Carrera-S,2014,WP0AB2A96ES120548,San Rafael,CA
92188,36077,Carrera-S,2015,WP0AB2A94FS124423,North Olmsted,OH
132900,7536,Carrera-S,2020,WP0AB2A93LS227957,Boise,ID
135067,7442,Carrera-S,2020,WP0AB2A94LS228843,Tucson,AZ
111990,9189,Carrera-S,2018,WP0AB2A90JS123536,Jacksonville,FL
96900,5427,Carrera-S,2015,WP0AB2A9XFS124393,Palm Springs,CA
134981,2034,Carrera-S,2021,WP0AB2A91MS221267,Riverside,CA
84900,14771,Carrera-S,2013,WP0AB2A93DS123051,Tempe,AZ
82542,23947,Carrera-S,2014,WP0AB2A98ES122737,Fort Worth,TX
34500,164963,Carrera-S,2006,WP0CB29956S766727,Carrollton,TX
101000,7106,Carrera-S,2015,WP0AB2A90FS125228,West Palm Beach,FL
124000,8796,Carrera-S,2019,WP0CB2A96KS136608,Westmont,IL
81990,30471,Carrera-S,2013,WP0AB2A93DS120196,San Rafael,CA
84998,10010,Carrera-S,2013,WP0AB2A9XDS123175,Blair,NE
102990,6411,Carrera-S,2016,WP0AB2A97GS122618,Daly City,CA
49950,130325,Carrera-S,2012,WP0AB2A93CS121430,Norco,CA
104850,9560,Carrera-S,2016,WP0CB2A97GS154087,Miami,FL
104971,25690,Carrera-S,2018,WP0AB2A95JS123922,Woodland Hills,CA
84998,32001,Carrera-S,2015,WP0CB2A98FS154761,Pompano Beach,FL
144420,9397,Carrera-S,2020,WP0AB2A97LS229310,Orlando,FL
39149,76584,Carrera-S,2006,WP0CB29976S766471,Charlotte,NC
89831,11897,Carrera-S,2013,WP0AB2A91DS120097,Wilmington,DE
93991,41805,Carrera-S,2017,WP0CB2A98HS155718,Seaside,CA
96899,8821,Carrera-S,2015,WP0CB2A94FS154529,Davie,FL
149995,5836,Carrera-S,2020,WP0AB2A96LS225443,Melbourne,FL
70990,70649,Carrera-S,2015,WP0CB2A9XFS154082,Randallstown,MD
136900,9658,Carrera-S,2020,WP0AB2A90LS226748,Chattanooga,TN
89988,18308,Carrera-S,2014,WP0AB2A96ES120372,Buford,GA
63200,19971,Carrera-S,2012,WP0AB2A95CS121428,Sibley,LA
114989,15033,Carrera-S,2018,WP0AB2A93JS123773,Maitland,FL
89790,9330,Carrera-S,2014,WP0AB2A91ES121218,Milwaukee,WI
94975,11903,Carrera-S,2015,WP0CB2A93FS154165,Hyannis,MA
123944,14266,Carrera-S,2019,WP0AB2A98KS114942,Hickory,NC
124900,5522,Carrera-S,2019,WP0AB2A99KS114822,Pompano Beach,FL
118000,14999,Carrera-S,2017,WP0CB2A92HS154564,Parsippany,NJ
136995,7518,Carrera-S,2020,WP0AB2A90LS225986,Arlington Heights,IL
92950,10528,Carrera-S,2013,WP0CB2A98DS154269,King Of Prussia,PA
142999,2654,Carrera-S,2020,WP0AB2A96LS225328,Valencia,CA
85850,14432,Carrera-S,2013,WP0CB2A98DS155082,Miami,FL
97500,12543,Carrera-S,2016,WP0AB2A97GS122117,Canton,OH
93900,14374,Carrera-S,2013,WP0CB2A98DS155065,Brentwood,TN
156000,5210,Carrera-S,2020,WP0AB2A98LS226853,Las Vegas,NV
88850,19000,Carrera-S,2013,WP0CB2A97DS155025,Miami,FL
147498,3246,Carrera-S,2020,WP0AB2A90LS226684,Delray Beach,FL
144685,13041,Carrera-S,2020,WP0AB2A92LS225908,Knoxville,TN
122000,35940,Carrera-S,2018,WP0CB2A91JS147921,Las Vegas,NV
107900,13170,Carrera-S,2017,WP0AB2A95HS123493,Addison,TX
80387,19396,Carrera-S,2012,WP0CB2A96CS754108,MT LAUREL TOWNSHIP,NJ
105981,31181,Carrera-S,2019,WP0CB2A97KS136441,Avenel,NJ
56990,38994,Carrera-S,2010,WP0CB2A97AS754857,Bethesda,MD
109900,25007,Carrera-S,2019,WP0AB2A95KS114235,Portland,OR
52995,46331,Carrera-S,2006,WP0AB29976S742372,Orlando,FL
122992,20596,Carrera-S,2018,WP0CB2A95JS148053,Arlington,VA
158995,6195,Carrera-S,2020,WP0CB2A93LS262247,West Melbourne,FL
109999,22371,Carrera-S,2017,WP0AB2A95HS125082,Pompano Beach,FL
159995,2405,Carrera-S,2020,WP0CB2A95LS263433,Rocklin,CA
99950,9531,Carrera-S,2015,WP0CB2A93FS154828,Fort Lauderdale,FL
64991,77890,Carrera-S,2012,WP0CB2A96CS154284,Barrington,IL
79995,24225,Carrera-S,2009,WP0CB29989S755113,Syosset,NY
116900,11982,Carrera-S,2018,WP0AB2A96JS123797,Springfield,IL
59990,15270,Carrera-S,2006,WP0AB29986S742820,Duluth,GA
112900,14262,Carrera-S,2017,WP0AB2A91HS123443,Brighton,MA
74900,35930,Carrera-S,2012,WP0AB2A91CS120146,Baton Rouge,LA
56871,46912,Carrera-S,2008,WP0AB29978S731763,Atlanta,GA
73900,49065,Carrera-S,2013,WP0CB2A92DS157118,San Antonio,TX
149989,3984,Carrera-S,2020,WP0AB2A96LS229928,Knoxville,TN
145988,13210,Carrera-S,2020,WP0AB2A92LS225178,Lauderhill,FL
143898,3460,Carrera-S,2020,WP0CB2A93LS264709,Los Angeles,CA
67500,29351,Carrera-S,2007,WP0CB29957S775560,Englewood,NJ
139850,934,Carrera-S,2020,WP0AB2A94LS226722,Waukesha,WI
181530,3719,Carrera-S,2020,WP0CB2A96LS263408,Orlando,FL
151995,2677,Carrera-S,2020,WP0AB2A94LS228177,Orlando,FL
177930,3758,Carrera-S,2020,WP0CB2A9XLS264089,Orlando,FL
147000,2370,Carrera-S,2020,WP0AB2A99LS228093,Irvine,CA
76000,21600,Carrera-S,2012,WP0CB2A96CS754237,Shreveport,LA
57997,38915,Carrera-S,2007,WP0AB29937S730334,Portland,OR
105000,30982,Carrera-S,2017,WP0AB2A97HS122278,Saint Louis,MO
48495,49204,Carrera-S,2006,WP0CB29906S765677,Marietta,GA
146995,5699,Carrera-S,2020,WP0AB2A96LS227936,Huntsville,AL
52996,21621,Carrera-S,2005,WP0AB29945S741212,Houston,TX
53000,22997,Carrera-S,2005,WP0CB29935S765185,Miami,FL
149000,1673,Carrera-S,2019,WP0AB2A91KS114118,Jacksonville,FL
69000,18076,Carrera-S,2008,WP0AB29958S731129,Knoxville,TN
144998,16445,Carrera-S,2017,WP0CB2A93HS155092,Allston,MA
126998,13468,Carrera-S,2019,WP0AB2A90KS114143,Allston,MA
56040,31579,Carrera-S,2006,WP0AB29996S743376,Garden Grove,CA
159981,7591,Carrera-S,2020,WP0AB2A9XLS226210,Silver Spring,MD
49046,66717,Carrera-S,2006,WP0AB29976S743098,Princeton,NJ
79995,23006,Carrera-S,2009,WP0CB29949S755092,Syosset,NY
49561,63864,Carrera-S,2007,WP0AB29937S730866,Highlands Ranch,CO
50778,74473,Carrera-S,2006,WP0AB29936S741235,Austin,TX
54760,39781,Carrera-S,2005,WP0CB29955S765172,Milwaukee,WI
132995,6245,Carrera-S,2019,WP0CB2A98KS136383,Massapequa,NY
48997,80276,Carrera-S,2006,WP0CB29906S769275,Costa Mesa,CA
121000,22255,Carrera-S,2018,WP0CB2A96JS147283,Parsippany,NJ
149995,5886,Carrera-S,2020,WP0AB2A97LS227170,Edmond,OK
98950,38047,Carrera-S,2017,WP0AB2A94HS124134,Roswell,GA
131243,6183,Carrera-S,2018,WP0CB2A90JS147554,Ocala,FL
55542,17643,Carrera-S,2006,WP0CB29996S766486,Richfield,MN
89780,20849,Carrera-S,2014,WP0AB2A99ES120091,Mocksville,NC
74923,57631,Carrera-S,2013,WP0AB2A91DS121511,Mocksville,NC
107995,11723,Carrera-S,2017,WP0AB2A94HS124523,Bonita Springs,FL
79995,27783,Carrera-S,2010,WP0AB2A96AS720769,Glen Cove,NY
119991,14412,Carrera-S,2019,WP0AB2A94KS114260,Bellevue,WA
147940,15138,Carrera-S,2020,WP0AB2A97LS226875,Orlando,FL
147888,16346,Carrera-S,2020,WP0AB2A91LS227651,Foothill Ranch,CA
56980,25726,Carrera-S,2006,WP0AB29946S742877,Newport Beach,CA
94998,13452,Carrera-S,2015,WP0AB2A93FS125899,Walnut Creek,CA
75991,41260,Carrera-S,2013,WP0CB2A95DS154908,Houston,TX
157500,7187,Carrera-S,2014,WP0AB2A90ES121291,Jupiter,FL
43000,79311,Carrera-S,2006,WP0CB29916S766837,Shepherdsville,KY
104990,22831,Carrera-S,2016,WP0CB2A92GS154160,Towson,MD
78491,20035,Carrera-S,2011,WP0CB2A9XBS755180,Charlotte,NC
61881,35441,Carrera-S,2005,WP0AB29945S742568,Bethesda,MD
137596,19231,Carrera-S,2020,WP0AB2A91LS227505,Davie,FL
154900,666,Carrera-S,2020,WP0AB2A95LS226762,Pompano Beach,FL
149995,11522,Carrera-S,2020,WP0AB2A95LS225269,Las Vegas,NV
149990,7098,Carrera-S,2020,WP0AB2A96LS229024,Miami,FL
129995,3912,Carrera-S,2019,WP0CB2A99KS136327,Houston,TX
177999,5145,Carrera-S,2020,WP0CB2A92LS262322,Houston,TX
49995,56323,Carrera-S,2008,WP0CB29978S775089,Carmel,IN
122320,31624,Carrera-S,2020,WP0AB2A99LS227851,Columbia,SC
91000,30279,Carrera-S,2015,WP0CB2A96FS143094,Scottsdale,AZ
111000,21172,Carrera-S,2017,WP0CB2A91HS154216,Palm Beach Gardens,FL
75900,40693,Carrera-S,2012,WP0AB2A94CS121209,Westmont,IL
79999,28150,Carrera-S,2012,WP0AB2A92CS120138,Richardson,TX
56977,24429,Carrera-S,2007,WP0AB29927S730583,Barrington,IL
83999,59569,Carrera-S,2017,WP0AB2A98HS123410,Birmingham,AL
94991,34398,Carrera-S,2017,WP0CB2A91HS155351,Miami,FL
89900,25373,Carrera-S,2015,WP0CB2A90FS154771,Palm Springs,CA
49995,63902,Carrera-S,2006,WP0AB29956S742032,Sacramento,CA
104990,23924,Carrera-S,2017,WP0AB2A90HS122882,Towson,MD
69850,43173,Carrera-S,2008,WP0AB29998S731747,Miami,FL
120424,24386,Carrera-S,2017,WP0CB2A96HS154664,Fairfield,CT
140000,14616,Carrera-S,2020,WP0AB2A92LS226010,West Palm Beach,FL
122900,1861,Carrera-S,2018,WP0AB2A90JS124170,Pompano Beach,FL
89900,22703,Carrera-S,2013,WP0CB2A92DS157216,Midlothian,VA
66995,64215,Carrera-S,2011,WP0AB2A98BS720225,Raleigh,NC
62995,65992,Carrera-S,2011,WP0CB2A94BS754753,Charlotte,NC
148995,3545,Carrera-S,2021,WP0AB2A98MS221184,San Diego,CA
49950,30350,Carrera-S,2006,WP0CB299X6S765315,Saint Louis,MO
164995,4388,Carrera-S,2017,WP0CB2A92HS154953,Naples,FL
74995,41437,Carrera-S,2012,WP0AB2A93CS120634,Columbus,OH
157995,3058,Carrera-S,2020,WP0CB2A90LS262450,Elmhurst,IL
107995,34326,Carrera-S,2017,WP0CB2A96HS155345,Orlando,FL
59900,50546,Carrera-S,2005,WP0AB29975S741690,Carrollton,TX
109000,12003,Carrera-S,2016,WP0CB2A96GS154761,Pompano Beach,FL
74900,32305,Carrera-S,2012,WP0AB2A94CS720210,Portland,OR
158500,14979,Carrera-S,2020,WP0AB2A93LS226081,MARIETTA,GA
82794,36451,Carrera-S,2014,WP0AB2A9XES120391,Oklahoma City,OK
65000,27372,Carrera-S,2006,WP0CB29996S768786,Parsippany,NJ
61257,64848,Carrera-S,2009,WP0CB29999S754262,Mocksville,NC
100231,7413,Carrera-S,2014,WP0CB2A97ES155530,Mocksville,NC
161482,7590,Carrera-S,2020,WP0CB2A97LS263918,Mocksville,NC
72990,21609,Carrera-S,2011,WP0AB2A92BS720558,Austin,TX
41990,86175,Carrera-S,2006,WP0CB29936S765947,Tampa,FL
119898,24383,Carrera-S,2015,WP0AB2A92FS125733,Los Angeles,CA
149900,18292,Carrera-S,2020,WP0AB2A97LS228299,Pompano Beach,FL
59900,25884,Carrera-S,2006,WP0CB29956S769286,Portland,OR
109900,19974,Carrera-S,2017,WP0AB2A91HS122616,Vero Beach,FL
89999,49028,Carrera-S,2017,WP0AB2A92HS122804,Portland,OR
62900,27182,Carrera-S,2008,WP0AB29988S730525,Portland,OR
136999,20033,Carrera-S,2020,WP0AB2A98LS227789,Madison,IN
79995,21662,Carrera-S,2009,WP0CB29999S755346,Glen Cove,NY
49995,55701,Carrera-S,2006,WP0CB29946S766766,Honolulu,HI
150858,7358,Carrera-S,2020,WP0AB2A97LS229744,Orlando,FL
70950,13880,Carrera-S,2008,WP0AB29938S732389,Rochester,NY
81999,25991,Carrera-S,2013,WP0CB2A91DS156784,El Cajon,CA
94999,30409,Carrera-S,2017,WP0AB2A98HS123200,Grand Rapids,MI
119000,8932,Carrera-S,2017,WP0CB2A92HS154077,North Dartmouth,MA
137481,5758,Carrera-S,2020,WP0AB2A92LS227058,Greensboro,NC
84998,17970,Carrera-S,2013,WP0CB2A96DS156196,Milwaukee,WI
67995,39158,Carrera-S,2009,WP0CB29949S754928,San Diego,CA
63991,32948,Carrera-S,2008,WP0CB29928S775954,Lakewood,CO
92995,24332,Carrera-S,2013,WP0CB2A92DS154476,Parsippany,NJ
59900,39824,Carrera-S,2006,WP0AB29986S740789,Portland,OR
69900,29613,Carrera-S,2007,WP0AB29917S730512,Portland,OR
134998,24627,Carrera-S,2017,WP0AB2A91HS122499,Sacramento,CA
115998,26000,Carrera-S,2018,WP0AB2A95JS123189,Atlanta,GA
89900,40840,Carrera-S,2014,WP0CB2A96ES154711,Northbrook,IL
59995,32871,Carrera-S,2007,WP0AB29957S731677,Houston,TX
124998,23279,Carrera-S,2017,WP0CB2A94HS155814,Allston,MA
124998,17915,Carrera-S,2017,WP0CB2A91HS154202,Allston,MA
121987,5463,Carrera-S,2017,WP0CB2A99HS155095,Stratham,NH
159200,4387,Carrera-S,2020,WP0CB2A93LS263222,Atlanta,GA
59995,29968,Carrera-S,2005,WP0AB29975S741303,Syosset,NY
66000,20373,Carrera-S,2006,WP0AB299X6S740759,Canton,OH
47990,61823,Carrera-S,2006,WP0AB299X6S741149,Tampa,FL
79996,26029,Carrera-S,2012,WP0AB2A91CS720357,Westmont,IL
105000,24056,Carrera-S,2016,WP0CB2A93GS154250,West Palm Beach,FL
109275,37526,Carrera-S,2017,WP0CB2A90HS154191,Virginia Beach,VA
120769,10869,Carrera-S,2019,WP0AB2A9XKS115168,N/A,N/A
160000,4295,Carrera-S,2020,WP0CB2A91LS262571,N/A,N/A
152000,4278,Carrera-S,2020,WP0AB2A90LS227575,N/A,N/A
104900,22398,Carrera-S,2017,WP0AB2A96HS125284,N/A,N/A
79991,25515,Carrera-S,2014,WP0AB2A90ES120867,N/A,N/A
158988,2068,Carrera-S,2020,WP0CB2A90LS263839,N/A,N/A
143988,12938,Carrera-S,2020,WP0CB2A95LS262136,N/A,N/A
152992,2226,Carrera-S,2020,WP0AB2A97LS229680,N/A,N/A
129991,4046,Carrera-S,2019,WP0AB2A91KS114930,N/A,N/A
113950,14929,Carrera-S,2018,WP0AB2A91JS122881,N/A,N/A
139990,4820,Carrera-S,2020,WP0AB2A98LS227369,N/A,N/A
148520,6397,Carrera-S,2020,WP0AB2A90LS226734,N/A,N/A
107991,39611,Carrera-S,2017,WP0CB2A95HS155157,N/A,N/A
109991,16855,Carrera-S,2017,WP0AB2A97HS123902,N/A,N/A
139900,14118,Carrera-S,2017,WP0AB2A96HS123082,N/A,N/A
102991,35382,Carrera-S,2017,WP0AB2A99HS124498,N/A,N/A
134995,4607,Carrera-S,2019,WP0CB2A96KS136253,N/A,N/A
145991,1840,Carrera-S,2019,WP0CB2A90KS136247,N/A,N/A
136900,2504,Carrera-S,2019,WP0CB2A90KS136331,N/A,N/A
89898,36604,Carrera-S,2014,WP0CB2A92ES154737,N/A,N/A
71933,46576,Carrera-S,2012,WP0AB2A97CS120328,N/A,N/A
89995,26391,Carrera-S,2014,WP0AB2A90ES120707,N/A,N/A
109898,29075,Carrera-S,2018,WP0AB2A9XJS124158,N/A,N/A
138791,9680,Carrera-S,2020,WP0AB2A95LS226907,N/A,N/A
155995,3417,Carrera-S,2020,WP0AB2A95LS227670,N/A,N/A
68250,41590,Carrera-S,2005,WP0AB29905S741921,N/A,N/A
158900,3848,Carrera-S,2020,WP0CB2A91LS263655,N/A,N/A
118980,7523,Carrera-S,2017,WP0CB2A97HS155015,N/A,N/A
79991,56939,Carrera-S,2012,WP0AB2A91CS120311,N/A,N/A
137597,18397,Carrera-S,2020,WP0AB2A94LS225683,N/A,N/A
169995,1071,Carrera-S,2020,WP0CB2A94LS263679,N/A,N/A
164900,3015,Carrera-S,2020,WP0AB2A92LS229781,N/A,N/A
148995,12221,Carrera-S,2020,WP0AB2A95LS225448,N/A,N/A
55194,53715,Carrera-S,2006,WP0AB29956S740586,N/A,N/A
69898,46193,Carrera-S,2006,WP0AB29956S743746,N/A,N/A
69991,54188,Carrera-S,2011,WP0AB2A99BS720136,N/A,N/A
46980,77505,Turbo,2002,WP0AB29962S686080,Van Nuys,CA
79996,43043,Turbo,2009,WP0CD29929S773102,HEMPSTEAD,NY
84000,10465,Turbo,2008,WP0AD29978S783968,Riverside,CA
129110,33490,Turbo,2017,WP0CD2A90HS178694,Salt Lake City,UT
132000,16415,Turbo,2016,WP0AD2A92GS166407,Las Vegas,NV
129900,33200,Turbo,2014,WP0AD2A93ES167319,Fairfield,CT
139900,11196,Turbo,2015,WP0AD2A99FS166774,WEST LONG BRANCH,NJ
135515,16154,Turbo,2016,WP0AD2A96GS166555,Davie,FL
74995,28019,Turbo,2008,WP0CD29998S789070,Costa Mesa,CA
79901,35269,Turbo,2009,WP0CD29989S773508,Salt Lake City,UT
69987,60252,Turbo,2008,WP0CD29978S789634,Mocksville,NC
127950,13596,Turbo,2015,WP0AD2A91FS166509,Saint Louis,MO
69848,66740,Turbo,2008,WP0AD29938S783319,Strongsville,OH
74900,35616,Turbo,2007,WP0AD29957S784342,Tempe,AZ
92991,11016,Turbo,2009,WP0CD29959S773174,Roswell,GA
166481,4311,Turbo,2019,WP0AD2A92KS140978,Greensboro,NC
66359,43469,Turbo,2004,WP0AB29964S685174,Strongsville,OH
132987,37754,Turbo,2015,WP0AD2A99FS166290,Maitland,FL
139900,12228,Turbo,2014,WP0AD2A91ES167397,Brighton,MA
91999,15184,Turbo,2009,WP0CD29979S773600,DENVER,NC
79850,41900,Turbo,2008,WP0CD29918S789046,Miami,FL
86888,12645,Turbo,2007,WP0AD299X7S784479,Round Rock,TX
81500,64107,Turbo,2009,WP0CD29999S773291,CHINO HILLS,CA
87995,26197,Turbo,2008,WP0CD29998S788999,Vero Beach,FL
175900,6545,Turbo,2019,WP0AD2A90KS140106,Pompano Beach,FL
175995,3192,Turbo,2019,WP0CD2A98KS144218,Plano,TX
54995,50749,Turbo,2004,WP0CB29914S675256,Virginia Beach,VA
64995,43005,Turbo,2004,WP0CB29964S675804,Syosset,NY
53993,44252,Turbo,2001,WP0AB29941S687663,Fife,WA
135900,30558,Turbo,2015,WP0AD2A95FS166979,Dublin,OH
124898,20032,Turbo,2014,WP0AD2A92ES166940,Los Angeles,CA
325000,1198,Turbo,2018,WP0AD2A96JS156972,Addison,TX
57995,37618,Turbo,2002,WP0AB29972S687349,Coventry,CT
61997,34515,Turbo,2004,WP0CB29944S676174,Houston,TX
179800,3816,Turbo,2018,WP0AD2A95JS156154,Brentwood,TN
58888,66527,Turbo,2004,WP0CB29904S676057,San Diego,CA
49900,104127,Turbo,2004,WP0CB29904S676138,Grand Rapids,MI
123999,58286,Turbo,2016,WP0CD2A96GS178200,Marietta,GA
74495,9253,Turbo,2002,WP0AB299X2S687409,Lakewood,CO
68985,34970,Turbo,2004,WP0CB29914S675662,Massapequa,NY
60000,41000,Turbo,2004,WP0CB29994S675344,Orange,CA
219733,5097,Turbo,2019,WP0CD2A90KS144214,West Palm Beach,FL
115995,20355,Turbo,2015,WP0CD2A91FS178264,Costa Mesa,CA
135000,39528,Turbo,2015,WP0AD2A96FS160110,Freeport,NY
159900,15205,Turbo,2019,WP0AD2A95KS140487,Brighton,MA
175598,4909,Turbo,2019,WP0AD2A93KS140178,Brentwood,TN
85850,43272,Turbo,2007,WP0AD29967S783278,Miami,FL
154900,3024,Turbo,2016,WP0CD2A99GS178403,Pompano Beach,FL
99988,30000,Turbo,2007,WP0AD29907S784474,Kansas City,KS
59000,54255,Turbo,2003,WP0AB29913S685372,Scottsdale,AZ
168888,11078,Turbo,2018,WP0AD2A96JS156468,Newark,DE
47995,96187,Turbo,2001,WP0AB29921S685068,Sacramento,CA
177990,8834,Turbo,2018,WP0AD2A91JS156409,Minneapolis,MN
224900,29129,Turbo,1989,WP0EB0931KS070126,Plant City,FL
199994,2013,Turbo,2019,WP0AD2A95KS140781,Sacramento,CA
162500,16994,Turbo,2018,WP0CD2A94JS162083,Canton,OH
189844,1709,Turbo,2019,WP0CD2A93KS144224,Lansing,MI
139999,32907,Turbo,2017,WP0CD2A97HS178286,Huntington Beach,CA
77900,57518,Turbo,2007,WP0AD29917S785259,Carrollton,TX
64990,31147,Turbo,2004,WP0CB29964S676774,Concord,CA
109000,22467,Turbo,2008,WP0CD29908S788759,Jupiter,FL
64950,37976,Turbo,2004,WP0CB29924S676304,Bellevue,WA
69900,27773,Turbo,2004,WP0CB29924S675850,Cleveland,OH
55000,80445,Turbo,2001,WP0AB29981S687438,Santa Barbara,CA
76990,52924,Turbo,2008,WP0CD29988S788749,Henrico,VA
169900,5930,Turbo,2018,WP0AD2A99JS156853,Pompano Beach,FL
178777,17451,Turbo,2017,WP0CD2A93HS178656,Addison,TX
59996,59923,Turbo,2004,WP0CB29964S675821,Lynnwood,WA
87987,17119,Turbo,2007,WP0AD29977S784407,Stratham,NH
299000,70853,Turbo,1994,WP0AC2961RS480274,Austin,TX
79900,27372,Turbo,2001,WP0AB29941S687243,Sacramento,CA
154980,29262,Turbo,2018,WP0CD2A97JS162112,Oklahoma City,OK
110000,60252,Turbo,2007,WP0AD29987S785761,Orange,CA
49990,61054,Turbo,2001,WP0AB29921S686026,Portland,OR
179885,5004,Turbo,2017,WP0AD2A94HS167527,Reno,NV
199950,50908,Turbo,1996,WP0AC2995TS375190,Miami,FL
88990,35728,Turbo,2008,WP0AD29988S783199,Lake Bluff,IL
97000,14510,Turbo,2009,WP0AD29999S766512,Canton,OH
84981,55474,Turbo,2008,WP0AD29978S784263,Mocksville,NC
89900,12844,Turbo,2008,WP0CD29958S789230,Dublin,OH
189995,5749,Turbo,2019,WP0AD2A90KS140588,Rocklin,CA
119995,6744,Turbo,2008,WP0CD29968S789706,Glen Cove,NY
119850,27890,Turbo,2015,WP0CD2A99FS178223,Tampa,FL
88995,19842,Turbo,2004,WP0AB29984S685130,Fairfield,CT
169991,7786,Turbo,2018,WP0AD2A90JS156983,Barrington,IL
223911,18405,Turbo,1991,WP0AA2967MS480259,Las Vegas,NV
167900,3312,Turbo,2018,WP0AD2A92JS156094,Carrollton,TX
174890,43404,Turbo,1986,WP0JB0933GS051373,Indian Trail,NC
58950,64294,Turbo,2003,WP0AB29943S686709,Littleton,CO
125898,7220,Turbo,2007,WP0AD29907S785270,Los Angeles,CA
112988,15235,Turbo,2010,WP0CD2A96AS773183,Sarasota,FL
148888,61407,Turbo,1988,WP0EB093XJS070463,San Francisco,CA
162994,8536,Turbo,2018,WP0AD2A91JS156197,Barrington,IL
178319,8081,Turbo,2019,WP0AD2A94KS140142,Davie,FL
299000,30150,Turbo,1989,WP0JB0932KS050501,Anaheim,CA
69998,51200,Turbo,2008,WP0AD29988S783820,Apex,NC
89000,34645,Turbo,2007,WP0AD29967S786844,Pompano Beach,FL
202000,499,Turbo,2019,WP0CD2A9XKS144723,Tulsa,OK
122888,23928,Turbo,2011,WP0CD2A93BS773532,Costa Mesa,CA
184995,32459,Turbo,1987,WP0JB093XHS051517,Scottsdale,AZ
119000,20162,Turbo,2012,WP0CD2A95CS773596,Pompano Beach,FL
179000,16242,Turbo,1987,WP0JB0939HS050116,Pompano Beach,FL
118850,63967,Turbo,1988,WP0JB0936JS050189,Houston,TX
249995,14000,Turbo,1996,WP0AC2995TS376243,Syosset,NY
219950,40548,Turbo,1997,WP0AC2994VS375166,Miami,FL
119000,20073,Turbo,2009,WP0CD29949S773344,Pompano Beach,FL
81900,29760,Turbo,2004,WP0CB29904S675992,Pompano Beach,FL
79950,20096,Turbo,2002,WP0AB299X2S687328,Blackwood,NJ
128900,19692,Turbo,2010,WP0CD2A97AS773368,Pompano Beach,FL
109998,6555,Turbo,2008,WP0AD29928S784171,Lauderdale Lakes,FL
207999,12050,Turbo,2018,WP0AD2A95JS156087,Freeport,NY
99999,5400,Turbo,2003,WP0AB299X3S685645,Portland,OR
139900,42567,Turbo,2010,WP0AD2A94AS766398,Portland,OR
151999,10724,Turbo,2015,WP0AD2A9XFS166718,Freeport,NY
135900,13014,Turbo,2015,WP0AD2A9XFS166654,Pompano Beach,FL
269990,1188,Turbo,2021,WP0AD2A96MS257109,Las Vegas,NV
174900,17180,Turbo,2017,WP0AD2A91HS167355,Dublin,OH
186888,7567,Turbo,2019,WP0AD2A93KS140777,Bensenville,IL
181000,7838,Turbo,2019,WP0AD2A9XKS140064,Pompano Beach,FL
87500,50761,Turbo,2008,WP0AD29938S783434,Washington,PA
92000,20503,Turbo,2004,WP0AB29914S685342,Englewood,NJ
115000,35400,Turbo,1987,WP0JB0930HS050456,Kirkland,WA
134995,49064,Turbo,1987,WP0JB093XHS050237,Addison,TX
129900,83990,Turbo,1986,WP0JB0930GS051413,Grand Rapids,MI
129900,13371,Turbo,2011,WP0CD2A94BS773619,Pompano Beach,FL
84900,37947,Turbo,2008,WP0CD29978S788483,West Palm Beach,FL
95900,37127,Turbo,2008,WP0CD29988S789206,Portland,OR
59901,34402,Turbo,2001,WP0AB29991S687416,Salt Lake City,UT
119900,29800,Turbo,2012,WP0AD2A95CS766607,Dublin,OH
89995,43044,Turbo,2007,WP0AD29917S786198,Flemington,NJ
172901,8269,Turbo,2019,WP0AD2A95KS140215,Salt Lake City,UT
279999,24512,Turbo,1988,WP0EB0935JS070130,Naples,FL
170000,5000,Turbo,2018,WP0AD2A92JS156631,N/A,N/A
179490,5250,Turbo,2019,WP0AD2A91KS140132,N/A,N/A
179991,11071,Turbo,2019,WP0CD2A90KS144181,N/A,N/A
160000,16800,Turbo,2018,WP0AD2A9XJS156392,N/A,N/A
85900,29813,Turbo,2009,WP0CD29959S773367,N/A,N/A
142853,7421,Turbo,2015,WP0AD2A9XFS166671,N/A,N/A
164900,12101,Turbo,2017,WP0AD2A95HS167147,N/A,N/A
69500,20915,Turbo,2004,WP0CB29994S675800,N/A,N/A
60990,56066,Turbo,2004,WP0CB29934S675579,N/A,N/A
129563,20149,Turbo,2015,WP0AD2A96FS166439,N/A,N/A
349000,9453,Turbo,1997,WP0AC2999VS375681,N/A,N/A
127995,18341,Turbo,2013,WP0CD2A94DS773123,N/A,N/A
75888,35319,Turbo,2002,WP0AB29942S685476,N/A,N/A
205999,13274,Turbo,2018,WP0AD2A92JS156242,N/A,N/A
169000,3809,Turbo,2018,WP0CD2A98JS162443,N/A,N/A
36495,147265,Carrera-4S,2007,WP0AB29957S732988,Tampa,FL
31900,82722,Carrera-4S,2003,WP0AA29903S620712,Middleton,WI
44900,52000,Carrera-4S,2004,WP0AA299X4S621268,Glenshaw,PA
117940,15618,Carrera-4S,2018,WP0AB2A9XJS123110,Boca Raton,FL
144998,6801,Carrera-4S,2020,WP0AB2A90LS228757,Arlington,VA
79995,27708,Carrera-4S,2012,WP0AB2A90CS721161,Melbourne,FL
83900,31421,Carrera-4S,2013,WP0AB2A90DS121273,Tempe,AZ
85990,38219,Carrera-4S,2014,WP0AB2A96ES120582,Columbus,OH
155995,2650,Carrera-4S,2020,WP0AB2A92LS225360,Wilkes Barre,PA
85985,37028,Carrera-4S,2014,WP0AB2A93ES122547,Fayetteville,NC
168000,6335,Carrera-4S,2020,WP0CB2A92LS262224,Miami,FL
153900,8866,Carrera-4S,2020,WP0AB2A90LS226216,Rahway,NJ
96989,9288,Carrera-4S,2014,WP0CB2A92ES154544,Doylestown,PA
42900,51817,Carrera-4S,2003,WP0AA29983S620408,Grand Rapids,MI
129995,26985,Carrera-4S,2018,WP0CB2A93JS147659,Delray Beach,FL
59995,44112,Carrera-4S,2008,WP0AB29908S732351,Bellevue,WA
175000,2120,Carrera-4S,2020,WP0CB2A98LS264110,Las Vegas,NV
89995,58845,Carrera-4S,2008,WP0AB29998S730291,San Ramon,CA
49990,70700,Carrera-4S,2008,WP0CB29968S776119,Portland,OR
67900,34656,Carrera-4S,2007,WP0AB29977S732605,Carrollton,TX
144795,9351,Carrera-4S,2020,WP0CB2A98LS263006,Conshohocken,PA
94984,7476,Carrera-4S,2015,WP0CB2A93FS143148,Houston,TX
127900,9161,Carrera-4S,2018,WP0AB2A99JS123082,Flemington,NJ
145694,3100,Carrera-4S,2019,WP0AB2A9XKS114750,Albuquerque,NM
164988,3898,Carrera-4S,2020,WP0AB2A96LS227435,Kansas City,KS
161995,1927,Carrera-4S,2021,WP0AB2A91MS221334,Melbourne,FL
154991,3169,Carrera-4S,2020,WP0AB2A90LS227804,Houston,TX
137987,6153,Carrera-4S,2019,WP0CB2A95KS136180,Stratham,NH
68850,59622,Carrera-4S,2009,WP0AB29909S722582,Miami,FL
159988,3228,Carrera-4S,2020,WP0AB2A99LS227347,Sarasota,FL
135955,14930,Carrera-4S,2019,WP0AB2A92KS115228,CHERRY HILL,NJ
114900,26764,Carrera-4S,2018,WP0AB2A95JS122236,Fort Lauderdale,FL
130800,12548,Carrera-4S,2017,WP0CB2A91HS154362,North Olmsted,OH
129900,3700,Carrera-4S,2018,WP0AB2A92JS123053,Fairfield,CT
77995,21385,Carrera-4S,2012,WP0AB2A98CS720288,Plano,TX
159490,5941,Carrera-4S,2020,WP0AB2A9XLS225784,Indianapolis,IN
138992,13617,Carrera-4S,2019,WP0AB2A97KS115080,Barrington,IL
165250,13259,Carrera-4S,2020,WP0AB2A99LS227512,Barrington,IL
131000,27004,Carrera-4S,2017,WP0CB2A90HS156393,Fairfield,CT
89480,18607,Carrera-4S,2013,WP0AB2A98DS122087,Mocksville,NC
148990,4617,Carrera-4S,2020,WP0AB2A96LS228567,Grand Rapids,MI
63500,39131,Carrera-4S,2008,WP0CB299X8S777161,Saint Paul,MN
143000,9109,Carrera-4S,2017,WP0CB2A9XHS154327,Englewood,NJ
45995,55091,Carrera-4S,2005,WP0CA29945S650226,Glendale,CA
86990,28650,Carrera-4S,2013,WP0AB2A93DS121994,Grand Rapids,MI
121998,20371,Carrera-4S,2017,WP0AB2A99HS122945,Austin,TX
143900,12374,Carrera-4S,2017,WP0CB2A9XHS155378,Freeport,NY
118900,7677,Carrera-4S,2016,WP0CB2A92GS154658,Midlothian,VA
61900,48118,Carrera-4S,2009,WP0CB29979S756012,Westmont,IL
82995,36790,Carrera-4S,2009,WP0AB29919S722820,Syosset,NY
115897,33009,Carrera-4S,2017,WP0CB2A93HS155173,Indianapolis,IN
154950,1883,Carrera-4S,2020,WP0AB2A90LS228144,Bend,OR
118945,10731,Carrera-4S,2017,WP0CB2A95HS154476,Riverside,CA
155000,21214,Carrera-4S,2020,WP0CB2A98LS263488,West Palm Beach,FL
125788,11756,Carrera-4S,2017,WP0CB2A99HS154710,Santa Clara,CA
80900,43384,Carrera-4S,2013,WP0AB2A92DS121484,Warrenville,IL
130000,14893,Carrera-4S,2017,WP0CB2A99HS156201,Chicago,IL
67950,56189,Carrera-4S,2007,WP0AB29957S730836,King Of Prussia,PA
79995,23381,Carrera-4S,2010,WP0CB2A95AS754551,Glen Cove,NY
45900,54946,Carrera-4S,2004,WP0CA29934S652516,Palm Springs,CA
47898,51844,Carrera-4S,2004,WP0CA29944S653092,Newark,DE
59985,52760,Carrera-4S,2007,WP0AB29977S732698,Gurnee,IL
56309,46558,Carrera-4S,2006,WP0CB299X6S767484,Mocksville,NC
49995,30645,Carrera-4S,2004,WP0AA29984S621169,Glendale,CA
58990,33118,Carrera-4S,2010,WP0CB2A97AS754440,Austin,TX
145599,1992,Carrera-4S,2019,WP0AB2A95KS115739,San Diego,CA
129995,9366,Carrera-4S,2017,WP0CB2A91HS155561,Coventry,CT
52850,42293,Carrera-4S,2003,WP0AA29953S622312,Miami,FL
109990,33526,Carrera-4S,2017,WP0AB2A93HS123623,Jacksonville,FL
79999,51913,Carrera-4S,2010,WP0AB2A9XAS720841,Houston,TX
125990,14522,Carrera-4S,2018,WP0CB2A90JS147747,Miami,FL
152900,7675,Carrera-4S,2020,WP0AB2A91LS228413,Brighton,MA
169900,740,Carrera-4S,2021,WP0AB2A93MS221142,Pompano Beach,FL
149994,8344,Carrera-4S,2020,WP0AB2A94LS228146,Davie,FL
159900,7716,Carrera-4S,2020,WP0AB2A96LS226091,Pompano Beach,FL
41995,58164,Carrera-4S,2004,WP0CA29914S651154,Beaverton,OR
66900,34201,Carrera-4S,2008,WP0CB299X8S776463,Dublin,OH
119000,18343,Carrera-4S,2017,WP0AB2A93HS122486,Dublin,OH
179990,3602,Carrera-4S,2020,WP0AB2A91LS225544,Towson,MD
51900,64500,Carrera-4S,2003,WP0AA29983S624149,Springfield,IL
69961,40883,Carrera-4S,2006,WP0CB29926S768872,Woodland Hills,CA
65995,13022,Carrera-4S,2008,WP0CB29958S775429,Sykesville,MD
169900,4500,Carrera-4S,2020,WP0AB2A99LS226277,Pompano Beach,FL
64999,67980,Carrera-4S,2011,WP0CB2A98BS754402,East Windsor,NJ
39999,84012,Carrera-4S,2004,WP0AA29974S620997,Clifton,NJ
149990,1535,Carrera-4S,2020,WP0AB2A97LS225550,Valley Stream,NY
122995,19351,Carrera-4S,2017,WP0AB2A93HS122889,Parsippany,NJ
129995,15192,Carrera-4S,2019,WP0AB2A94KS115229,Totowa,NJ
94992,27267,Carrera-4S,2015,WP0AB2A91FS110219,Barrington,IL
132143,21663,Carrera-4S,2017,WP0AB2A96HS123115,Fairfield,CT
149795,3149,Carrera-4S,2020,WP0AB2A9XLS225462,Paramus,NJ
128900,19658,Carrera-4S,2017,WP0CB2A95HS156048,Midlothian,VA
47997,42314,Carrera-4S,2004,WP0CA29914S650134,Costa Mesa,CA
173500,902,Carrera-4S,2020,WP0CB2A99LS262088,Sarasota,FL
159000,1597,Carrera-4S,2019,WP0CB2A92KS136802,Pompano Beach,FL
125990,12991,Carrera-4S,2019,WP0AB2A90KS114465,Towson,MD
59991,54592,Carrera-4S,2008,WP0CB299X8S777208,Barrington,IL
178888,4579,Carrera-4S,2021,WP0CB2A97MS248174,San Diego,CA
94900,40256,Carrera-4S,2015,WP0CB2A96FS155150,Northbrook,IL
129999,4501,Carrera-4S,2018,WP0AB2A97JS122593,Houston,TX
157888,12448,Carrera-4S,2020,WP0AB2A96LS225782,Costa Mesa,CA
159900,4141,Carrera-4S,2020,WP0AB2A99LS225789,Brighton,MA
134995,3763,Carrera-4S,2019,WP0AB2A95KS114610,South Charleston,WV
134900,11197,Carrera-4S,2019,WP0AB2A95KS114462,Portland,OR
107995,12978,Carrera-4S,2014,WP0CB2A95ES155784,Chantilly,VA
63900,31270,Carrera-4S,2006,WP0AB29906S744335,Portland,OR
159998,3898,Carrera-4S,2019,WP0AB2A98KS115427,Allston,MA
89995,17795,Carrera-4S,2015,WP0AB2A9XFS124247,Bonita Springs,FL
154995,7680,Carrera-4S,2020,WP0AB2A93LS225951,Troy,MI
159900,1152,Carrera-4S,2020,WP0AB2A94LS228776,Pompano Beach,FL
179000,8403,Carrera-4S,2020,WP0AB2A90LS229021,Pompano Beach,FL
109000,29405,Carrera-4S,2017,WP0AB2A99HS123240,Pompano Beach,FL
129000,19425,Carrera-4S,2018,WP0AB2A96JS122388,Pompano Beach,FL
65995,45866,Carrera-4S,2008,WP0AB29948S732417,Chantilly,VA
59900,52356,Carrera-4S,2008,WP0AB299X8S730574,Portland,OR
109995,5774,Carrera-4S,2014,WP0CB2A93ES154973,Birmingham,MI
74898,55621,Carrera-4S,2009,WP0AB29969S721680,Indianapolis,IN
54631,54400,Carrera-4S,2006,WP0CB29986S766527,Mocksville,NC
109990,40521,Carrera-4S,2018,WP0AB2A98JS123462,Lowell,MA
129900,17868,Carrera-4S,2017,WP0AB2A99HS125182,Freeport,NY
182900,3779,Carrera-4S,2020,WP0CB2A96LS264221,Pompano Beach,FL
182900,3779,Carrera-4S,2020,WP0CB2A96LS264221,Pompano Beach,FL
182999,4014,Carrera-4S,2020,WP0AB2A96LS227290,Houston,TX
154860,2032,Carrera-4S,2020,WP0AB2A98LS228537,Sarasota,FL
125898,20428,Carrera-4S,2017,WP0CB2A97HS156388,Los Angeles,CA
155900,1329,Carrera-4S,2020,WP0AB2A90LS227737,Tulsa,OK
148950,9839,Carrera-4S,2020,WP0AB2A95LS228947,Roswell,GA
152700,14123,Carrera-4S,2020,WP0AB2A9XLS227745,Pittsburgh,PA
164995,772,Carrera-4S,2020,WP0AB2A9XLS226479,Newtown Square,PA
113429,9823,Carrera-4S,2017,WP0AB2A94HS122982,Kennewick,WA
159000,1996,Carrera-4S,2020,WP0AB2A96LS228441,N/A,N/A
169900,8219,Carrera-4S,2020,WP0CB2A9XLS263766,N/A,N/A
167000,2497,Carrera-4S,2020,WP0AB2A97LS229131,N/A,N/A
145000,6449,Carrera-4S,2019,WP0AB2A9XKS114540,N/A,N/A
124991,19308,Carrera-4S,2017,WP0CB2A9XHS155980,N/A,N/A
129938,18925,Carrera-4S,2017,WP0CB2A9XHS155736,N/A,N/A
128074,13610,Carrera-4S,2017,WP0CB2A91HS155608,N/A,N/A
77853,41563,Carrera-4S,2009,WP0CB29919S756071,N/A,N/A
134991,5748,Carrera-4S,2017,WP0CB2A91HS154653,N/A,N/A
143995,2352,Carrera-4S,2019,WP0AB2A96KS114437,N/A,N/A
139985,7615,Carrera-4S,2017,WP0CB2A92HS155603,N/A,N/A
157995,4376,Carrera-4S,2020,WP0CB2A97LS263367,N/A,N/A
155991,3515,Carrera-4S,2020,WP0AB2A99LS228627,N/A,N/A
49900,44138,Carrera-4S,2003,WP0AA29943S621099,N/A,N/A
64900,18357,Carrera-4S,2004,WP0AA29914S621353,N/A,N/A
139995,12619,Carrera-4S,2019,WP0AB2A94KS115165,N/A,N/A
149900,5624,Carrera-4S,2020,WP0AB2A96LS228438,N/A,N/A
62900,18353,Carrera-4S,2007,WP0CB29937S777582,N/A,N/A
165991,3836,Carrera-4S,2020,WP0AB2A95LS228074,N/A,N/A
84900,24675,Carrera-4S,2007,WP0AB29947S730410,N/A,N/A
229000,1308,GT3,2016,WP0AF2A97GS192558,Boxborough,MA
189995,3441,GT3,2016,WP0AF2A90GS192109,Virginia Beach,VA
199972,16362,GT3,2016,WP0AF2A94GS193120,Woodland Hills,CA
92800,29393,GT3,2005,WP0AC29995S692196,Lisle,IL
142000,10001,GT3,2014,WP0AC2A97ES183266,West Palm Beach,FL
189990,5138,GT3,2016,WP0AF2A99GS192092,Towson,MD
193900,11910,GT3,2016,WP0AF2A93GS192296,Brighton,MA
121989,39649,GT3,2015,WP0AC2A98FS184251,Cleveland,OH
139950,13325,GT3,2015,WP0AC2A90FS184082,White Plains,NY
198895,5898,GT3,2016,WP0AF2A98GS192150,Las Vegas,NV
234375,217,GT3,2019,WP0AF2A98KS165247,Knoxville,TN
229000,3637,GT3,2016,WP0AF2A90GS192451,Pompano Beach,FL
137799,16332,GT3,2015,WP0AC2A90FS183269,San Diego,CA
141004,8943,GT3,2014,WP0AC2A90ES183397,Davie,FL
204989,2096,GT3,2018,WP0AC2A97JS175095,Carrollton,TX
155800,5420,GT3,2015,WP0AC2A91FS183927,Brentwood,TN
124900,33929,GT3,2015,WP0AC2A99FS183755,Brighton,MA
136981,20982,GT3,2014,WP0AC2A97ES183400,Silver Spring,MD
229500,16509,GT3,2019,WP0AF2A93KS165236,Irvine,CA
228888,600,GT3,2018,WP0AC2A90JS176864,San Diego,CA
141900,8613,GT3,2015,WP0AC2A97FS183947,Los Angeles,CA
229800,2699,GT3,2019,WP0AF2A96KS164775,Atlanta,GA
199995,3868,GT3,2016,WP0AF2A95GS187133,Birmingham,MI
149948,16969,GT3,2016,WP0AC2A95GS184130,Birmingham,AL
139980,17466,GT3,2015,WP0AC2A93FS183704,Newport Beach,CA
137895,17247,GT3,2014,WP0AC2A94ES183287,Great Neck,NY
146500,9075,GT3,2015,WP0AC2A9XFS183733,Rosemead,CA
249000,2800,GT3,2019,WP0AF2A91KS165896,Orlando,FL
231422,12483,GT3,2019,WP0AF2A96KS164596,Oklahoma City,OK
229980,6255,GT3,2019,WP0AC2A93KS149269,Mentor,OH
229000,3005,GT3,2018,WP0AC2A98JS174845,Lancaster,PA
349000,939,GT3,2019,WP0AF2A92KS165342,Parsippany,NJ
239990,2565,GT3,2019,WP0AF2A94KS164774,Indianapolis,IN
117250,29063,GT3,2007,WP0AC29947S792144,Lewisville,TX
219995,12900,GT3,2018,WP0AC2A92JS175909,Fairfield,CT
235000,4301,GT3,2019,WP0AC2A93KS149451,Chicago,IL
234900,8359,GT3,2019,WP0AC2A98KS149400,Springfield,IL
198995,4805,GT3,2018,WP0AC2A95JS176665,Melbourne,FL
219995,10070,GT3,2019,WP0AF2A96KS164100,Brooklyn,NY
149991,10156,GT3,2010,WP0AC2A96AS783495,Barrington,IL
224800,5298,GT3,2019,WP0AC2A94KS149152,Atlanta,GA
279999,499,GT3,2019,WP0AF2A9XKS165895,Saint Clair Shores,MI
202607,9756,GT3,2016,WP0AF2A92GS192452,Virginia Beach,VA
195500,3730,GT3,2018,WP0AC2A96JS174763,Atlanta,GA
239900,839,GT3,2018,WP0AC2A97JS176800,Pompano Beach,FL
199999,3602,GT3,2018,WP0AC2A94JS175927,San Diego,CA
239800,7590,GT3,2018,WP0AC2A9XJS175818,Fremont,CA
229950,1737,GT3,2018,WP0AC2A91JS174704,Fort Lauderdale,FL
135888,28564,GT3,2014,WP0AC2A9XES183066,Vienna,VA
219000,4527,GT3,2018,WP0AC2A94JS174616,Las Vegas,NV
199000,4664,GT3,2018,WP0AC2A90JS174662,Parsippany,NJ
142450,11690,GT3,2014,WP0AC2A96ES183632,Bellevue,WA
229323,1215,GT3,2018,WP0AC2A90JS176251,San Antonio,TX
249990,11035,GT3,2018,WP0AC2A96JS175380,Jacksonville,FL
286981,492,GT3,2019,WP0AF2A93KS164992,Silver Spring,MD
209888,9355,GT3,2018,WP0AC2A92JS175263,San Diego,CA
194995,8668,GT3,2018,WP0AC2A93JS175966,Birmingham,MI
209950,3703,GT3,2016,WP0AF2A99GS193064,Roswell,GA
219889,5588,GT3,2018,WP0AC2A91JS174069,Montgomeryville,PA
264995,1819,GT3,2019,WP0AF2A97KS164638,Naples,FL
219000,3277,GT3,2018,WP0AC2A98JS176014,Parsippany,NJ
139950,32761,GT3,2015,WP0AC2A97FS184158,Bellevue,WA
239000,8651,GT3,2019,WP0AF2A92KS164806,Pompano Beach,FL
179900,4360,GT3,2018,WP0AC2A95JS174088,Portland,OR
245000,5785,GT3,2018,WP0AC2A9XJS176015,Portland,OR
219781,7258,GT3,2018,WP0AC2A91JS175402,Greensboro,NC
205275,5955,GT3,2018,WP0AC2A97JS174206,Schnecksville,PA
229999,6307,GT3,2018,WP0AC2A90JS176492,Marietta,GA
205685,9957,GT3,2016,WP0AF2A94GS192940,Orlando,FL
199771,12587,GT3,2018,WP0AC2A93JS175126,Brooklyn,NY
219588,3215,GT3,2018,WP0AC2A98JS176658,Sanford,FL
209900,7446,GT3,2018,WP0AC2A94JS175345,Brighton,MA
278888,4113,GT3,2019,WP0AF2A97KS164901,Houston,TX
215000,4320,GT3,2018,WP0AC2A93JS176552,Falls Church,VA
193000,16447,GT3,2018,WP0AC2A94JS174969,Lewisville,TX
229950,2734,GT3,2018,WP0AC2A92JS176610,Fort Lauderdale,FL
219077,4970,GT3,2016,WP0AF2A94GS193179,North Olmsted,OH
194989,7265,GT3,2016,WP0AF2A9XGS193185,Davie,FL
199898,12615,GT3,2018,WP0AC2A91JS174685,Los Angeles,CA
197887,14954,GT3,2018,WP0AC2A9XJS174488,Houston,TX
193899,31395,GT3,2018,WP0AC2A9XJS175303,Brooklyn,NY
214998,4655,GT3,2018,WP0AC2A99JS174580,Newark,DE
178990,19167,GT3,2018,WP0AC2A9XJS175933,Quincy,MA
189103,9126,GT3,2018,WP0AC2A94JS174888,Davie,FL
249991,8745,GT3,2019,WP0AF2A92KS165275,Tampa,FL
200000,4368,GT3,2018,WP0AC2A9XJS176080,West Palm Beach,FL
264898,8753,GT3,2019,WP0AF2A94KS164709,Los Angeles,CA
209990,4380,GT3,2018,WP0AC2A96JS174102,Newtown Square,PA
224912,2196,GT3,2018,WP0AC2A99JS174689,Cayce,SC
217888,881,GT3,2018,WP0AC2A98JS175106,Costa Mesa,CA
207888,10692,GT3,2018,WP0AC2A95JS174558,Costa Mesa,CA
209996,9524,GT3,2018,WP0AC2A96JS176562,Charlotte,NC
177777,19209,GT3,2018,WP0AC2A97JS174092,Miami,FL
239888,4373,GT3,2018,WP0AC2A95JS177007,Costa Mesa,CA
249951,3119,GT3,2019,WP0AC2A96KS149220,West Palm Beach,FL
199990,13600,GT3,2018,WP0AC2A97JS174979,Houston,TX
227900,6722,GT3,2007,WP0AC29987S792969,Beverly Hills,CA
254950,5191,GT3,2019,WP0AF2A90KS164738,Roswell,GA
189991,12072,GT3,2018,WP0AC2A97JS174447,Lakewood,CO
266499,3322,GT3,2019,WP0AF2A97KS165210,Richardson,TX
274900,4413,GT3,2019,WP0AF2A91KS165381,Irvine,CA
219999,6227,GT3,2018,WP0AC2A99JS175650,Lewisville,TX
228895,850,GT3,2018,WP0AC2A93JS176714,Great Neck,NY
194888,13603,GT3,2018,WP0AC2A98JS176532,Boerne,TX
209990,6445,GT3,2018,WP0AC2A9XJS176256,San Diego,CA
269900,3133,GT3,2019,WP0AF2A99KS164222,Portland,OR
204900,5339,GT3,2018,WP0AC2A96JS174505,WEST LONG BRANCH,NJ
299995,3366,GT3,2019,WP0AF2A97KS165868,Birmingham,MI
169900,5477,GT3,2015,WP0AC2A90FS184065,Coral Gables,FL
198900,6634,GT3,2016,WP0AF2A99GS192335,Portland,OR
259998,3979,GT3,2018,WP0AC2A92JS176042,Allston,MA
224912,8020,GT3,2018,WP0AC2A93JS175403,Cayce,SC
274996,3701,GT3,2019,WP0AF2A98KS165765,Charlotte,NC
269900,5286,GT3,2019,WP0AF2A90KS165694,Portland,OR
224900,4562,GT3,2018,WP0AC2A92JS174453,WEST LONG BRANCH,NJ
149950,18849,GT3,2016,WP0AC2A95GS184211,Bellevue,WA
274996,4241,GT3,2019,WP0AF2A90KS164741,Charlotte,NC
219000,6832,GT3,2018,WP0AC2A93JS174901,Pompano Beach,FL
239900,4230,GT3,2018,WP0AC2A96JS176044,Portland,OR
149999,11704,GT3,2015,WP0AC2A91FS184186,MILWAUKEE,WI
219777,428,GT3,2016,WP0AF2A91GS193205,Round Rock,TX
204888,6879,GT3,2018,WP0AC2A93JS174252,Boerne,TX
229900,3203,GT3,2018,WP0AC2A99JS176510,Portland,OR
194950,6036,GT3,2016,WP0AF2A93GS192167,Roswell,GA
289950,2876,GT3,2019,WP0AF2A96KS165053,Miami,FL
264800,7050,GT3,2019,WP0AF2A95KS164928,Plano,TX
209000,3260,GT3,2018,WP0AC2A90JS174547,Freeport,NY
193375,5296,GT3,2018,WP0AC2A92JS175053,Orlando,FL
239900,6655,GT3,2019,WP0AF2A97KS164848,Addison,TX
249800,6509,GT3,2019,WP0AF2A95KS164783,N/A,N/A
193900,14924,GT3,2018,WP0AC2A9XJS176306,N/A,N/A
184900,12872,GT3,2018,WP0AC2A90JS174712,N/A,N/A
239990,6211,GT3,2019,WP0AF2A94KS165441,N/A,N/A
249995,3108,GT3,2018,WP0AC2A96JS177033,N/A,N/A
217995,250,GT3,2018,WP0AC2A9XJS174295,N/A,N/A
249990,4992,GT3,2019,WP0AC2A92KS149215,N/A,N/A
212900,7252,GT3,2018,WP0AC2A97JS176022,N/A,N/A
196780,12944,GT3,2018,WP0AC2A95JS175449,N/A,N/A
204580,5007,GT3,2018,WP0AC2A98JS174926,N/A,N/A
199991,11216,GT3,2016,WP0AF2A99GS193176,N/A,N/A
204991,7252,GT3,2018,WP0AC2A98JS174215,N/A,N/A
229991,2810,GT3,2018,WP0AC2A9XJS176757,N/A,N/A
198945,9363,GT3,2018,WP0AC2A92JS175618,N/A,N/A
199992,15628,GT3,2018,WP0AC2A99JS174658,N/A,N/A
244990,8705,GT3,2019,WP0AF2A91KS164814,N/A,N/A
239990,3354,GT3,2018,WP0AC2A99JS177012,N/A,N/A
184990,12815,GT3,2016,WP0AF2A95GS192106,N/A,N/A
199990,5734,GT3,2016,WP0AF2A96GS187271,N/A,N/A
216709,1098,GT3,2016,WP0AF2A93GS187292,N/A,N/A
179990,4379,GT3,2019,WP0AC2A90KS149116,N/A,N/A
239900,8790,GT3,2019,WP0AF2A97KS164493,N/A,N/A
229995,8263,GT3,2018,WP0AC2A97JS175906,N/A,N/A
209000,6829,GT3,2018,WP0AC2A99JS176023,N/A,N/A
199990,3284,GT3,2016,WP0AF2A96GS192938,N/A,N/A
189990,1700,GT3,2018,WP0AC2A96JS175248,N/A,N/A
246900,2300,GT3,2019,WP0AF2A91KS165588,N/A,N/A
199990,33886,GT3,2018,WP0AC2A93JS175711,N/A,N/A
239995,872,GT3,2019,WP0AC2A90KS149441,N/A,N/A
248825,172,GT3,2019,WP0AF2A95KS164489,N/A,N/A
271898,7249,GT3,2019,WP0AF2A93KS164510,N/A,N/A
141888,12984,Turbo-S,2014,WP0AD2A91ES166458,Redondo Beach,CA
142895,13761,Turbo-S,2015,WP0AD2A93FS160291,Orlando,FL
94991,41571,Turbo-S,2011,WP0AD2A92BS766921,Monroeville,PA
129995,27947,Turbo-S,2014,WP0AD2A93ES166140,Birmingham,MI
138895,18795,Turbo-S,2014,WP0AD2A90ES166225,Great Neck,NY
146990,41189,Turbo-S,2018,WP0AD2A98JS156438,Tampa,FL
129995,34055,Turbo-S,2014,WP0AD2A92ES167750,Glendale,CA
139995,25623,Turbo-S,2014,WP0AD2A94ES166292,Las Vegas,NV
143888,14021,Turbo-S,2014,WP0AD2A92ES166789,Roslyn,NY
179995,8011,Turbo-S,2017,WP0AD2A95HS166953,Lakewood,CO
89998,89425,Turbo-S,2011,WP0CD2A94BS773667,Newark,DE
159900,8510,Turbo-S,2015,WP0AD2A93FS160243,Pinellas Park,FL
109900,27131,Turbo-S,2011,WP0AD2A91BS766828,WEST LONG BRANCH,NJ
170000,28302,Turbo-S,2016,WP0AD2A95GS166286,Westmont,IL
192900,4919,Turbo-S,2018,WP0CD2A99JS162080,Fremont,CA
161900,30599,Turbo-S,2017,WP0AD2A96HS167416,Fairfield,CT
102888,55153,Turbo-S,2012,WP0AD2A9XCS766098,Costa Mesa,CA
149000,23052,Turbo-S,2015,WP0CD2A96FS178499,Westmont,IL
154911,33593,Turbo-S,2017,WP0AD2A90HS166360,Westlake Village,CA
178995,11675,Turbo-S,2018,WP0AD2A99JS156643,Glen Ellyn,IL
125998,17923,Turbo-S,2013,WP0CD2A96DS773169,Austin,TX
122816,10550,Turbo-S,2013,WP0CD2A96DS773107,Hurst,TX
221949,1534,Turbo-S,2019,WP0CD2A90KS144391,Fort Myers,FL
174000,19855,Turbo-S,2018,WP0AD2A99JS156481,Freeport,NY
169900,19183,Turbo-S,2017,WP0AD2A92HS166392,WEST LONG BRANCH,NJ
210000,12006,Turbo-S,2019,WP0CD2A95KS144273,Westmont,IL
97888,65110,Turbo-S,2011,WP0AD2A91BS766120,Woodland Hills,CA
122900,49228,Turbo-S,2014,WP0AD2A90ES167116,Anaheim,CA
165950,22591,Turbo-S,2016,WP0AD2A94GS166411,Bellevue,WA
149884,10450,Turbo-S,2014,WP0AD2A92ES167943,North Olmsted,OH
174900,11699,Turbo-S,2017,WP0AD2A95HS166967,Pompano Beach,FL
199000,14606,Turbo-S,2018,WP0AD2A99JS156562,Austin,TX
289995,1721,Turbo-S,2019,WP0CD2A98KS144624,Birmingham,MI
299995,897,Turbo-S,2021,WP0AD2A99MS257377,Melbourne,FL
195996,13415,Turbo-S,2019,WP0AD2A98KS140340,Houston,TX
221950,2752,Turbo-S,2019,WP0CD2A93KS144983,Roswell,GA
214881,746,Turbo-S,2019,WP0CD2A92KS144926,Ontario,CA
118000,14685,Turbo-S,2011,WP0AD2A90BS766156,Miami,FL
198000,2867,Turbo-S,2019,WP0AD2A95KS140747,Scottsdale,AZ
224951,753,Turbo-S,2019,WP0AD2A98KS140953,West Palm Beach,FL
189895,5456,Turbo-S,2018,WP0CD2A9XJS162086,Orlando,FL
155555,32215,Turbo-S,2017,WP0CD2A94HS178911,Round Rock,TX
198690,9895,Turbo-S,2019,WP0AD2A91KS140129,Newtown Square,PA
279555,931,Turbo-S,2021,WP0AD2A93MS257942,Round Rock,TX
199990,2957,Turbo-S,2019,WP0AD2A95KS140554,Jacksonville,FL
191473,22898,Turbo-S,2019,WP0AD2A99KS141013,Ocala,FL
139999,36857,Turbo-S,2015,WP0AD2A92FS166485,Freeport,NY
199900,2825,Turbo-S,2019,WP0AD2A92KS140267,Springfield,MO
298888,5650,Turbo-S,2021,WP0AD2A96MS257076,Boerne,TX
169990,12777,Turbo-S,2015,WP0CD2A95FS178509,Catonsville,MD
199900,8549,Turbo-S,2018,WP0CD2A96JS162179,Fort Lauderdale,FL
196991,8498,Turbo-S,2019,WP0AD2A91KS140468,Seaside,CA
159995,15600,Turbo-S,2017,WP0CD2A9XHS178556,Naugatuck,CT
179995,12031,Turbo-S,2016,WP0AD2A92GS166293,Rocklin,CA
179997,15659,Turbo-S,2016,WP0AD2A9XGS166140,Hickory,NC
170000,17762,Turbo-S,2016,WP0AD2A91GS166608,Ramsey,NJ
199998,21284,Turbo-S,2018,WP0AD2A93JS156489,Allston,MA
189900,2463,Turbo-S,2018,WP0AD2A91JS156653,West Palm Beach,FL
195179,26317,Turbo-S,2019,WP0CD2A92KS144263,Westerly,RI
180000,18848,Turbo-S,2019,WP0AD2A97KS140135,Miami,FL
209000,4987,Turbo-S,2018,WP0AD2A96JS156485,Southampton,NY
278888,970,Turbo-S,2021,WP0AD2A93MS257391,Boerne,TX
309888,1537,Turbo-S,2021,WP0CD2A96MS263677,Boerne,TX
274996,2858,Turbo-S,2021,WP0AD2A94MS258081,Charlotte,NC
123995,38244,Turbo-S,2012,WP0AD2A96CS766289,Melbourne,FL
123300,11193,Turbo-S,2012,WP0CD2A9XCS773190,Dublin,OH
124900,49718,Turbo-S,2015,WP0AD2A96FS166487,Brighton,MA
134881,38976,Turbo-S,2014,WP0AD2A93ES167479,Ontario,CA
214970,9686,Turbo-S,2019,WP0CD2A9XKS144088,Bedford,OH
124881,37741,Turbo-S,2015,WP0AD2A97FS167082,Bethesda,MD
188881,11021,Turbo-S,2018,WP0AD2A92JS156922,Ontario,CA
125948,43964,Turbo-S,2014,WP0AD2A97ES166934,Birmingham,AL
189900,8906,Turbo-S,2016,WP0AD2A94GS166571,Sterling,VA
193800,13643,Turbo-S,2018,WP0AD2A96JS156499,Las Vegas,NV
255900,2359,Turbo-S,2021,WP0CD2A97MS263526,Pompano Beach,FL
129000,21268,Turbo-S,2013,WP0CD2A98DS773061,Westmont,IL
179500,11751,Turbo-S,2017,WP0CD2A90HS178128,Dublin,OH
159998,8615,Turbo-S,2014,WP0AD2A93ES167174,Newark,DE
179514,17716,Turbo-S,2018,WP0AD2A9XJS156473,Sarasota,FL
199900,13049,Turbo-S,2019,WP0AD2A91KS140700,Las Vegas,NV
179991,12690,Turbo-S,2017,WP0CD2A97HS178143,Hickory Hills,IL
181900,11022,Turbo-S,2016,WP0AD2A9XGS166218,Dublin,OH
70900,36439,Turbo-S,2005,WP0CB29935S675406,Pompano Beach,FL
119900,20539,Turbo-S,2011,WP0CD2A98BS773154,Cleveland,OH
299000,2457,Turbo-S,2021,WP0AD2A98MS257080,Pompano Beach,FL
269000,517,Turbo-S,2021,WP0AD2A97MS258138,Pompano Beach,FL
143998,21222,Turbo-S,2015,WP0AD2A92FS160203,Lehi,UT
131988,35390,Turbo-S,2014,WP0AD2A92ES167926,Tucson,AZ
179898,14372,Turbo-S,2018,WP0AD2A98JS156455,Austin,TX
185000,5016,Turbo-S,2017,WP0CD2A91HS178655,Pompano Beach,FL
144888,23174,Turbo-S,2015,WP0CD2A99FS172132,Boerne,TX
129900,27832,Turbo-S,2012,WP0CD2A90CS773280,Pompano Beach,FL
289999,1205,Turbo-S,2021,WP0CD2A99MS263429,Houston,TX
121950,14292,Turbo-S,2012,WP0CD2A92CS773569,Phoenix,AZ
199900,2171,Turbo-S,2017,WP0AD2A97HS166596,Portland,OR
171996,19927,Turbo-S,2016,WP0AD2A98GS166587,East Hartford,CT
182881,13645,Turbo-S,2018,WP0AD2A94JS156257,Ontario,CA
309998,970,Turbo-S,2019,WP0CD2A97KS144520,Wayland,MA
154800,13878,Turbo-S,2014,WP0AD2A95ES166835,Lisle,IL
162900,8423,Turbo-S,2015,WP0AD2A92FS166745,Springfield,IL
209900,2799,Turbo-S,2019,WP0AD2A92KS140558,Plant City,FL
145950,16797,Turbo-S,2014,WP0AD2A91ES167657,Bellevue,WA
285900,2323,Turbo-S,2021,WP0AD2A98MS257323,Anaheim,CA
179990,3312,Turbo-S,2016,WP0AD2A9XGS166252,Sarasota,FL
134900,23141,Turbo-S,2014,WP0AD2A95ES166978,Pompano Beach,FL
168000,7000,Turbo-S,2015,WP0AD2A99FS166824,Middletown,CT
185900,14195,Turbo-S,2019,WP0AD2A92KS140236,Coral Gables,FL
209895,1737,Turbo-S,2019,WP0AD2A97KS140829,Massapequa,NY
169900,8371,Turbo-S,2016,WP0AD2A90GS166115,Pompano Beach,FL
145998,17811,Turbo-S,2014,WP0AD2A90ES166550,Newark,DE
189900,5416,Turbo-S,2018,WP0CD2A93JS162351,Portland,OR
175000,19119,Turbo-S,2017,WP0AD2A99HS166261,N/A,N/A
210000,6545,Turbo-S,2019,WP0CD2A93KS145003,N/A,N/A
209995,10563,Turbo-S,2019,WP0AD2A90KS140154,N/A,N/A
152900,29056,Turbo-S,2017,WP0AD2A95HS166385,N/A,N/A
144985,20512,Turbo-S,2014,WP0CD2A98ES173299,N/A,N/A
148990,14410,Turbo-S,2014,WP0AD2A97ES167551,N/A,N/A
194995,13947,Turbo-S,2019,WP0AD2A98KS140418,N/A,N/A
184988,6335,Turbo-S,2018,WP0AD2A96JS156910,N/A,N/A
189995,18802,Turbo-S,2018,WP0AD2A96JS156079,N/A,N/A
285991,1923,Turbo-S,2021,WP0CD2A94MS263077,N/A,N/A
137900,33717,Turbo-S,2016,WP0CD2A99GS178241,N/A,N/A
339991,622,Turbo-S,2018,WP0AD2A99JS156755,N/A,N/A
199995,4604,Turbo-S,2019,WP0AD2A90KS140350,N/A,N/A
185000,18343,Turbo-S,2018,WP0AD2A97JS156754,N/A,N/A
28995,113698,Carrera-4,2004,WP0CA29914S650411,Bellingham,WA
62990,27344,Carrera-4,2007,WP0AA29937S710409,Duluth,GA
30959,56485,Carrera-4,2003,WP0CA29923S652666,Birmingham,AL
61990,31185,Carrera-4,2012,WP0CA2A91CS740149,Nashville,TN
36900,76047,Carrera-4,2006,WP0CA29926S755879,Grand Rapids,MI
97658,7185,Carrera-4,2013,WP0CA2A93DS141254,Bradenton,FL
55900,45287,Carrera-4,2008,WP0AA29998S710271,Springfield,IL
141569,8224,Carrera-4,2019,WP0AB2A91KS115186,San Juan,TX
29900,48000,Carrera-4,2000,WP0CA2999YS651635,Glenshaw,PA
45800,62111,Carrera-4,2006,WP0AA29916S716546,Miami,FL
28654,87701,Carrera-4,2001,WP0CA29981S654967,Austin,TX
29995,74632,Carrera-4,1999,WP0CA299XXS655899,South Weymouth,MA
105500,24454,Carrera-4,2017,WP0AA2A98HS108019,Renton,WA
140000,217,Carrera-4,1991,WP0CB2961MS460806,Jupiter,FL
82355,50457,Carrera-4,2014,WP0CA2A96ES140732,Mocksville,NC
94995,8590,Carrera-4,2015,WP0AA2A98FS106462,Bellevue,WA
59900,24597,Carrera-4,2007,WP0AA29937S710345,Pompano Beach,FL
36995,38847,Carrera-4,2002,WP0CA29952S652210,Fairfield,OH
77900,24780,Carrera-4,2015,WP0CA2A95FS141324,Baton Rouge,LA
107998,41085,Carrera-4,2017,WP0CA2A99HS142723,Allston,MA
144998,996,Carrera-4,2019,WP0AB2A9XKS114974,Burlington,MA
29990,61628,Carrera-4,2001,WP0CA29961S650173,Rockville,MD
59999,43290,Carrera-4,1995,WP0CA2998SS343377,Mocksville,NC
151991,4488,Carrera-4,2019,WP0AB2A91KS115012,Los Angeles,CA
162900,4522,Carrera-4,2019,WP0CB2A96KS136270,Pompano Beach,FL
134998,15792,Carrera-4,2017,WP0CA2A99HS142141,Allston,MA
89997,23641,Carrera-4,2014,WP0CA2A95ES140432,Saint Petersburg,FL
154900,14901,Carrera-4,2019,WP0AB2A92KS114886,Pompano Beach,FL
114900,9575,Carrera-4,2017,WP0AA2A92HS107772,Pompano Beach,FL
174900,9800,Carrera-4,2019,WP0AB2A92KS114547,Portland,OR
52900,51939,Carrera-4,2007,WP0AA29937S710765,Portland,OR
157900,13845,Carrera-4,2019,WP0AB2A95KS114672,Portland,OR
54995,41526,Carrera-4,2008,WP0AA29918S710815,Sykesville,MD
96495,33460,Carrera-4,2017,WP0CA2A92HS141607,Miami,FL
134000,17013,Carrera-4,2019,WP0AB2A95KS114283,Buena Park,CA
31989,65110,Carrera-4,2002,WP0CA29982S651102,Berkeley Lake,GA
97888,17866,Carrera-4,2017,WP0AA2A99HS107767,Costa Mesa,CA
129998,5021,Carrera-4,2019,WP0CA2A94KS129451,Newark,DE
87900,17730,Carrera-4,2015,WP0AA2A90FS106472,Brighton,MA
49800,9851,Carrera-4,2004,WP0CA29924S652894,Rock Hill,SC
87900,25105,Carrera-4,2014,WP0CA2A99ES140840,N/A,N/A
149900,12065,Carrera-4,2019,WP0AB2A97KS114267,N/A,N/A
142900,17137,Carrera-4,2018,WP0AB2A96JS123699,N/A,N/A
82888,60551,Carrera-4,1997,WP0CA2998VS340936,N/A,N/A
85977,15684,Carrera-4,2014,WP0AA2A95ES106790,N/A,N/A
35995,72579,Carrera-4,2001,WP0AA29911S622269,N/A,N/A
148995,9771,Targa-4S,2019,WP0BB2A96KS125166,Melbourne,FL
154974,14561,Targa-4S,2019,WP0BB2A97KS125113,Kansas City,MO
113991,25579,Targa-4S,2015,WP0BB2A93FS135529,Barrington,IL
129898,11065,Targa-4S,2015,WP0BB2A90FS135245,Los Angeles,CA
158888,4143,Targa-4S,2019,WP0BB2A9XKS126207,Roslyn,NY
155900,2339,Targa-4S,2019,WP0BB2A9XKS125705,Portland,OR
209999,2539,Targa-4S,2021,WP0BB2A96MS235315,San Diego,CA
143895,20354,Targa-4S,2017,WP0BB2A99HS136803,Las Vegas,NV
138695,30742,Targa-4S,2017,WP0BB2A9XHS136292,Palo Alto,CA
74900,57068,Targa-4S,2011,WP0BB2A94BS733090,Pinellas Park,FL
137991,11846,Targa-4S,2016,WP0BB2A92GS136074,Barrington,IL
129999,43100,Targa-4S,2017,WP0BB2A90HS137077,Dallas,TX
154997,4482,Targa-4S,2016,WP0BB2A94GS136318,Hickory,NC
147500,12919,Targa-4S,2016,WP0BB2A98GS136533,Pompano Beach,FL
115000,25000,Targa-4S,2014,WP0BB2A98ES133242,Bellevue,WA
137888,18230,Targa-4S,2018,WP0BB2A91JS134579,Costa Mesa,CA
129950,2860,Targa-4S,2015,WP0BB2A93FS135272,Miami,FL
59992,85368,Targa-4S,2008,WP0BB29918S755089,Barrington,IL
149995,9716,Targa-4S,2017,WP0BB2A97HS136380,Bonita Springs,FL
139995,13652,Targa-4S,2016,WP0BB2A97GS136779,Bonita Springs,FL
144900,7445,Targa-4S,2015,WP0BB2A94FS135698,Portland,OR
147777,10750,Targa-4S,2017,WP0BB2A92HS136724,Boerne,TX
49979,117461,Targa-4S,2009,WP0BB29959S733324,Marietta,GA
139888,16955,Targa-4S,2017,WP0BB2A9XHS136499,Boerne,TX
124900,29404,Targa-4S,2016,WP0BB2A90GS136252,Kearny,NJ
159999,1234,Targa-4S,2016,WP0BB2A91GS136633,Alpharetta,GA
89900,25970,Targa-4S,2009,WP0BB29939S733113,Portland,OR
144990,18507,Targa-4S,2017,WP0BB2A99HS136624,Jacksonville,FL
149999,5336,Targa-4S,2017,WP0BB2A98HS136095,Boulder,CO
129991,30605,Targa-4S,2016,WP0BB2A99GS136122,Barrington,IL
129995,32726,Targa-4S,2015,WP0BB2A98FS135669,N/A,N/A
125871,35781,Targa-4S,2015,WP0BB2A90FS135181,N/A,N/A
158992,3303,Targa-4S,2017,WP0BB2A93HS136991,N/A,N/A
214900,1688,Targa-4S,2021,WP0BB2A93MS235191,N/A,N/A
154900,1939,Targa,2019,WP0BA2A90KS120175,Pompano Beach,FL
158900,6937,Targa,2019,WP0BB2A99KS125193,Pompano Beach,FL
164900,2829,Targa,2018,WP0BB2A91JS134839,Portland,OR
185000,1730,Targa,2019,WP0BB2A94KS125201,Barrington,IL
61600,34857,Targa,2007,WP0BA299X7S745162,Jupiter,FL
183950,6742,Targa,2019,WP0BB2A91KS126046,Roswell,GA
189900,6343,Targa,2019,WP0BB2A92KS126234,Pompano Beach,FL
189000,3094,Targa,2019,WP0BB2A96KS126169,Pompano Beach,FL
161211,9685,Targa,2018,WP0BB2A98JS134403,Oklahoma City,OK
169888,12387,Targa,2018,WP0BB2A9XJS134063,San Diego,CA
116995,16610,Targa,2015,WP0BA2A99FS132136,Southampton,NJ
189900,2230,Targa,2019,WP0BB2A90KS125082,Pompano Beach,FL
47500,48725,Targa,2003,WP0BA29963S635235,Costa Mesa,CA
169800,10952,Targa,2019,WP0BB2A96KS125359,Las Vegas,NV
184999,1826,Targa,2019,WP0BB2A92KS126458,Houston,TX
39991,70345,Targa,2003,WP0BA299X3S635075,Barrington,IL
129995,16349,Targa,2019,WP0BA2A98KS120084,Conshohocken,PA
169998,1482,Targa,2019,WP0BA2A99KS120109,Lauderdale Lakes,FL
46490,37165,Targa,2003,WP0BA29923S635622,N/A,N/A
105383,9178,Carrera-T,2018,WP0AA2A98JS106079,Cleveland,OH
108995,12174,Carrera-T,2018,WP0AA2A94JS106340,Melbourne,FL
114900,22870,Carrera-T,2019,WP0AA2A97KS104146,WEST LONG BRANCH,NJ
113859,4359,Carrera-T,2019,WP0AA2A97KS103997,Indianapolis,IN
119999,5824,Carrera-T,2019,WP0AA2A93KS104029,Upper Saddle River,NJ
108900,14380,Carrera-T,2019,WP0AA2A9XKS104061,Coral Gables,FL
116981,6836,Carrera-T,2019,WP0AA2A94KS103391,Silver Spring,MD
112686,9311,Carrera-T,2019,WP0AA2A96KS104073,Oklahoma City,OK
112890,4640,Carrera-T,2019,WP0AA2A91KS103090,Greensboro,NC
113900,9887,Carrera-T,2019,WP0AA2A92KS103535,Pompano Beach,FL
120998,6167,Carrera-T,2019,WP0AA2A97KS103286,Columbia,SC
116995,4829,Carrera-T,2019,WP0AA2A95KS103965,N/A,N/A
119991,1434,Carrera-T,2019,WP0AA2A95KS103108,N/A,N/A
122550,1961,Carrera-T,2019,WP0AA2A90KS103971,N/A,N/A
119900,3396,Carrera-T,2018,WP0AA2A93JS106152,N/A,N/A
359785,2170,GT2,2018,WP0AE2A99JS185878,Paramus,NJ
334900,7211,GT2,2019,WP0AE2A99KS155216,Brighton,MA
379898,867,GT2,2019,WP0AE2A97KS155117,Los Angeles,CA
388804,1988,GT2,2018,WP0AE2A95JS185411,Pauls Valley,OK
153900,17050,GT2,2003,WP0AB29973S696098,Addison,TX
320900,11584,GT2,2018,WP0AE2A92JS185365,N/A,N/A
359990,2137,GT2,2018,WP0AE2A90JS185378,N/A,N/A
399991,713,GT2,2018,WP0AE2A98JS185631,N/A,N/A
79989,20524,Carrera-2,1990,WP0CB2961LS471318,Maitland,FL
68888,35854,Carrera-2,1992,WP0CB2960NS460460,Houston,TX
219888,3741,Carrera-2,1994,WP0CB2969RS465078,Corona,CA
59995,58008,Carrera-2,1992,WP0CB296XNS460692,Bonita Springs,FL
499323,1084,R,2016,WP0AF2A90GS195110,Woodland Hills,CA
35400,66415,SC,1982,WP0EA0912CS160470,Grand Rapids,MI
59999,119897,SC,1982,WP0AA0913CS120705,Lewisville,TX
123995,12176,50th-Anniversary,2014,WP0AB2A92ES122474,N/A,N/A
29500,60772,Carrera-40th Anniversary,2004,WP0AA29914S620736,Lenoir,NC
94995,8479,Unspecified,2018,WP0AA2A96JS106338,San Diego,CA
209995,695,Unspecified,2016,WP0AF2A97GS192415,Charlotte,NC
149996,3901,Unspecified,2020,WP0AB2A92LS229487,Westmont,IL
31495,156101,Unspecified,2006,WP0AB29936S743082,Concord,NC
109000,4163,Unspecified,2016,WP0AB2A93GS123023,Pompano Beach,FL
88500,16947,Unspecified,2012,WP0CB2A91CS154788,Santa Barbara,CA
156998,8035,Unspecified,2020,WP0AB2A98LS225802,Lancaster,PA
139900,8946,Unspecified,2021,WP0AA2A91MS205346,Parsippany,NJ
99995,7336,Unspecified,2017,WP0AA2A95HS108351,San Ramon,CA
169778,15733,Unspecified,2019,WP0BB2A93KS125447,Kansas City,KS
95998,21747,Unspecified,2011,WP0AB2A97BS720734,Austin,TX
177000,1059,Unspecified,2020,WP0CB2A95LS264713,Parsippany,NJ
159999,1756,Unspecified,2019,WP0AB2A91KS114734,Upper Saddle River,NJ
51997,85926,Unspecified,2007,WP0CB29967S777236,Dallas,TX
299995,570,Unspecified,2021,WP0AD2A95MS257067,Delray Beach,FL
129995,20028,Unspecified,2017,WP0AB2A95HS125065,Birmingham,MI
52991,40939,Unspecified,2006,WP0AB29996S743300,Los Angeles,CA
124988,17665,Unspecified,2017,WP0AB2A95HS122778,Kansas City,KS
65716,9219,Unspecified,2002,WP0AB29932S686800,Lees Summit,MO
59900,20455,Unspecified,2011,WP0CA2A98BS740065,Hayward,CA
78900,9208,Unspecified,2012,WP0CB2A99CS754622,Pompano Beach,FL
124995,28952,Unspecified,2017,WP0AB2A98HS123665,San Ramon,CA
89995,47226,Unspecified,2012,WP0CB2A98CS754899,Syosset,NY
83999,40993,Unspecified,2011,WP0CB2A92BS754816,Littleton,CO
97995,7844,Unspecified,2012,WP0AB2A94CS721048,West Melbourne,FL
109990,69798,Unspecified,2014,WP0AD2A91ES166394,Feasterville Trevose,PA
205450,15449,Unspecified,2019,WP0CD2A98KS144428,Las Vegas,NV
134900,17000,Unspecified,2017,WP0AB2A97HS124581,Pompano Beach,FL
142500,29853,Unspecified,1992,WP0CB2965NS460907,Jupiter,FL
67450,36309,Unspecified,2002,WP0AB29992S685263,Dallas,TX
67449,47738,Unspecified,2002,WP0AB29912S685192,Newark,DE
89900,27000,Unspecified,2011,WP0CB2A96BS754592,Anaheim,CA
149999,3660,Unspecified,2020,WP0AB2A99LS225257,Fife,WA
79500,28880,Unspecified,2013,WP0CB2A99DS154913,Scottsdale,AZ
132900,14618,Unspecified,2017,WP0CB2A96HS156026,Pompano Beach,FL
94971,33310,Unspecified,2015,WP0AB2A98FS125316,Woodland Hills,CA
399898,778,Unspecified,2019,WP0CF2A95KS172603,Los Angeles,CA
69995,24406,Unspecified,2012,WP0AA2A93CS789070,Glen Cove,NY
88900,5503,Unspecified,2016,WP0AA2A93GS106256,New Rochelle,NY
139977,20086,Unspecified,2018,WP0CB2A91JS147885,Rochester,NY
42990,27976,Unspecified,2003,WP0CA299X3S651202,Rockville,MD
57995,62214,Unspecified,1992,WP0CB2967NS460732,Cornelius,NC
119898,3068,Unspecified,2011,WP0AB2A98BS720919,Los Angeles,CA
77900,28001,Unspecified,2005,WP0CB29905S675508,Dublin,OH
83888,19867,Unspecified,1997,WP0CA2990VS341028,Costa Mesa,CA
143950,1050,Unspecified,2021,WP0AB2A94MS221781,Baton Rouge,LA
123900,14161,Unspecified,2017,WP0AB2A90HS122719,Pompano Beach,FL
85995,47884,Unspecified,1993,WP0BB2961PS440121,Scottsdale,AZ
219991,4411,Unspecified,2019,WP0AD2A94KS140531,Scottsdale,AZ
109000,32023,Unspecified,2015,WP0CB2A90FS154799,Pompano Beach,FL
135900,12615,Unspecified,2017,WP0AB2A97HS124838,Freeport,NY
152900,5897,Unspecified,2017,WP0AB2A98HS124153,Pompano Beach,FL
179000,12472,Unspecified,2017,WP0CB2A98HS156190,Pompano Beach,FL
131900,10500,Unspecified,2017,WP0AB2A94HS125056,Pompano Beach,FL
278998,859,Unspecified,2019,WP0CD2A97KS144761,Wichita,KS
46950,56917,Unspecified,2007,WP0CB29907S775885,Daytona Beach,FL
73200,23747,Unspecified,2002,WP0AB29902S686270,Dublin,OH
139000,24000,Unspecified,2017,WP0AB2A92HS124746,Pompano Beach,FL
136888,64763,Unspecified,1990,WP0AB2964LS452091,Costa Mesa,CA
64900,49000,Unspecified,2009,WP0CB29999S756299,Portland,OR
124995,19900,Unspecified,2017,WP0AB2A99HS124744,Costa Mesa,CA
59995,64791,Unspecified,2007,WP0AA29927S710921,Parsippany,NJ
129000,4500,Unspecified,2016,WP0AB2A93GS122440,Pompano Beach,FL
149888,11552,Unspecified,2019,WP0CB2A90KS136085,Freeport,NY
179963,6117,Unspecified,2019,WP0BB2A91KS125267,Rochester,NY
79995,45922,Unspecified,2011,WP0CB2A97BS755265,Flemington,NJ
68995,111666,Unspecified,1993,WP0CB2966PS460501,Edmond,OK
132500,11602,Unspecified,2017,WP0AB2A92HS125041,Freeport,NY
85900,24845,Unspecified,2012,WP0AB2A93CS121248,Pompano Beach,FL
81900,54335,Unspecified,2011,WP0CB2A93BS755313,Clarksville,TN
135000,7567,Unspecified,2018,WP0AB2A93JS122154,Parsippany,NJ
118900,16855,Unspecified,2017,WP0CB2A90HS155678,Hickory,NC
329000,652,Unspecified,2019,WP0CF2A96KS172559,N/A,N/A
249988,5018,Unspecified,2011,WP0CB2A97BS795619,N/A,N/A
92500,31135,Unspecified,1997,WP0AA2993VS320374,N/A,N/A
47991,98271,Unspecified,2007,WP0AB29977S731180,N/A,N/A
67997,51960,Unspecified,2012,WP0AA2A96CS706134,N/A,N/A
94500,39597,Unspecified,1997,WP0AA2997VS322726,N/A,N/A
87997,29723,Unspecified,2010,WP0AB2A97AS720859,N/A,N/A
94500,10397,Unspecified,1997,WP0CA2997VS341334,N/A,N/A
89883,55064,Unspecified,2017,WP0CA2A90HS141251,N/A,N/A
69500,58240,Unspecified,1992,WP0CB2969NS460392,N/A,N/A
54990,71885,Unspecified,2005,WP0CB29985S675627,N/A,N/A
269990,948,Unspecified,2021,WP0AD2A92MS257947,N/A,N/A
64999,60288,Unspecified,1995,WP0CA2994SS340332,N/A,N/A
