Price,Miles,Trim,Year,Vin,City,State
57895,12670,Shelby-GT350,2017,1FA6P8JZXH5522575,Rock Springs,WY
66795,6005,Shelby-GT350,2019,1FA6P8JZ5K5550615,Hayesville,NC
58960,13889,Shelby-GT350,2016,1FA6P8JZ5G5524409,Encinitas,CA
56995,6654,Shelby-GT350,2017,1FA6P8JZ3H5526922,San Antonio,TX
58397,10553,Shelby-GT350,2017,1FA6P8JZ5H5524248,Kenosha,WI
59487,11423,Shelby-GT350,2016,1FA6P8JZ6G5522247,Mckinney,TX
51477,30630,Shelby-GT350,2016,1FA6P8JZ8G5521973,Raynham,MA
56999,13449,Shelby-GT350,2016,1FA6P8JZ1G5523631,Wilkes Barre,PA
63990,2442,Shelby-GT350,2018,1FA6P8JZ0J5500574,Minneapolis,MN
54500,21310,Shelby-GT350,2017,1FA6P8JZ6H5525747,Hazelwood,MO
61999,8477,Shelby-GT350,2017,1FA6P8JZ2H5523946,Pittsburgh,PA
69995,4763,Shelby-GT350,2020,1FA6P8JZ2L5551710,Henderson,NV
53880,30590,Shelby-GT350,2016,1FA6P8JZ0G5526178,Pompano Beach,FL
63991,10569,Shelby-GT350,2018,1FA6P8JZ6J5501129,Denton,TX
69177,6617,Shelby-GT350,2020,1FA6P8JZ9L5551056,Broken Arrow,OK
62999,9405,Shelby-GT350,2017,1FA6P8JZ9H5523314,Crystal Lake,IL
47682,52869,Shelby-GT350,2016,1FA6P8JZ8G5524405,Phoenix,AZ
64964,4410,Shelby-GT350,2019,1FA6P8JZ9K5550553,Huntley,IL
59500,6701,Shelby-GT350,2017,1FA6P8JZ4H5525486,Carrollton,TX
69987,1009,Shelby-GT350,2019,1FA6P8JZ5K5552834,Arlington Heights,IL
55599,26865,Shelby-GT350,2016,1FA6P8JZ5G5521431,Bellevue,WA
63263,12292,Shelby-GT350,2016,1FA6P8JZ4G5524787,Greenwood,IN
60995,14508,Shelby-GT350,2016,1FA6P8JZXG5526091,Schaumburg,IL
54990,3940,Shelby-GT350,2016,1FA6P8JZ3G5522366,Bakersfield,CA
55000,26584,Shelby-GT350,2017,1FA6P8JZXH5526576,Palatine,IL
59959,12658,Shelby-GT350,2018,1FA6P8JZ2J5503640,Huntley,IL
56499,6624,Shelby-GT350,2016,1FA6P8JZ8G5525442,Sarasota,FL
54789,39149,Shelby-GT350,2016,1FA6P8JZ8G5522279,Barrington,IL
52925,20191,Shelby-GT350,2016,1FA6P8JZ4G5520691,Midland,TX
61475,3495,Shelby-GT350,2017,1FA6P8JZ0H5522178,Arlington Heights,IL
67974,6732,Shelby-GT350,2019,1FA6P8JZ9K5552206,Thomasville,GA
59959,17551,Shelby-GT350,2018,1FA6P8JZ4J5501212,Huntley,IL
59980,4439,Shelby-GT350,2016,1FA6P8JZ4G5521971,Lubbock,TX
59586,4178,Shelby-GT350,2016,1FA6P8JZ3G5521587,Alvin,TX
53953,19484,Shelby-GT350,2016,1FA6P8JZ6G5525018,Huntley,IL
60976,465,Shelby-GT350,2016,1FA6P8JZ9G5525689,Clarksville,MD
64131,2163,Shelby-GT350,2016,1FA6P8JZ1G5521331,Stroudsburg,PA
66795,6005,Shelby-GT350,2019,1FA6P8JZ5K5550615,Hayesville,NC
62999,2890,Shelby-GT350,2016,1FA6P8JZ1G5523998,Crystal Lake,IL
62788,711,Shelby-GT350,2017,1FA6P8JZ6H5525540,Greensburg,PA
65995,6459,Shelby-GT350,2018,1FA6P8JZXJ5502977,Beaverton,OR
57653,7480,Shelby-GT350,2016,1FA6P8JZ6G5521731,Woodstock,GA
69995,2772,Shelby-GT350,2019,1FA6P8JZ8K5550852,Enfield,CT
64629,8625,Shelby-GT350,2019,1FA6P8JZ3K5552766,Radcliff,KY
67998,3642,Shelby-GT350,2019,1FA6P8JZ9K5552738,Worcester,MA
58960,13889,Shelby-GT350,2016,1FA6P8JZ5G5524409,Encinitas,CA
59889,12386,Shelby-GT350,2016,1FA6P8JZ9G5523179,Barrington,IL
52995,43835,Shelby-GT350,2016,1FA6P8JZ4G5523865,Woodland,WA
65000,14559,Shelby-GT350,2017,1FA6P8JZ2H5525504,Hagerstown,MD
59901,9136,Shelby-GT350,2017,1FA6P8JZ9H5520123,Tempe,AZ
49761,65960,Shelby-GT350,2016,1FA6P8JZ8G5523061,Cincinnati,OH
66950,553,Shelby-GT350,2016,1FA6P8JZ8G5523674,Arlington,TX
53693,49992,Shelby-GT350,2017,1FA6P8JZ3H5522353,Warsaw,IN
65981,1241,Shelby-GT350,2018,1FA6P8JZ6J5502586,Flat Rock,MI
55900,22416,Shelby-GT350,2016,1FA6P8JZ5G5524717,Lexington,NC
52995,30608,Shelby-GT350,2016,1FA6P8JZ2G5522956,Lugoff,SC
58900,20415,Shelby-GT350,2016,1FA6P8JZ9G5522551,Cranston,RI
58800,18619,Shelby-GT350,2017,1FA6P8JZ8H5523093,Plano,TX
60997,4919,Shelby-GT350,2017,1FA6P8JZ5H5524864,Fond Du Lac,WI
59995,18611,Shelby-GT350,2016,1FA6P8JZ1G5520180,Lodi,NJ
63857,1737,Shelby-GT350,2018,1FA6P8JZ5J5501851,Naperville,IL
62962,1357,Shelby-GT350,2018,1FA6P8JZ6J5504001,Huntley,IL
74988,896,Shelby-GT350,2020,1FA6P8JZ1L5550337,Portage,MI
55445,13502,Shelby-GT350,2016,1FA6P8JZ8G5525747,Arlington Heights,IL
60891,16422,Shelby-GT350,2016,1FA6P8JZ6G5522412,Napa,CA
69994,2464,Shelby-GT350,2019,1FA6P8JZ2K5551138,Prince Frederick,MD
64449,2748,Shelby-GT350,2018,1FA6P8JZ6J5500109,North Richland Hills,TX
63250,4846,Shelby-GT350,2016,1FA6P8JZ5G5522000,Penns Grove,NJ
59900,13928,Shelby-GT350,2016,1FA6P8JZ1G5524651,Lynnwood,WA
62991,12765,Shelby-GT350,2016,1FA6P8JZ2G5520608,Scottsdale,AZ
55694,29052,Shelby-GT350,2017,1FA6P8JZ2H5521856,Mobile,AL
57439,7774,Shelby-GT350,2016,1FA6P8JZ4G5522442,Princeton,NJ
69999,1098,Shelby-GT350,2020,1FA6P8JZ6L5550530,Birmingham,AL
64990,18185,Shelby-GT350,2018,1FA6P8JZ3J5500519,Petaluma,CA
59959,2528,Shelby-GT350,2017,1FA6P8JZ4H5526881,Huntley,IL
59000,11027,Shelby-GT350,2016,1FA6P8JZ2G5522858,Woonsocket,RI
61500,3326,Shelby-GT350,2017,1FA6P8JZ6H5524341,Indianapolis,IN
62892,4450,Shelby-GT350,2018,1FA6P8JZ8J5502041,Fort Pierce,FL
59999,12026,Shelby-GT350,2016,1FA6P8JZ6G5520689,Crystal Lake,IL
54900,36359,Shelby-GT350,2017,1FA6P8JZ1H5522576,Phoenix,AZ
62999,13339,Shelby-GT350,2019,1FA6P8JZ5K5550324,Tampa,FL
63800,2417,Shelby-GT350,2018,1FA6P8JZ1J5501992,Lisle,IL
61995,2470,Shelby-GT350,2016,1FA6P8JZ7G5521303,Fort Wayne,IN
61988,16798,Shelby-GT350,2018,1FA6P8JZ1J5503564,League City,TX
76675,4746,Shelby-GT350,2019,1FA6P8JZ8K5553234,West Chester,PA
65000,10351,Shelby-GT350,2018,1FA6P8JZ3J5504148,Kansas City,MO
59397,5466,Shelby-GT350,2016,1FA6P8JZXG5521134,Greenville,SC
59900,17227,Shelby-GT350,2017,1FA6P8JZ5H5522984,Westmont,IL
57999,18659,Shelby-GT350,2016,1FA6P8JZ3G5522318,Webster,TX
60995,8164,Shelby-GT350,2016,1FA6P8JZ2G5525274,Sykesville,MD
61880,2163,Shelby-GT350,2017,1FA6P8JZ7H5522307,Eatontown,NJ
67888,20082,Shelby-GT350,2018,1FA6P8JZ3J5504215,Glendale,AZ
63986,11916,Shelby-GT350,2016,1FA6P8JZ1G5525878,Lewisville,TX
65555,5060,Shelby-GT350,2017,1FA6P8JZ1H5525509,Round Rock,TX
65888,3976,Shelby-GT350,2018,1FA6P8JZXJ5503983,Fort Myers,FL
64995,13424,Shelby-GT350,2018,1FA6P8JZ1J5500924,Enfield,CT
67495,5067,Shelby-GT350,2019,1FA6P8JZ3K5551892,Ann Arbor,MI
59894,4441,Shelby-GT350,2016,1FA6P8JZ4G5525731,Englewood,CO
57989,26830,Shelby-GT350,2016,1FA6P8JZ3G5520374,Nampa,ID
61000,9139,Shelby-GT350,2016,1FA6P8JZ6G5523897,Windsor Mill,MD
61000,9139,Shelby-GT350,2016,1FA6P8JZ6G5523897,Windsor Mill,MD
59950,18708,Shelby-GT350,2017,1FA6P8JZ6H5522590,Scottsdale,AZ
71184,5377,Shelby-GT350,2020,1FA6P8JZ9L5551123,Flushing,MI
61976,14698,Shelby-GT350,2017,1FA6P8JZ4H5522460,Saint George,UT
60500,7312,Shelby-GT350,2016,1FA6P8JZ8G5525019,Parkville,MD
59950,24483,Shelby-GT350,2017,1FA6P8JZ5H5525464,Fort Walton Beach,FL
72900,1621,Shelby-GT350,2018,1FA6P8JZ7J5502001,Bellevue,WA
59995,12981,Shelby-GT350,2016,1FA6P8JZ1G5525427,Lakewood,NJ
76585,920,Shelby-GT350,2020,1FA6P8JZ5L5552172,Easton,PA
63999,11800,Shelby-GT350,2018,1FA6P8JZ6J5501812,Maple Heights,OH
66980,3097,Shelby-GT350,2016,1FA6P8JZ8G5522914,Encinitas,CA
54954,11380,Shelby-GT350,2016,1FA6P8JZ3G5200164,Huntley,IL
66495,11017,Shelby-GT350,2019,1FA6P8JZ8K5550883,Tampa,FL
59977,7120,Shelby-GT350,2016,1FA6P8JZ8G5522251,Carrollton,TX
52499,24607,Shelby-GT350,2016,1FA6P8JZ2G5525632,Anaheim,CA
53990,39864,Shelby-GT350,2016,1FA6P8JZ5G5520117,Sterling,VA
56988,9238,Shelby-GT350,2016,1FA6P8JZ2G5522164,Jonesboro,AR
76990,4322,Shelby-GT350,2020,1FA6P8JZ0L5550281,Bloomington,IL
65993,15189,Shelby-GT350,2019,1FA6P8JZ6K5550431,Oakland,CA
60000,16277,Shelby-GT350,2017,1FA6P8JZ0H5525842,Columbia,MD
60000,12028,Shelby-GT350,2017,1FA6P8JZ3H5526144,Austin,TX
62700,10125,Shelby-GT350,2017,1FA6P8JZ0H5522925,Scottsdale,AZ
59991,10074,Shelby-GT350,2016,1FA6P8JZ4G5520688,Hurst,TX
71900,5001,Shelby-GT350,2018,1FA6P8JZ6J5504287,Pen Argyl,PA
61979,5145,Shelby-GT350,2016,1FA6P8JZ9G5523652,Florida City,FL
51999,36455,Shelby-GT350,2016,1FA6P8JZXG5525684,Stafford,TX
59495,6151,Shelby-GT350,2018,1FA6P8JZ9J5503571,Dallas,TX
64000,7120,Shelby-GT350,2017,1FA6P8JZ1H5524215,Bolivar,TN
60369,9743,Shelby-GT350,2017,1FA6P8JZ8H5525880,New Prague,MN
61499,5131,Shelby-GT350,2017,1FA6P8JZ7H5524073,Tampa,FL
61990,8383,Shelby-GT350,2017,1FA6P8JZ5H5520412,Virginia Beach,VA
68103,4045,Shelby-GT350,2019,1FA6P8JZ1K5551566,Canal Winchester,OH
70598,7700,Shelby-GT350,2019,1FA6P8JZXK5551341,Albion,NY
57598,12639,Shelby-GT350,2016,1FA6P8JZ1G5524133,Wichita,KS
64300,11506,Shelby-GT350,2018,1FA6P8JZ3J5500441,Auburn,WA
70108,2329,Shelby-GT350,2019,1FA6P8JZ5K5551361,Plano,TX
61449,6442,Shelby-GT350,2017,1FA6P8JZ6H5523206,Delaware,OH
61418,15333,Shelby-GT350,2017,1FA6P8JZ4H5522118,Waverly,OH
62388,9837,Shelby-GT350,2018,1FA6P8JZ6J5501941,Tustin,CA
65454,16202,Shelby-GT350,2018,1FA6P8JZ7J5504122,Forest,MS
49000,56416,Shelby-GT350,2017,1FA6P8JZ4H5521597,Vienna,VA
75975,10810,Shelby-GT350,2020,1FA6P8JZ2L5550248,Huntley,IL
59999,8998,Shelby-GT350,2016,1FA6P8JZ8G5520290,Clifton,NJ
76962,1352,Shelby-GT350,2020,1FA6P8JZ4L5552826,El Paso,IL
69490,5946,Shelby-GT350,2019,1FA6P8JZ8K5553444,Spring,TX
67900,10006,Shelby-GT350,2019,1FA6P8JZ6K5549991,Scottsdale,AZ
58999,21748,Shelby-GT350,2017,1FA6P8JZ4H5526556,Middle River,MD
59991,24096,Shelby-GT350,2017,1FA6P8JZ7H5520850,Sarasota,FL
75000,4800,Shelby-GT350,2020,1FA6P8JZ6L5550172,Centerville,UT
70777,6238,Shelby-GT350,2019,1FA6P8JZ5K5551957,Colorado Springs,CO
67900,7882,Shelby-GT350,2018,1FA6P8JZ8J5502766,Warminster,PA
69988,7819,Shelby-GT350,2017,1FA6P8JZ6H5520595,Phoenix,AZ
75776,13974,Shelby-GT350,2020,1FA6P8JZ2L5550444,Cumming,GA
69918,10873,Shelby-GT350,2018,1FA6P8JZ6J5502779,Gallatin,TN
59976,6237,Shelby-GT350,2016,1FA6P8JZ7G5524332,Tampa,FL
56000,20738,Shelby-GT350,2017,1FA6P8JZ8H5522798,Windsor Mill,MD
67991,5104,Shelby-GT350,2019,1FA6P8JZ1K5550109,Spring,TX
66995,7821,Shelby-GT350,2018,1FA6P8JZ4J5504403,Sheridan,WY
61999,15937,Shelby-GT350,2016,1FA6P8JZ3G5525770,Crystal Lake,IL
71570,11800,Shelby-GT350,2018,1FA6P8JZ6J5503382,Augusta,GA
67995,4194,Shelby-GT350,2018,1FA6P8JZ3J5502965,New Braunfels,TX
62950,6884,Shelby-GT350,2017,1FA6P8JZ4H5522524,Hazelwood,MO
69813,5551,Shelby-GT350,2019,1FA6P8JZ6K5552714,Kerrville,TX
61500,17708,Shelby-GT350,2017,1FA6P8JZ1H5523338,Westminster,CA
62654,4802,Shelby-GT350,2017,1FA6P8JZ8H5522624,Ransomville,NY
57577,26373,Shelby-GT350,2017,1FA6P8JZ0H5525582,Carlsbad,CA
68995,3315,Shelby-GT350,2019,1FA6P8JZ2K5550460,Troy,MI
68777,7458,Shelby-GT350,2019,1FA6P8JZ5K5550596,Buford,GA
77594,934,Shelby-GT350,2018,1FA6P8JZXJ5502400,Englewood,CO
74496,13385,Shelby-GT350,2020,1FA6P8JZ5L5551250,Fort Lauderdale,FL
64894,22450,Shelby-GT350,2018,1FA6P8JZ1J5503368,Marietta,GA
59990,4331,Shelby-GT350,2016,1FA6P8JZ8G5521729,Beverly,NJ
65850,13913,Shelby-GT350,2016,1FA6P8JZ8G5521083,Modesto,CA
76850,3941,Shelby-GT350,2020,1FA6P8JZ8L5550450,Marietta,GA
69999,3250,Shelby-GT350,2018,1FA6P8JZ1J5502303,Saint Albans,VT
69998,1601,Shelby-GT350,2018,1FA6P8JZ2J5500530,Columbia,SC
62977,23508,Shelby-GT350,2018,1FA6P8JZ6J5502071,Barrington,IL
57591,21321,Shelby-GT350,2017,1FA6P8JZ9H5527010,Jacksonville,FL
73000,3435,Shelby-GT350,2019,1FA6P8JZ1K5550501,Nashua,NH
77027,4500,Shelby-GT350,2019,1FA6P8JZ1K5553141,Davie,FL
74397,5020,Shelby-GT350,2018,1FA6P8JZ0J5503829,Stroudsburg,PA
66996,3612,Shelby-GT350,2017,1FA6P8JZ5H5526324,Escondido,CA
83995,3577,Shelby-GT350,2019,1FA6P8JZ3K5551116,Garner,NC
68999,2356,Shelby-GT350,2018,1FA6P8JZ1J5500938,Tampa,FL
81211,384,Shelby-GT350,2016,1FATP8JZXG5525848,Scottsdale,AZ
67500,3613,Shelby-GT350,2018,1FA6P8JZ8J5501262,Center Line,MI
299900,385,Shelby-GT350,2015,1FATP8JZ6F5520015,Miami,FL
71800,2664,Shelby-GT350,2018,1FA6P8JZ0J5502017,Marlton,NJ
54995,28546,Shelby-GT350,2016,1FA6P8JZ4G5524255,Sewell,NJ
57780,32320,Shelby-GT350,2016,1FA6P8JZ6G5523446,Fort Pierce,FL
66416,5800,Shelby-GT350,2017,1FA6P8JZ7H5520475,Waverly,OH
69495,9197,Shelby-GT350,2018,1FA6P8JZ0J5501868,Fort Myers,FL
67995,2710,Shelby-GT350,2018,1FA6P8JZXJ5501747,Fontana,CA
65900,6947,Shelby-GT350,2016,1FA6P8JZ5G5521204,Brighton,MA
95869,195,Shelby-GT350,2019,1FA6P8JZ3K5552315,Ft Mitchell,KY
74000,22240,Shelby-GT350,2019,1FA6P8JZ3K5553108,Kansas City,MO
66500,11002,Shelby-GT350,2019,1FA6P8JZ6K5552597,Grapevine,TX
69946,1488,Shelby-GT350,2018,1FA6P8JZ3J5504392,Garrettsville,OH
81999,1153,Shelby-GT350,2020,1FA6P8JZ5L5551202,Henderson,NV
66911,4228,Shelby-GT350,2018,1FA6P8JZXJ5500288,Houston,TX
68900,3102,Shelby-GT350,2018,1FA6P8JZ1J5502589,Doral,FL
75500,5067,Shelby-GT350,2020,1FA6P8JZ1L5550564,Brazil,IN
57990,34010,Shelby-GT350,2016,1FA6P8JZ3G5521332,Salt Lake City,UT
61991,12116,Shelby-GT350,2016,1FA6P8JZ8G5525733,Jersey Village,TX
70977,4645,Shelby-GT350,2018,1FA6P8JZ3J5500715,Mendon,MA
74125,880,Shelby-GT350,2019,1FA6P8JZ0K5551347,Sterling,VA
61900,31835,Shelby-GT350,2018,1FA6P8JZ2J5500088,Rogers,AR
63888,6668,Shelby-GT350,2016,1FA6P8JZ3G5522030,Montclair,CA
58000,18997,Shelby-GT350,2017,1FA6P8JZ7H5520766,Watchung,NJ
88962,252,Shelby-GT350,2019,1FA6P8JZ4K5553036,El Paso,IL
78995,3248,Shelby-GT350,2020,1FA6P8JZ1L5550144,Virginia Beach,VA
89800,1305,Shelby-GT350,2019,1FA6P8JZ1K5552703,Glendale Heights,IL
73990,2037,Shelby-GT350,2019,1FA6P8JZ3K5552959,Tampa,FL
57291,17099,Shelby-GT350,2016,1FA6P8JZ9G5520461,Fife,WA
67995,7852,Shelby-GT350,2018,1FA6P8JZ2J5504383,Van Nuys,CA
69674,7609,Shelby-GT350,2019,1FA6P8JZ7K5551684,Montclair,CA
52991,34609,Shelby-GT350,2016,1FA6P8JZ1G5522771,Clearwater,FL
59595,30277,Shelby-GT350,2016,1FA6P8JZ3G5520438,Burton,MI
64341,15085,Shelby-GT350,2018,1FA6P8JZ8J5500516,Olive Branch,MS
68641,8603,Shelby-GT350,2018,1FA6P8JZ7J5500667,Charlotte,NC
68500,6893,Shelby-GT350,2018,1FA6P8JZ7J5500216,Melbourne,FL
69995,3337,Shelby-GT350,2016,1FATP8JZXG5525722,Brea,CA
84495,2368,Shelby-GT350,2020,1FA6P8JZ5L5552771,Las Vegas,NV
66000,8009,Shelby-GT350,2017,1FA6P8JZ5H5523116,Grapevine,TX
67995,5886,Shelby-GT350,2018,1FA6P8JZXJ5503272,Tempe,AZ
60999,4536,Shelby-GT350,2016,1FA6P8JZ4G5521937,Denver,CO
68977,2418,Shelby-GT350,2018,1FA6P8JZ7J5503326,Barrington,IL
59985,16933,Shelby-GT350,2017,1FA6P8JZ9H5522812,Virginia Beach,VA
68995,1697,Shelby-GT350,2018,1FA6P8JZ6J5503463,Costa Mesa,CA
67350,23580,Shelby-GT350,2016,1FATP8JZ4G5526011,Sacramento,CA
71000,2600,Shelby-GT350,2019,1FA6P8JZ7K5552270,Saint Louis,MO
86565,6517,Shelby-GT350,2020,1FA6P8JZ7L5552061,Sacramento,CA
69995,9339,Shelby-GT350,2016,1FA6P8JZ1G5522723,Honolulu,HI
61999,12531,Shelby-GT350,2016,1FA6P8JZ5G5521378,Montclair,CA
57500,26405,Shelby-GT350,2017,1FA6P8JZ5H5520636,Vienna,VA
65425,33808,Shelby-GT350,2018,1FA6P8JZ6J5503611,Reno,NV
78962,5424,Shelby-GT350,2018,1FA6P8JZ2J5504092,El Paso,IL
66995,6174,Shelby-GT350,2018,1FA6P8JZXJ5502297,Framingham,MA
68544,11059,Shelby-GT350,2017,1FA6P8JZ4H5526086,Johnson City,TN
85000,1998,Shelby-GT350,2018,1FA6P8JZ2J5501676,Rocky Mount,NC
71962,9234,Shelby-GT350,2017,1FATP8JZ0H5525567,El Paso,IL
62995,6486,Shelby-GT350,2017,1FA6P8JZ9H5526164,Birmingham,MI
76900,1362,Shelby-GT350,2018,1FA6P8JZ6J5500059,Lynnwood,WA
56924,24593,Shelby-GT350,2017,1FA6P8JZ0H5522343,Orchard Park,NY
74998,1895,Shelby-GT350,2016,1FATP8JZ5G5525532,Worcester,MA
69999,7550,Shelby-GT350,2016,1FATP8JZ9G5525761,Framingham,MA
63990,21076,Shelby-GT350,2018,1FA6P8JZ4J5503834,Kirkland,WA
74995,4074,Shelby-GT350,2017,1FA6P8JZ2H5521436,Bonita Springs,FL
67900,15207,Shelby-GT350,2018,1FA6P8JZXJ5503191,Orange,CA
70483,11717,Shelby-GT350,2020,1FA6P8JZ2L5550265,Glen Burnie,MD
66990,6007,Shelby-GT350,2017,1FA6P8JZ6H5521486,Delray Beach,FL
64990,14129,Shelby-GT350,2018,1FA6P8JZ9J5501223,Sarasota,FL
55991,23846,Shelby-GT350,2016,1FA6P8JZ1G5524097,Fayetteville,AR
58994,30370,Shelby-GT350,2017,1FA6P8JZ3H5520067,Longmont,CO
79979,3399,Shelby-GT350,2020,1FA6P8JZ7L5550472,Huntley,IL
60997,16091,Shelby-GT350,2018,1FA6P8JZ3J5503789,Katy,TX
70000,7597,Shelby-GT350,2019,1FA6P8JZ4K5553425,Jacksonville,FL
65998,794,Shelby-GT350,2018,1FA6P8JZ3J5502349,Raleigh,NC
60897,4114,Shelby-GT350,2017,1FA6P8JZ6H5521729,Arlington Heights,IL
62990,3834,Shelby-GT350,2016,1FA6P8JZ4G5526071,Nashville,TN
64000,5627,Shelby-GT350,2017,1FA6P8JZ8H5524275,Mesa,AZ
62550,20465,Shelby-GT350,2017,1FA6P8JZ5H5525674,N/A,N/A
54000,20405,Shelby-GT350,2017,1FA6P8JZ5H5526355,N/A,N/A
68456,1589,Shelby-GT350,2018,1FA6P8JZXJ5503658,N/A,N/A
57977,15373,Shelby-GT350,2017,1FA6P8JZ0H5525503,N/A,N/A
69888,613,Shelby-GT350,2020,1FA6P8JZ3L5550260,N/A,N/A
65997,2165,Shelby-GT350,2017,1FA6P8JZ6H5522069,N/A,N/A
64888,2821,Shelby-GT350,2018,1FA6P8JZ2J5503198,N/A,N/A
58940,1415,Shelby-GT350,2016,1FA6P8JZ7G5520717,N/A,N/A
77777,4900,Shelby-GT350,2020,1FA6P8JZ4L5551787,N/A,N/A
68888,2638,Shelby-GT350,2019,1FA6P8JZ9K5553100,N/A,N/A
68940,10937,Shelby-GT350,2017,1FA6P8JZ2H5520495,N/A,N/A
63988,113,Shelby-GT350,2018,1FA6P8JZ3J5501850,N/A,N/A
88900,1138,Shelby-GT350R,2020,1FA6P8JZ3L5551294,Columbia City,IN
75888,10029,Shelby-GT350R,2018,1FA6P8JZ7J5500264,Huntley,IL
79999,9906,Shelby-GT350R,2018,1FA6P8JZ7J5502919,Longmont,CO
89998,1386,Shelby-GT350R,2020,1FA6P8JZ1L5550984,Worcester,MA
89800,1466,Shelby-GT350R,2019,1FA6P8JZ8K5550947,Glendale Heights,IL
69995,15988,Shelby-GT350R,2018,1FA6P8JZ4J5500626,Virginia Beach,VA
