Price,Miles,Trim,Year,Vin,City,State
42500,2229,Shelby-GT500,2007,1ZVHT88S875260266,Federal Way,WA
39995,24048,Shelby-GT500,2009,1ZVHT88S995114283,Gresham,OR
96274,1961,Shelby-GT500,2020,1FA6P8SJ4L5503117,San Diego,CA
90995,3473,Shelby-GT500,2020,1FA6P8SJ6L5500610,Butler,NJ
94700,1659,Shelby-GT500,2020,1FA6P8SJ7L5501930,Harriman,TN
89000,8439,Shelby-GT500,2020,1FA6P8SJ5L5501649,Malvern,AR
93900,4254,Shelby-GT500,2020,1FA6P8SJ4L5505725,Atlanta,GA
89988,4276,Shelby-GT500,2020,1FA6P8SJ5L5505166,Denton,TX
92995,531,Shelby-GT500,2020,1FA6P8SJXL5502358,Fargo,ND
89991,6132,Shelby-GT500,2020,1FA6P8SJ9L5500214,Houston,TX
94977,2455,Shelby-GT500,2020,1FA6P8SJ8L5505839,Buford,GA
94577,1001,Shelby-GT500,2020,1FA6P8SJXL5504336,Buford,GA
95990,2361,Shelby-GT500,2020,1FA6P8SJ5L5502848,Daly City,CA
92000,11064,Shelby-GT500,2020,1FA6P8SJ7L5500812,Ottawa,KS
91316,7521,Shelby-GT500,2020,1FA6P8SJXL5502330,Groveport,OH
91886,3582,Shelby-GT500,2020,1FA6P8SJ4L5502436,Saukville,WI
86981,6825,Shelby-GT500,2020,1FA6P8SJ2L5504444,Surprise,AZ
99900,807,Shelby-GT500,2020,1FA6P8SJ9L5504733,Naples,FL
95000,823,Shelby-GT500,2020,1FA6P8SJ4L5502467,Peotone,IL
94999,1558,Shelby-GT500,2020,1FA6P8SJ1L5502409,Martin,TN
33777,35818,Shelby-GT500,2009,1ZVHT88S895119975,Colorado Springs,CO
92677,2339,Shelby-GT500,2020,1FA6P8SJXL5501260,Euless,TX
99990,715,Shelby-GT500,2021,1FA6P8SJ4M5500090,Columbia,SC
38499,22106,Shelby-GT500,2010,1ZVBP8JS4A5169037,Plano,TX
99209,3754,Shelby-GT500,2020,1FA6P8SJ9L5505123,Vista,CA
95993,2852,Shelby-GT500,2020,1FA6P8SJ2L5504251,Greenville,TX
94420,1645,Shelby-GT500,2020,1FA6P8SJ8L5501211,Highland,MI
92890,1365,Shelby-GT500,2020,1FA6P8SJ8L5505534,Denham Springs,LA
99988,5514,Shelby-GT500,2020,1FA6P8SJ6L5505645,Sacramento,CA
98995,763,Shelby-GT500,2020,1FA6P8SJ3L5503626,Van Nuys,CA
39000,1103,Shelby-GT500,2007,1ZVHT88S575303526,RANDOLPH,OH
93991,5270,Shelby-GT500,2020,1FA6P8SJ6L5500574,Scottsdale,AZ
87450,9788,Shelby-GT500,2020,1FA6P8SJ7L5499998,Hardeeville,SC
87990,8167,Shelby-GT500,2020,1FA6P8SJ6L5500087,Hardeeville,SC
96274,1961,Shelby-GT500,2020,1FA6P8SJ4L5503117,San Diego,CA
97995,4439,Shelby-GT500,2020,1FA6P8SJ3L5501536,Van Nuys,CA
89997,1473,Shelby-GT500,2020,1FA6P8SJ6L5505158,San Antonio,TX
94534,6004,Shelby-GT500,2020,1FA6P8SJ0L5502854,Bradenton,FL
89900,602,Shelby-GT500,2020,1FA6P8SJ6L5501918,Byron,GA
99900,1300,Shelby-GT500,2020,1FA6P8SJ2L5504105,Sarver,PA
39995,13751,Shelby-GT500,2008,1ZVHT88S185161130,Owensboro,KY
34899,49975,Shelby-GT500,2007,1ZVHT88S675285991,Daytona Beach,FL
98887,672,Shelby-GT500,2020,1FA6P8SJ2L5505285,Merced,CA
38491,32589,Shelby-GT500,2007,1ZVHT88S075267793,Lowell,MA
42990,2576,Shelby-GT500,2009,1ZVHT88S495129967,VIRGINIA BEACH,VA
94900,1990,Shelby-GT500,2020,1FA6P8SJXL5504854,Pompano Beach,FL
37900,9691,Shelby-GT500,2007,1ZVHT88S275249375,Venice,FL
39900,11898,Shelby-GT500,2009,1ZVHT88S795124309,Rockwall,TX
94995,3987,Shelby-GT500,2020,1FA6P8SJ0L5501011,Knoxville,TN
37500,31858,Shelby-GT500,2009,1ZVHT88S895144200,Shakopee,MN
29995,66242,Shelby-GT500,2008,1ZVHT88S685149393,Addison,TX
98488,1660,Shelby-GT500,2020,1FA6P8SJ0L5502532,Newhall,IA
39285,86545,Shelby-GT500,2013,1ZVBP8JZ7D5222220,Kernersville,NC
35000,79933,Shelby-GT500,2011,1ZVBP8JS5B5139787,Elizabeth City,NC
99995,863,Shelby-GT500,2020,1FA6P8SJ0L5505088,Fenton,MI
43990,19352,Shelby-GT500,2008,1ZVHT88S585205064,Rockville,MD
101555,1450,Shelby-GT500,2020,1FA6P8SJ1L5503947,Round Rock,TX
98989,3346,Shelby-GT500,2020,1FA6P8SJ9L5502643,Barrington,IL
102222,1091,Shelby-GT500,2021,1FA6P8SJ6M5500382,Macomb,MI
33960,41745,Shelby-GT500,2008,1ZVHT88S685174231,Morton,IL
31000,56067,Shelby-GT500,2007,1ZVHT89S675240306,Scottsdale,AZ
34928,35850,Shelby-GT500,2007,1ZVHT88S375209791,Lansing,MI
38720,20639,Shelby-GT500,2008,1ZVHT88S385106923,Schaumburg,IL
35995,24393,Shelby-GT500,2008,1ZVHT88S485143219,New Castle,DE
39987,3100,Shelby-GT500,2007,1ZVHT88S275303922,Monroe,MI
94990,2233,Shelby-GT500,2020,1FA6P8SJ3L5505120,Alexandria,LA
98323,2529,Shelby-GT500,2021,1FA6P8SJ0M5500202,Olympia,WA
44000,2461,Shelby-GT500,2007,1ZVHT88S075300243,Wadsworth,OH
33900,59091,Shelby-GT500,2007,1ZVHT88S175329542,Akron,OH
42500,2229,Shelby-GT500,2007,1ZVHT88S875260266,Federal Way,WA
33888,41870,Shelby-GT500,2007,1ZVHT88S675325812,Fishers,IN
43990,12170,Shelby-GT500,2007,1ZVHT88S375219639,Rockville,MD
104991,525,Shelby-GT500,2020,1FA6P8SJ5L5504566,Seaside,CA
100000,5664,Shelby-GT500,2020,1FA6P8SJ4L5505661,Portland,OR
89985,1252,Shelby-GT500,2020,1FA6P8SJ2L5503309,Breaux Bridge,LA
89999,6680,Shelby-GT500,2020,1FA6P8SJ7L5499984,Huntley,IL
37995,10577,Shelby-GT500,2008,1ZVHT88S485180979,Wall Township,NJ
93999,1260,Shelby-GT500,2020,1FA6P8SJ4L5502632,Milledgeville,GA
95000,3528,Shelby-GT500,2020,1FA6P8SJ5L5504437,Vienna,VA
28950,121093,Shelby-GT500,2007,1ZVHT88S375228261,Saint Louis,MO
42995,2810,Shelby-GT500,2009,1ZVHT88S595136958,New Castle,DE
95995,608,Shelby-GT500,2020,1FA6P8SJ3L5503352,Van Nuys,CA
36400,40701,Shelby-GT500,2007,1ZVHT89S775347431,Columbia,TN
41990,6314,Shelby-GT500,2008,1ZVHT88S185139600,Buford,GA
97995,2158,Shelby-GT500,2020,1FA6P8SJ7L5504858,Van Nuys,CA
95773,702,Shelby-GT500,2020,1FA6P8SJ5L5505877,Olympia,WA
39494,19779,Shelby-GT500,2008,1ZVHT88S585112836,Maple Shade,NJ
34993,42786,Shelby-GT500,2007,1ZVHT88SX75275383,Greenville,TX
98000,820,Shelby-GT500,2020,1FA6P8SJ0L5502465,Grapevine,TX
37699,19994,Shelby-GT500,2007,1ZVHT88SX75219590,Norco,CA
92610,1063,Shelby-GT500,2020,1FA6P8SJ1L5501700,Broomfield,CO
39995,24048,Shelby-GT500,2009,1ZVHT88S995114283,Gresham,OR
39995,23617,Shelby-GT500,2008,1ZVHT88S285160987,Marion,IA
44884,1852,Shelby-GT500,2007,1ZVHT88S675240369,Frisco,TX
38200,20426,Shelby-GT500,2008,1ZVHT88S885174182,Gallatin,TN
36800,17675,Shelby-GT500,2007,1ZVHT88S875264284,Lisle,IL
99500,3000,Shelby-GT500,2020,1FA6P8SJ5L5503420,Berlin,CT
39900,9788,Shelby-GT500,2009,1ZVHT89SX95122357,Jacksonville,FL
37977,49467,Shelby-GT500,2011,1ZVBP8JS9B5108574,Merriam,KS
95000,1547,Shelby-GT500,2020,1FA6P8SJ4L5501495,Monroeville,PA
32991,75508,Shelby-GT500,2010,1ZVBP8JS2A5143925,Dallas,TX
41900,10749,Shelby-GT500,2010,1ZVBP8JSXA5149942,Roswell,GA
96900,3893,Shelby-GT500,2020,1FA6P8SJ6L5503295,Pen Argyl,PA
37998,27147,Shelby-GT500,2008,1ZVHT89S285113814,Caldwell,ID
37990,37645,Shelby-GT500,2009,1ZVHT88S795143524,VIRGINIA BEACH,VA
41996,5363,Shelby-GT500,2007,1ZVHT88S475303355,Fair Lawn,NJ
101398,665,Shelby-GT500,2020,1FA6P8SJ8L5504738,Groveport,OH
44991,5506,Shelby-GT500,2007,1ZVHT88S475358419,Roswell,GA
101995,1991,Shelby-GT500,2020,1FA6P8SJ3L5504839,Van Nuys,CA
37999,34713,Shelby-GT500,2010,1ZVBP8JS3A5151029,Phoenix,AZ
41200,9920,Shelby-GT500,2008,1ZVHT88S085189470,Dublin,OH
69900,9084,Shelby-GT500,2007,1ZVHT89SX75267752,Lodi,WI
52937,25975,Shelby-GT500,2013,1ZVBP8JZ9D5232246,Toms River,NJ
35525,38994,Shelby-GT500,2007,1ZVHT88S675225581,Tempe,AZ
69950,1080,Shelby-GT500,2014,1ZVBP8JZ1E5235899,Concord,CA
99992,5239,Shelby-GT500,2020,1FA6P8SJ2L5502189,San Antonio,TX
44988,8140,Shelby-GT500,2007,1ZVHT88S175343151,Marietta,GA
39995,39582,Shelby-GT500,2011,1ZVBP8JS2B5140542,Phoenix,AZ
39900,20034,Shelby-GT500,2008,1ZVHT88S385123303,Nashville,TN
60161,16515,Shelby-GT500,2013,1ZVBP8JZ2D5223615,Middleburg Heights,OH
36990,19198,Shelby-GT500,2007,1ZVHT88S975225039,Memphis,TN
119000,1021,Shelby-GT500,2020,1FA6P8SJ2L5505397,Miami,FL
49988,58629,Shelby-GT500,2014,1ZVBP8JZ0E5269347,Pittsburgh,PA
43590,15471,Shelby-GT500,2009,1ZVHT88S595138015,Carrollton,TX
59990,8994,Shelby-GT500,2014,1ZVBP8KZ2E5261930,Madison,WI
43995,11562,Shelby-GT500,2008,1ZVHT88S185196346,Tempe,AZ
36962,14876,Shelby-GT500,2007,1ZVHT88S275300955,El Paso,IL
34999,47478,Shelby-GT500,2009,1ZVHT88S195135015,Inglewood,CA
49923,4762,Shelby-GT500,2010,1ZVBP8JS5A5171167,Selinsgrove,PA
41700,19560,Shelby-GT500,2007,1ZVHT88S575312811,Cincinnati,OH
43995,15741,Shelby-GT500,2007,1ZVHT89S375235712,Seattle,WA
63990,10946,Shelby-GT500,2014,1ZVBP8JZ4E5226744,Costa Mesa,CA
54000,904,Shelby-GT500,2008,1ZVHT88S485147772,Minerva,OH
61000,11693,Shelby-GT500,2014,1ZVBP8JZ3E5267379,Shakopee,MN
42989,22768,Shelby-GT500,2009,1ZVHT88S695134670,Madison,VA
96496,8489,Shelby-GT500,2020,1FA6P8SJ7L5500082,Evansville,IN
109777,3855,Shelby-GT500,2020,1FA6P8SJ9L5500035,Shorewood,IL
41500,12773,Shelby-GT500,2011,1ZVBP8JS3B5113740,Kent,WA
69991,818,Shelby-GT500,2008,1ZVHT88S285204065,Lewisville,TX
47999,35636,Shelby-GT500,2013,1ZVBP8JZ0D5257164,Phoenix,AZ
46999,8137,Shelby-GT500,2007,1ZVHT88S475346741,Random Lake,WI
99900,1500,Shelby-GT500,2020,1FA6P8SJ5L5503210,Sarver,PA
96998,685,Shelby-GT500,2020,1FA6P8SJ4L5504302,Worcester,MA
43500,8508,Shelby-GT500,2007,1ZVHT88S275251756,Smithfield,RI
59999,13850,Shelby-GT500,2013,1ZVBP8JZXD5269676,Leominster,MA
45699,81455,Shelby-GT500,2014,1ZVBP8JZ8E5256541,Union City,GA
55900,29709,Shelby-GT500,2013,1ZVBP8JZ6D5223004,Dublin,OH
59000,7990,Shelby-GT500,2013,1ZVBP8JZ5D5253613,Shepherdsville,KY
40961,33174,Shelby-GT500,2008,1ZVHT88S285188899,Bloomington,IL
103878,4003,Shelby-GT500,2020,1FA6P8SJ4L5500038,Medina,NY
48499,4035,Shelby-GT500,2008,1ZVHT88S885117772,Jasper,GA
43500,5578,Shelby-GT500,2007,1ZVHT88S575285920,Pittsburgh,PA
99900,3254,Shelby-GT500,2020,1FA6P8SJXL5501548,Honolulu,HI
49995,53110,Shelby-GT500,2014,1ZVBP8JZXE5216591,Milwaukie,OR
36962,41749,Shelby-GT500,2011,1ZVBP8JS9B5137685,El Paso,IL
57999,9703,Shelby-GT500,2013,1ZVBP8JZ1D5261529,Mason City,IA
44995,16051,Shelby-GT500,2009,1ZVHT88S095136849,Chesterfield,MI
44444,18690,Shelby-GT500,2010,1ZVBP8JSXA5105696,La Follette,TN
45495,16843,Shelby-GT500,2012,1ZVBP8JS6C5229273,New Castle,DE
41989,21976,Shelby-GT500,2010,1ZVBP8JS0A5162523,Barrington,IL
44999,7161,Shelby-GT500,2008,1ZVHT88SX85122505,Charlotte,NC
89911,19894,Shelby-GT500,2020,1FA6P8SJ1L5502815,Lancaster,CA
93995,1980,Shelby-GT500,2020,1FA6P8SJ9L5501038,Costa Mesa,CA
149900,1895,Shelby-GT500,2020,1FA6P8SJ5L5500551,Byron,GA
124900,542,Shelby-GT500,2020,1FA6P8SJ0L5505477,Plattsmouth,NE
45995,2991,Shelby-GT500,2007,1ZVHT88S575216841,Glendale Heights,IL
43957,15299,Shelby-GT500,2010,1ZVBP8KS1A5142084,Garrettsville,OH
59900,12923,Shelby-GT500,2013,1ZVBP8JZ7D5233489,Nashville,TN
52999,3530,Shelby-GT500,2011,1ZVBP8JS9B5147410,Summerville,SC
42500,10053,Shelby-GT500,2007,1ZVHT89S875347910,RANDOLPH,OH
99985,2470,Shelby-GT500,2020,1FA6P8SJ7L5500549,Thomasville,GA
59998,3010,Shelby-GT500,2014,1ZVBP8JZ4E5255208,Jacksonville,FL
38900,50097,Shelby-GT500,2008,1ZVHT89S085130059,Dublin,OH
42999,16023,Shelby-GT500,2011,1ZVBP8JS9B5141803,Webster,TX
119991,2025,Shelby-GT500,2021,1FA6P8SJXM5500529,Hurst,TX
39999,33657,Shelby-GT500,2008,1ZVHT88S685142640,Centennial,CO
38950,35363,Shelby-GT500,2007,1ZVHT88S075233272,Loveland,OH
42900,5170,Shelby-GT500,2008,1ZVHT88S985164356,Chambersburg,PA
37999,59100,Shelby-GT500,2012,1ZVBP8JS2C5217802,Elwood,IN
69950,6410,Shelby-GT500,2013,1ZVBP8JZXD5282556,Daytona Beach,FL
44900,19000,Shelby-GT500,2008,1ZVHT88SX85100570,Palm Desert,CA
59900,1323,Shelby-GT500,2014,1ZVBP8JZ7E5279602,Jacksonville,FL
49995,1021,Shelby-GT500,2008,1ZVHT88S685139785,Middlebury,IN
46000,9827,Shelby-GT500,2007,1ZVHT88S275312068,Westminster,MD
44880,16559,Shelby-GT500,2011,1ZVBP8JS4B5113634,Kent,WA
52991,49918,Shelby-GT500,2013,1ZVBP8JZ1D5245993,Flint,MI
49400,5725,Shelby-GT500,2010,1ZVBP8KS5A5128897,Dublin,OH
64997,1615,Shelby-GT500,2013,1ZVBP8JZ3D5247244,Hickory,NC
63400,2798,Shelby-GT500,2014,1ZVBP8JZ9E5262686,Woonsocket,RI
129999,4097,Shelby-GT500,2020,1FA6P8SJ8L5504190,Henderson,NV
50095,1096,Shelby-GT500,2007,1ZVHT88S775300174,Cleveland,OH
104995,1764,Shelby-GT500,2020,1FA6P8SJXL5504871,Irving,TX
59900,23639,Shelby-GT500,2014,1ZVBP8JZ1E5275013,Albuquerque,NM
84984,6433,Shelby-GT500,2020,1FA6P8SJ5L5500050,Huntley,IL
40900,25820,Shelby-GT500,2007,1ZVHT88S575220081,Commerce Twp,MI
65900,9000,Shelby-GT500,2014,1ZVBP8JZ1E5235112,Saint Albans,VT
46241,6980,Shelby-GT500,2007,1ZVHT88S475271538,Torrington,CT
49997,18091,Shelby-GT500,2010,1ZVBP8KSXA5160969,Sarasota,FL
64995,4016,Shelby-GT500,2014,1ZVBP8JZ1E5238947,Saint Albans,VT
98995,8256,Shelby-GT500,2020,1FA6P8SJ8L5500088,Van Nuys,CA
45222,10161,Shelby-GT500,2010,1ZVBP8KS4A5139972,Malvern,OH
39000,16630,Shelby-GT500,2008,1ZVHT88S185166635,Glen Burnie,MD
50473,2832,Shelby-GT500,2012,1ZVBP8JS4C5218126,Arlington Heights,IL
50998,3502,Shelby-GT500,2012,1ZVBP8JS7C5213325,Worcester,MA
112995,1294,Shelby-GT500,2020,1FA6P8SJXL5505115,Clearwater,FL
37995,29554,Shelby-GT500,2007,1ZVHT88S275286393,Salina,KS
42996,24243,Shelby-GT500,2011,1ZVBP8JS1B5133436,Hortonville,WI
97998,2611,Shelby-GT500,2020,1FA6P8SJXL5504160,Lincoln,NE
48977,24578,Shelby-GT500,2010,1ZVBP8KSXA5130323,Bethesda,MD
58850,3877,Shelby-GT500,2008,1ZVHT89S685152986,Houston,TX
44918,11795,Shelby-GT500,2008,1ZVHT88S685164072,Fort Lauderdale,FL
69955,14624,Shelby-GT500,2013,1ZVBP8KZ7D5277443,Hendersonville,NC
54989,20731,Shelby-GT500,2011,1ZVBP8JS6B5140317,Lowell,MA
43241,26114,Shelby-GT500,2008,1ZVHT88S285176669,Olive Branch,MS
93900,1532,Shelby-GT500,2020,1FA6P8SJ8L5504867,Chandler,OK
37988,38849,Shelby-GT500,2007,1ZVHT89S375360550,Mcminnville,OR
100000,1164,Shelby-GT500,2020,1FA6P8SJ6L5500445,Saint Louis,MO
63000,7871,Shelby-GT500,2014,1ZVBP8JZ2E5252579,Salem,OH
44595,19787,Shelby-GT500,2011,1ZVBP8JS8B5157944,Shrewsbury,MA
57499,31490,Shelby-GT500,2014,1ZVBP8JZ2E5261718,Medford,OR
107991,2317,Shelby-GT500,2020,1FA6P8SJ5L5503370,Roswell,GA
41972,45730,Shelby-GT500,2012,1ZVBP8JS5C5224758,Pineville,NC
110000,1005,Shelby-GT500,2020,1FA6P8SJ9L5501735,Dublin,CA
63997,7128,Shelby-GT500,2014,1ZVBP8JZ6E5257283,Hickory,NC
38992,19709,Shelby-GT500,2007,1ZVHT89S375216710,East Dundee,IL
69995,2185,Shelby-GT500,2012,1ZVBP8JS3C5247133,Bonita Springs,FL
57999,25461,Shelby-GT500,2014,1ZVBP8JZ1E5258518,Bridgewater,NJ
48000,7980,Shelby-GT500,2007,1ZVHT88S175225052,Auburn,WA
39990,52563,Shelby-GT500,2010,1ZVBP8KSXA5115773,North Canton,OH
49990,971,Shelby-GT500,2007,1ZVHT88S775317945,Lowell,MA
68000,1000,Shelby-GT500,2014,1ZVBP8KZ1E5221418,Youngstown,OH
103900,3965,Shelby-GT500,2020,1FA6P8SJXL5502800,Dublin,OH
60996,9085,Shelby-GT500,2014,1ZVBP8JZ7E5272858,Bowling Green,OH
68991,1295,Shelby-GT500,2014,1ZVBP8JZ0E5266352,Scottsdale,AZ
59900,10440,Shelby-GT500,2014,1ZVBP8JZ5E5214747,Baton Rouge,LA
36995,51847,Shelby-GT500,2012,1ZVBP8JS2C5244207,Frederick,MD
59950,4354,Shelby-GT500,2008,1ZVHT88S485195997,Waterbury,CT
47988,14535,Shelby-GT500,2008,1ZVHT88S085181935,Pasadena,MD
67500,13207,Shelby-GT500,2013,1ZVBP8KZ6D5243090,Silver Spring,MD
45000,18285,Shelby-GT500,2008,1ZVHT89S685160490,White Marsh,MD
49999,19875,Shelby-GT500,2010,1ZVBP8JS6A5170738,New Britain,CT
59981,11658,Shelby-GT500,2014,1ZVBP8JZ4E5266211,Surprise,AZ
38995,72469,Shelby-GT500,2010,1ZVBP8JSXA5169236,Cornelius,NC
48992,19828,Shelby-GT500,2012,1ZVBP8JS5C5237011,Charlottesville,VA
53995,5004,Shelby-GT500,2012,1ZVBP8JS5C5257551,Birmingham,MI
64995,10443,Shelby-GT500,2014,1ZVBP8JZ4E5221253,San Antonio,TX
92000,3297,Shelby-GT500,2020,1FA6P8SJ5L5504860,Windsor Mill,MD
39900,79477,Shelby-GT500,2011,1ZVBP8JS4B5114444,Vero Beach,FL
48900,13250,Shelby-GT500,2012,1ZVBP8JS6C5211954,Jacksonville,FL
47900,15693,Shelby-GT500,2011,1ZVBP8JS6B5122514,Jacksonville,FL
53900,4901,Shelby-GT500,2012,1ZVBP8JS3C5221602,Jacksonville,FL
45629,19345,Shelby-GT500,2007,1ZVHT88S175251716,Groveport,OH
56999,5988,Shelby-GT500,2012,1ZVBP8JS2C5214933,West Chester,OH
44685,42718,Shelby-GT500,2012,1ZVBP8KS0C5213620,Dedham,MA
48342,16897,Shelby-GT500,2008,1ZVHT88S685139589,Dublin,OH
42789,26045,Shelby-GT500,2008,1ZVHT88S485126937,San Antonio,TX
69900,2879,Shelby-GT500,2008,1ZVHT89S585136911,Jacksonville,FL
52000,1502,Shelby-GT500,2008,1ZVHT88S785160709,Noblesville,IN
54900,395,Shelby-GT500,2010,1ZVBP8JS6A5149307,Jacksonville,FL
50998,4320,Shelby-GT500,2012,1ZVBP8KS6C5209068,Jacksonville,FL
62800,10997,Shelby-GT500,2013,1ZVBP8JZ4D5282942,Lisle,IL
46000,42221,Shelby-GT500,2012,1ZVBP8JS9C5227887,Dallas,TX
44500,15606,Shelby-GT500,2010,1ZVBP8KS2A5158519,Springfield,MO
48990,9516,Shelby-GT500,2011,1ZVBP8JSXB5155757,Harrisburg,PA
46500,16815,Shelby-GT500,2012,1ZVBP8KS2C5253617,Miami,FL
45995,19874,Shelby-GT500,2011,1ZVBP8JS1B5158983,Carol Stream,IL
99890,7354,Shelby-GT500,2012,1ZVBP8JS6C5215051,Plant City,FL
33990,46411,Shelby-GT500,2008,1ZVHT89S685113184,Portland,OR
59983,1402,Shelby-GT500,2014,1ZVBP8JZ9E5258671,Rochester,NY
54999,9895,Shelby-GT500,2011,1ZVBP8JS7B5151536,Kirkland,WA
69998,4582,Shelby-GT500,2014,1ZVBP8JZXE5239109,Lauderdale Lakes,FL
61998,13200,Shelby-GT500,2013,1ZVBP8KZ1D5259889,Worcester,MA
46599,17185,Shelby-GT500,2011,1ZVBP8JSXB5155323,Worcester,MA
44995,15858,Shelby-GT500,2008,1ZVHT89S385126927,Clinton Township,MI
87495,37754,Shelby-GT500,2020,1FA6P8SJ6L5499989,Miami,FL
48888,13788,Shelby-GT500,2011,1ZVBP8JS3B5124785,Wichita,KS
62900,116,Shelby-GT500,2008,1ZVHT88SX85187726,Dublin,OH
48500,883,Shelby-GT500,2007,1ZVHT88S575367968,Pittsburgh,PA
119994,2372,Shelby-GT500,2020,1FA6P8SJ7L5501796,Lincoln,NE
59995,320,Shelby-GT500,2007,1ZVHT88S275205540,Spokane,WA
40995,1784,Shelby-GT500,2007,1ZVHT88S275312765,Marshfield,WI
42950,35492,Shelby-GT500,2008,1ZVHT88S185154808,Albuquerque,NM
39900,60043,Shelby-GT500,2010,1ZVBP8JS7A5158520,Fishers,IN
128000,600,Shelby-GT500,2020,1FA6P8SJ7L5504181,Houston,TX
44977,25626,Shelby-GT500,2010,1ZVBP8JS1A5139140,Puyallup,WA
96995,7718,Shelby-GT500,2020,1FA6P8SJ5L5501716,Ramsey,NJ
62998,130,Shelby-GT500,2008,1ZVHT88S385187552,Jacksonville,FL
99995,1863,Shelby-GT500,2020,1FA6P8SJ0L5505608,Colorado Springs,CO
62331,4244,Shelby-GT500,2014,1ZVBP8JZ3E5275997,Alvin,TX
49000,13867,Shelby-GT500,2011,1ZVBP8JS9B5158844,Dallas,TX
100499,795,Shelby-GT500,2020,1FA6P8SJ2L5503701,Las Vegas,NV
34988,92740,Shelby-GT500,2012,1ZVBP8JS8C5227900,Lubbock,TX
55991,29477,Shelby-GT500,2014,1ZVBP8JZ0E5248398,Scottsdale,AZ
99991,1183,Shelby-GT500,2020,1FA6P8SJ2L5501141,White Bear Lake,MN
37880,32785,Shelby-GT500,2007,1ZVHT88S775358477,Kent,WA
55000,13378,Shelby-GT500,2013,1ZVBP8KZ4D5246750,RANDOLPH,OH
49999,24530,Shelby-GT500,2013,1ZVBP8JZ4D5248936,Apple Valley,MN
52590,55734,Shelby-GT500,2014,1ZVBP8JZ2E5251741,Little Rock,AR
88880,2255,Shelby-GT500,2020,1FA6P8SJ7L5503645,Kenner,LA
44995,24930,Shelby-GT500,2011,1ZVBP8JS5B5124299,Oak Ridge,TN
88000,8256,Shelby-GT500,2020,1FA6P8SJ2L5500149,Fayetteville,NC
49997,5510,Shelby-GT500,2012,1ZVBP8JSXC5229308,HUMMELS WHARF,PA
98990,1080,Shelby-GT500,2020,1FA6P8SJ3L5505618,Franklin,IN
36967,16611,Shelby-GT500,2007,1ZVHT88S275285907,N/A,N/A
99990,553,Shelby-GT500,2020,1FA6P8SJ8L5504710,N/A,N/A
98991,2769,Shelby-GT500,2020,1FA6P8SJ2L5504878,N/A,N/A
99000,574,Shelby-GT500,2020,1FA6P8SJ6L5503748,N/A,N/A
69990,972,Shelby-GT500,2014,1ZVBP8JZ6E5253900,N/A,N/A
44745,14479,Shelby-GT500,2011,1ZVBP8JSXB5154866,N/A,N/A
38888,9346,Shelby-GT500,2007,1ZVHT88S075230467,N/A,N/A
39000,19075,Shelby-GT500,2009,1ZVHT88S695121482,N/A,N/A
39899,28711,Shelby-GT500,2007,1ZVHT89S675295841,N/A,N/A
39900,36607,Shelby-GT500,2008,1ZVHT88S285106962,N/A,N/A
44950,22050,Shelby-GT500,2010,1ZVBP8JS3A5159714,N/A,N/A
59999,1995,Shelby-GT500,2014,1ZVBP8JZ9E5275972,N/A,N/A
44500,21620,Shelby-GT500,2008,1ZVHT88S885156250,N/A,N/A
46500,33175,Shelby-GT500,2012,1ZVBP8JS7C5236488,N/A,N/A
57997,13783,Shelby-GT500,2013,1ZVBP8JZ1D5230815,N/A,N/A
49997,5500,Shelby-GT500,2010,1ZVBP8KS4A5171224,N/A,N/A
