Price,Miles,Trim,Year,Vin,City,State
50643,12059,Unspecified,2017,WBS1H9C51HV887060,Rockland,MA
48997,15541,Unspecified,2017,WBS1H9C33HV887835,HUMMELS WHARF,PA
47499,10983,Unspecified,2017,WBS1H9C5XHV886957,San Antonio,TX
52640,12854,Unspecified,2018,WBS1J5C53JVD36585,Westmont,IL
44999,40988,Unspecified,2018,WBS1J5C50JVD37516,Montgomery,AL
49980,20356,Unspecified,2018,WBS1J5C51JVE51959,West Chester,PA
39746,67296,Unspecified,2017,WBS1H9C33HV887186,Matthews,NC
48995,22338,Unspecified,2018,WBS1J5C55JVD36393,Greensboro,NC
50900,22584,Unspecified,2018,WBS1J5C55J7B61910,Costa Mesa,CA
41900,49500,Unspecified,2018,WBS1J5C5XJ7B70098,West Melbourne,FL
51550,4305,Unspecified,2017,WBS1H9C30HV888926,Huntington Beach,CA
50500,13134,Unspecified,2018,WBS1J5C51J7B70345,Dublin,OH
48993,14931,Unspecified,2017,WBS1H9C33HV888757,Westborough,MA
48595,14988,Unspecified,2017,WBS1H9C30HV888411,Bowling Green,KY
45000,29487,Unspecified,2017,WBS1H9C56HV886759,Archbold,OH
56995,6676,Unspecified,2018,WBS1J5C54J7B70145,Beverly,NJ
54999,9414,Unspecified,2018,WBS1J5C56J7B61964,Medford,OR
48990,24822,Unspecified,2017,WBS1H9C3XHV887265,Towson,MD
47892,26768,Unspecified,2017,WBS1H9C58HV886858,Cincinnati,OH
46990,26511,Unspecified,2017,WBS1H9C32HV887437,Hollywood,FL
49688,30109,Unspecified,2018,WBS1J5C51J7B70278,Placentia,CA
53813,12678,Unspecified,2018,WBS1J5C51JVD36696,Madison,NJ
44495,46139,Unspecified,2017,WBS1H9C32HV888877,Wichita,KS
50999,25167,Unspecified,2018,WBS1J5C56J7B61821,Worthington,OH
51499,17438,Unspecified,2018,WBS1J5C56JVD35950,San Antonio,TX
50643,12059,Unspecified,2017,WBS1H9C51HV887060,Rockland,MA
49995,16672,Unspecified,2018,WBS1J5C52J7B61850,Pompano Beach,FL
43999,18943,Unspecified,2016,WBS1H9C55GV785839,Clifton,NJ
47428,49060,Unspecified,2018,WBS1J5C54JVA12626,Wesley Chapel,FL
47999,33148,Unspecified,2017,WBS1H9C54HV786577,North Lauderdale,FL
48991,21738,Unspecified,2018,WBS1J5C59JVD36090,Muncie,IN
50990,11561,Unspecified,2018,WBS1J5C56J7B62001,Jamaica,NY
54444,13693,Unspecified,2018,WBS1J5C54JVD37311,Barrington,IL
50899,26780,Unspecified,2017,WBS1H9C54HV886730,Barrington,IL
58995,2309,Unspecified,2018,WBS1J5C56JVD36242,Glen Ellyn,IL
48950,17621,Unspecified,2017,WBS1H9C59HV887033,South San Francisco,CA
51170,36409,Unspecified,2018,WBS1J5C57JVD36721,Plano,TX
53989,12120,Unspecified,2018,WBS1J5C55JVD35857,Barrington,IL
53485,10759,Unspecified,2017,WBS1H9C34HV887200,Beaverton,OR
51997,18216,Unspecified,2017,WBS1H9C56HV886843,Santa Fe,NM
50990,30093,Unspecified,2017,WBS1H9C31HV888904,Worcester,MA
49975,19388,Unspecified,2018,WBS1J5C55JVD35986,Corona,CA
53995,16168,Unspecified,2018,WBS1J5C52JVD36870,Brea,CA
48999,28331,Unspecified,2017,WBS1H9C55HV786605,Lynnwood,WA
52222,22538,Unspecified,2018,WBS1J5C54JVA12836,Wilsonville,OR
51577,9965,Unspecified,2017,WBS1H9C34HV888881,Barrington,IL
56997,15256,Unspecified,2017,WBS1H9C34HV887522,Reno,NV
50990,21915,Unspecified,2017,WBS1H9C36HV887280,Kirkland,WA
55995,24330,Unspecified,2018,WBS1J5C58JVD36890,Westbrook,ME
54477,5279,Unspecified,2018,WBS1J5C57JVD37397,Barrington,IL
46989,48870,Unspecified,2017,WBS1H9C59HV887047,Barrington,IL
47988,41572,Unspecified,2018,WBS1J5C57J7B61973,N/A,N/A
54327,4857,Unspecified,2018,WBS1J5C53J7B61954,N/A,N/A
46265,25993,Unspecified,2017,WBS1H9C54HV886811,N/A,N/A
49900,27252,Unspecified,2017,WBS1H9C38HV887779,N/A,N/A
