Price,Miles,Trim,Year,Vin,City,State
48999,17873,M340i,2020,WBA5U7C01LA232410,Riverside,CA
51000,6390,M340i,2021,3MW5U7J08M8B57592,Berkeley,CA
54994,7164,M340i,2021,3MW5U7J02M8B55577,Sacramento,CA
51830,21982,M340i,2020,WBA5U7C08LA232470,Newport Beach,CA
49995,7554,M340i,2020,3MW5U7J03L8B45493,Selma,TX
53993,3362,M340i,2021,3MW5U7J01M8B77635,Houston,TX
51440,2637,M340i,2020,WBA5U7C09LA286652,Albuquerque,NM
50888,21415,M340i,2020,WBA5U7C08LFH13213,Grapevine,TX
51900,27796,M340i,2020,WBA5U7C05LAF54079,Palm Harbor,FL
47777,31919,M340i,2020,WBA5U7C06LFH62121,Eugene,OR
46907,20430,M340i,2020,WBA5U7C05LFH30101,Franklin,TN
52999,8207,M340i,2020,WBA5U7C03LAF54176,Sacramento,CA
47998,20492,M340i,2020,WBA5U7C09LFH17058,North Charleston,SC
53854,13803,M340i,2020,3MW5U7J00L8B25993,Ocala,FL
49900,18499,M340i,2020,WBA5U7C06LAF54088,Concord,CA
49880,14199,M340i,2020,WBA5U7C01LFH84382,Houston,TX
48499,12239,M340i,2020,WBA5U7C06LFH08141,Jacksonville,FL
54493,6312,M340i,2020,3MW5U7J02L8B27101,Kansas City,MO
49800,17550,M340i,2020,WBA5U7C03LFH01292,Scottsdale,AZ
49884,11311,M340i,2020,WBA5U7C06LFH61292,Medford,OR
47740,14094,M340i,2020,WBA5U7C00LA234682,Roswell,GA
54999,3070,M340i,2021,3MW5U7J09M8B52529,Torrance,CA
58995,5107,M340i,2021,3MW5U7J08M8B63148,Weston,FL
48150,14149,M340i,2020,WBA5U7C0XLFH31826,Whittier,CA
51900,10996,M340i,2020,3MW5U7J03L8B36616,North Plainfield,NJ
53990,15547,M340i,2020,WBA5U7C09LFH62498,Garden Grove,CA
46489,30674,M340i,2020,WBA5U7C04LA234300,Atlanta,GA
51888,15252,M340i,2020,WBA5U7C00LAF54412,Phoenix,AZ
53897,8820,M340i,2020,WBA5U7C04LAF53960,Belmont,CA
54000,6155,M340i,2021,3MW5U7J05M8B60319,Berkeley,CA
56987,3562,M340i,2021,3MW5U7J09M8B55379,Fairfield,CA
56120,1931,M340i,2020,WBA5U7C0XLA234463,Cincinnati,OH
49900,9420,M340i,2020,WBA5U7C05LFH13380,Costa Mesa,CA
49995,9951,M340i,2020,WBA5U7C03LFH32090,Houston,TX
49999,13013,M340i,2020,WBA5U7C00LFH30605,Signal Hill,CA
49750,10650,M340i,2020,WBA5U7C00LFH11326,Whittier,CA
52094,9515,M340i,2020,WBA5U7C0XLFH48691,Bakersfield,CA
51950,9729,M340i,2020,WBA5U7C0XLFH33012,Murfreesboro,TN
54994,7164,M340i,2021,3MW5U7J02M8B55577,Sacramento,CA
52777,7368,M340i,2021,3MW5U7J00M8B65296,Columbia,SC
59900,1529,M340i,2020,WBA5U7C05LA234368,Springfield,IL
53000,7672,M340i,2020,WBA5U7C09LFH57267,Cerritos,CA
50900,5655,M340i,2020,WBA5U7C01LFH64326,Scottsdale,AZ
52488,14860,M340i,2020,WBA5U7C04LA234765,Grapevine,TX
52995,8850,M340i,2020,WBA5U7C08LFH23496,San Jose,CA
49997,1214,M340i,2021,3MW5U7J07M8B55719,Las Vegas,NV
51999,14396,M340i,2020,WBA5U7C09LAF53968,West Palm Beach,FL
50995,10040,M340i,2020,WBA5U7C03LFH31442,Marietta,GA
49950,19120,M340i,2020,WBA5U7C00LFH23962,Whittier,CA
48952,21565,M340i,2020,WBA5U7C08LFH52643,Buena Park,CA
56000,6543,M340i,2020,WBA5U7C08LA286724,Kailua Kona,HI
49988,21723,M340i,2020,WBA5U7C06LFH16501,San Rafael,CA
69155,7729,M340i,2020,WBA5U7C03LA234370,Knoxville,TN
52999,8914,M340i,2020,WBA5U7C00LFH66617,Lithia Springs,GA
51977,15192,M340i,2020,WBA5U7C08LFH65067,Carrollton,TX
50991,15970,M340i,2020,WBA5U7C00LFH80162,Jersey Village,TX
53591,21627,M340i,2021,3MW5U7J05M8B54794,Louisville,KY
49995,33855,M340i,2020,WBA5U7C01LFH01002,Portland,OR
44999,24578,M340i,2020,WBA5U7C02LAF54282,Jacksonville,FL
60295,4676,M340i,2021,3MW5U7J03M8B52512,Los Angeles,CA
57545,12035,M340i,2021,3MW5U7J0XM8B51163,Charlotte,NC
55191,4286,M340i,2021,3MW5U7J07M8B49385,Fairfax,VA
56120,2641,M340i,2020,WBA5U7C03LA234367,Cincinnati,OH
51800,11828,M340i,2020,WBA5U7C07LA234422,N/A,N/A
49995,18101,M340i,2020,WBA5U7C00LA234455,N/A,N/A
50640,4695,M340i,2020,WBA5U7C07LFH52262,N/A,N/A
52995,3200,M340i,2021,3MW5U7J09M8B53342,N/A,N/A
52995,2310,M340i,2021,3MW5U7J04M8B63292,N/A,N/A
52950,6591,M340i,2020,3MW5U7J0XL8B23734,N/A,N/A
58801,4295,M340i-xDrive,2021,3MW5U9J00M8B49062,Cincinnati,OH
62359,2890,M340i-xDrive,2021,3MW5U9J02M8B53632,Dayton,OH
54995,25690,M340i-xDrive,2020,WBA5U9C02LA380335,Springfield,VA
51123,19044,M340i-xDrive,2020,WBA5U9C01LA380522,Madison,NJ
51372,17194,M340i-xDrive,2020,WBA5U9C09LA379148,Doylestown,PA
57000,804,M340i-xDrive,2021,3MW5U9J03M8B61965,Beaverton,OR
56000,9665,M340i-xDrive,2020,WBA5U9C04LFJ77613,Woonsocket,RI
57900,893,M340i-xDrive,2021,3MW5U9J02M8B61696,Glen Cove,NY
51790,8325,M340i-xDrive,2020,WBA5U9C0XLFJ67801,Massapequa Park,NY
51349,11384,M340i-xDrive,2020,WBA5U9C02LFH33646,Ft Mitchell,KY
51999,9633,M340i-xDrive,2020,WBA5U9C01LA379239,Nashville,TN
51900,21720,M340i-xDrive,2020,WBA5U9C06LA379253,Westborough,MA
60000,4912,M340i-xDrive,2021,3MW5U9J06M8B79537,Naperville,IL
57656,5943,M340i-xDrive,2020,WBA5U9C02LFJ82423,Elverson,PA
58499,6139,M340i-xDrive,2021,3MW5U9J02M8B58989,Louisville,KY
58800,4331,M340i-xDrive,2021,3MW5U9J06M8B59921,Virginia Beach,VA
54752,7335,M340i-xDrive,2020,WBA5U9C07LFH70918,Schaumburg,IL
53999,20022,M340i-xDrive,2020,WBA5U9C07LA380332,Denver,CO
51900,16352,M340i-xDrive,2020,WBA5U9C00LA380253,Lynnwood,WA
56865,4831,M340i-xDrive,2021,3MW5U9J04M8B61053,Pleasant Grove,UT
50995,18591,M340i-xDrive,2020,WBA5U9C00LFH06610,Tenafly,NJ
61900,8407,M340i-xDrive,2020,WBA5U9C02LFJ78002,Fife,WA
51750,6631,M340i-xDrive,2021,3MW5U9J00M8B55959,Bronx,NY
56935,4791,M340i-xDrive,2021,3MW5U9J05M8B64429,Pleasant Grove,UT
48460,35154,M340i-xDrive,2020,WBA5U9C04LFH59388,Knoxville,TN
52000,28037,M340i-xDrive,2020,WBA5U9C01LFH37462,Jacksonville,FL
56898,4939,M340i-xDrive,2021,3MW5U9J07M8B59281,Allston,MA
61980,2810,M340i-xDrive,2021,3MW5U9J06M8B60020,Miami,FL
59586,2999,M340i-xDrive,2020,WBA5U9C05LFH75647,Boulder,CO
58801,4295,M340i-xDrive,2021,3MW5U9J00M8B49062,Cincinnati,OH
60245,4870,M340i-xDrive,2021,3MW5U9J09M8B62635,Bellevue,WA
53491,17416,M340i-xDrive,2020,WBA5U9C06LFH86222,Woburn,MA
64525,1030,M340i-xDrive,2021,3MW5U9J08M8B91107,Palm Harbor,FL
55500,25534,M340i-xDrive,2020,WBA5U9C0XLFH20692,Sunrise,FL
61035,4458,M340i-xDrive,2021,3MW5U9J06M8B57098,Pleasant Grove,UT
56190,14495,M340i-xDrive,2020,WBA5U9C01LA379158,Idaho Falls,ID
59595,3842,M340i-xDrive,2021,3MW5U9J04M8B60839,Saint Louis,MO
59020,3933,M340i-xDrive,2021,3MW5U9J00M8B63222,Saint Louis,MO
53910,28805,M340i-xDrive,2020,WBA5U9C08LAF54895,Naperville,IL
56900,19993,M340i-xDrive,2020,WBA5U9C08LA379237,Cleveland,OH
58500,5122,M340i-xDrive,2021,3MW5U9J06M8B56033,Saint Louis,MO
62321,1129,M340i-xDrive,2021,3MW5U9J04M8B49047,Denver,CO
49900,8979,M340i-xDrive,2020,WBA5U9C08LAF54623,Tulsa,OK
64805,2864,M340i-xDrive,2021,3MW5U9J0XM8B53605,Cincinnati,OH
58779,5728,M340i-xDrive,2020,WBA5U9C06LFH06465,Arden,NC
63499,3200,M340i-xDrive,2021,3MW5U9J08M8B65350,Lake Bluff,IL
64145,5856,M340i-xDrive,2021,3MW5U9J0XM8B54057,Westmont,IL
60095,5500,M340i-xDrive,2021,3MW5U9J08M8B67115,Silver Spring,MD
61399,4500,M340i-xDrive,2021,3MW5U9J03M8B71279,Lake Bluff,IL
63999,2500,M340i-xDrive,2021,3MW5U9J07M8B69373,Lake Bluff,IL
63399,3500,M340i-xDrive,2021,3MW5U9J09M8B60044,Lake Bluff,IL
62520,1602,M340i-xDrive,2021,3MW5U9J06M8B50460,Chicago,IL
60195,6332,M340i-xDrive,2021,3MW5U9J02M8B66221,Silver Spring,MD
56495,6257,M340i-xDrive,2021,3MW5U9J07M8B59653,Highlands Ranch,CO
64120,804,M340i-xDrive,2021,3MW5U9J01M8B50799,Chicago,IL
61991,5798,M340i-xDrive,2020,WBA5U9C02LFH29774,N/A,N/A
66200,4270,M340i-xDrive,2021,3MW5U9J07M8B63346,N/A,N/A
62999,1926,M340i-xDrive,2021,3MW5U9J00M8B62121,N/A,N/A
66895,1580,M340i-xDrive,2021,3MW5U9J08M8C02574,N/A,N/A
61747,24120,M340i-xDrive,2020,WBA5U9C05LAF54904,N/A,N/A
