Price,Miles,Trim,Year,Vin,City,State
45457,40481,Base,2015,WBS3R9C59FK330000,Kahului,HI
56500,29547,Base,2018,WBS4Y9C55JAC88112,Clearwater,FL
56288,42248,Base,2018,WBS4Y9C51JAA92376,Mesa,AZ
66517,11198,Base,2018,WBS4Z9C56JED31233,Austin,TX
59990,50178,Base,2018,WBS4Z9C55JED31241,Jacksonville,FL
52990,32685,Base,2017,WBS3R9C56HK708731,Anaheim,CA
61895,25486,Base,2018,WBS4Y9C56JAG66809,Tenafly,NJ
54334,53460,Base,2018,WBS4Y9C50JAA85533,Mission Viejo,CA
65398,6724,Base,2018,WBS4Y9C59JAA85692,Sanford,FL
51998,56148,Base,2018,WBS4Y9C50JAC87742,Davie,FL
57895,35720,Base,2018,WBS4Y9C58JAG66889,Fort Lauderdale,FL
68790,5916,Base,2018,WBS4Z9C59JEA24431,Vero Beach,FL
61000,27662,Base,2018,WBS4Z9C57JEA24055,Indianapolis,IN
44563,67634,Base,2016,WBS3R9C52GK337291,Hollywood,FL
39900,64872,Base,2015,WBS3R9C50FK331584,New York,NY
47901,54784,Base,2016,WBS3U9C53GP969816,Knoxville,TN
57583,32238,Base,2018,WBS4Y9C58JAC86922,Coconut Creek,FL
63500,29986,Base,2018,WBS4Z9C57JEA24475,Alexandria,VA
67861,4699,Base,2018,WBS4Z9C58JEA24050,Edmond,OK
68244,18596,Base,2018,WBS4Z9C53JED30993,MT LAUREL TOWNSHIP,NJ
41000,49376,Base,2015,WBS3R9C56FK331816,San Antonio,TX
81990,5932,Base,2020,WBS4Z9C02L5N69049,Saint Louis,MO
60888,21329,Base,2018,WBS4Y9C52JAC87953,San Rafael,CA
58995,26288,Base,2018,WBS4Z9C5XJEA24227,Costa Mesa,CA
67000,20057,Base,2020,WBS4Z9C06L5P66645,Framingham,MA
47880,50471,Base,2016,WBS3U9C56GP970023,Kent,WA
55999,17639,Base,2018,WBS4Y9C57JAC86152,Watchung,NJ
49999,38950,Base,2016,WBS3R9C53GK337901,Los Angeles,CA
61499,18139,Base,2018,WBS4Y9C52JAA92578,Sarasota,FL
69388,18237,Base,2018,WBS4Z9C5XJED22311,Tenafly,NJ
52799,24293,Base,2015,WBS3U9C59FJ968378,Crystal Lake,IL
60900,34965,Base,2018,WBS4Y9C55JAC87929,San Rafael,CA
62395,37244,Base,2018,WBS4Y9C5XJAG66733,Weston,FL
57999,19356,Base,2017,WBS3R9C50HK709891,Los Angeles,CA
37900,82970,Base,2016,WBS3U9C59GP969786,North Plainfield,NJ
42925,92561,Base,2016,WBS3U9C53GP970027,Pelham,AL
61990,41761,Base,2018,WBS4Z9C56JED30843,Indianapolis,IN
70995,18294,Base,2018,WBS4Z9C5XJEA24082,Lake Bluff,IL
42190,67411,Base,2016,WBS3R9C56GK336922,Valley Stream,NY
61881,19442,Base,2018,WBS4Y9C59JAG66691,Bethesda,MD
59970,41903,Base,2018,WBS4Y9C57JAC86300,Fort Lauderdale,FL
55970,6300,Base,2016,WBS3R9C56GK338153,Bridgeport,CT
61678,24724,Base,2018,WBS4Y9C50JAC87305,Greenwood,IN
69995,7850,Base,2018,WBS4Z9C58JED22548,Williamsville,NY
65995,20933,Base,2018,WBS4Z9C51JED22746,Fort Lauderdale,FL
40100,71986,Base,2015,WBS3R9C54FK329367,Palm Harbor,FL
49995,39552,Base,2016,WBS3U9C53GP968987,Thousand Oaks,CA
52995,36746,Base,2016,WBS3U9C59GP969920,Tampa,FL
59977,32197,Base,2018,WBS4Y9C56JAA85892,Barrington,IL
63988,25570,Base,2018,WBS4Z9C51JED22410,Bronx,NY
51900,48929,Base,2016,WBS3R9C53GK335792,Beaverton,OR
49499,20396,Base,2015,WBS3R9C52FK333837,Nashville,TN
79995,6388,Base,2020,WBS4Z9C02L5P91817,El Paso,TX
59264,25716,Base,2017,WBS3U9C53HP970854,Scottsdale,AZ
63875,31512,Base,2018,WBS4Z9C54JED22546,Ballwin,MO
62825,18884,Base,2018,WBS4Y9C54JAC87906,Newport Beach,CA
65900,22886,Base,2018,WBS4Y9C5XJAC87571,Knoxville,TN
57079,39808,Base,2017,WBS3U9C56HP970900,MT LAUREL TOWNSHIP,NJ
48995,45868,Base,2015,WBS3R9C52FK331103,Skokie,IL
50988,22964,Base,2015,WBS3U9C57FJ968136,Charlottesville,VA
62487,46835,Base,2018,WBS4Y9C51JAG62991,Newport Beach,CA
47613,48691,Base,2016,WBS3U9C56GP968532,Spring,TX
62900,36920,Base,2018,WBS4Y9C58JAA92357,Warrenville,IL
80591,18309,Base,2020,WBS4Z9C01L5N78521,Louisville,KY
51995,22222,Base,2015,WBS3R9C54FK332236,Beaverton,OR
47490,47797,Base,2016,WBS3R9C58GK337795,Concord,CA
55500,33684,Base,2017,WBS3R9C54HK708923,Vienna,VA
52900,24556,Base,2016,WBS3U9C53GP969055,Elwood,IN
64900,35479,Base,2018,WBS4Z9C59JED22168,Lamesa,TX
52500,31226,Base,2016,WBS3R9C54GK338393,Charlotte,NC
69950,16611,Base,2018,WBS4Z9C53JED30931,Greenwich,CT
54999,56011,Base,2018,WBS4Y9C51JAA85623,Los Angeles,CA
51999,55563,Base,2017,WBS3R9C57HK709922,Atlanta,GA
46881,31975,Base,2015,WBS3R9C56FK332111,Englewood,NJ
71272,15533,Base,2018,WBS4Y9C55JAA85317,Woodland Hills,CA
57495,17063,Base,2017,WBS3R9C37HA014117,Sewell,NJ
67967,5500,Base,2018,WBS4Y9C56JAC88104,Catonsville,MD
53999,27505,Base,2016,WBS3U9C59GP969092,Houston,TX
52876,35928,Base,2016,WBS3U9C52GP969371,Bridgeport,CT
50995,22430,Base,2015,WBS3R9C5XFK331625,Alexandria,VA
69900,14150,Base,2018,WBS4Y9C59JAA85434,Beaverton,OR
54991,27517,Base,2016,WBS3R9C53GK335856,Santa Monica,CA
67991,33455,Base,2018,WBS4Z9C53JED30895,Corpus Christi,TX
67990,32686,Base,2018,WBS4Y9C55JAA85818,Sachse,TX
52900,42455,Base,2016,WBS3U9C54GP969288,Cerritos,CA
57191,20202,Base,2017,WBS3R9C56HK709152,Roswell,GA
55900,34049,Base,2017,WBS3R9C30HK710084,Doral,FL
55997,37453,Base,2016,WBS3U9C51GP969538,Stafford,VA
39990,57582,Base,2015,WBS3R9C53FK333037,Valley Stream,NY
50485,41600,Base,2016,WBS3R9C52GK336979,Lynnwood,WA
53577,31026,Base,2016,WBS3U9C56GP970331,Barrington,IL
59990,20200,Base,2016,WBS3U9C59GP969013,Portland,OR
61972,27669,Base,2018,WBS4Y9C50JAC87143,West Chester,PA
65245,22368,Base,2018,WBS4Y9C54JAC87324,Tacoma,WA
61995,32366,Base,2018,WBS4Y9C50JAC86543,Atlanta,GA
52407,21906,Base,2016,WBS3R9C54GK336255,N/A,N/A
69900,6215,Base,2018,WBS4Z9C59JED22896,N/A,N/A
59888,28742,Base,2018,WBS4Z9C59JEA24056,N/A,N/A
70995,5288,Base,2018,WBS4Z9C53JED22957,N/A,N/A
68999,28388,Base,2018,WBS4Z9C52JED30998,N/A,N/A
78901,8515,CS,2019,WBS3S7C5XKAC09651,Knoxville,TN
80500,12539,CS,2020,WBS3S7C0XLFH08684,Summit,NJ
49999,53148,CS,2018,WBS4Y9C50JAC86204,Jamaica,NY
84999,2840,CS,2020,WBS3S7C06LAH85100,Madison,WI
68995,29462,CS,2019,WBS3S7C53KAC09314,Pleasant Grove,UT
78991,20252,CS,2019,WBS3S7C5XKAC09763,Houston,TX
77490,9646,CS,2019,WBS3S7C55KAC09525,Indianapolis,IN
77999,9962,CS,2019,WBS3S7C52KAC09725,Medford,OR
88887,5529,CS,2019,WBS3S7C56KAC09615,Newport Beach,CA
79900,5914,CS,2019,WBS3S7C52KAC09403,Baton Rouge,LA
79950,13722,CS,2019,WBS3S7C53KAC09622,Fort Lauderdale,FL
78995,4599,CS,2019,WBS3S7C52KAC09529,Paramus,NJ
76677,26477,CS,2019,WBS3S7C51KAC09635,Tampa,FL
66000,17260,CS,2018,WBS4Y9C53JAC87685,Schaumburg,IL
84495,4116,CS,2020,WBS3S7C00LAH85187,Akron,OH
67900,8689,CS,2018,WBS4Y9C51JAA85668,Costa Mesa,CA
73444,21712,CS,2019,WBS3S7C53KAC09667,Rochelle Park,NJ
77900,16740,CS,2019,WBS3S7C5XKAC09679,Springfield,IL
64900,22983,CS,2018,WBS4Y9C59JAC86816,Costa Mesa,CA
76998,14083,CS,2019,WBS3S7C53KAC09328,Lynnwood,WA
80988,1282,CS,2020,WBS3S7C00LAH85061,N/A,N/A
121888,4833,GTS,2016,WBS4S9C53GK578835,Escondido,CA
99000,9145,GTS,2016,WBS4S9C51GK579028,Canton,OH
93292,19301,GTS,2016,WBS4S9C33GK579076,Pompano Beach,FL
94900,3251,GTS,2016,WBS4S9C55GK578710,Orlando,FL
109900,5842,GTS,2016,WBS4S9C3XGK579110,Pompano Beach,FL
94995,615,Competition,2021,WBS33AZ02MCG07868,Fort Wayne,IN
79137,2896,Competition,2021,WBS33AZ0XMCG60253,Westlake Village,CA
99895,934,Competition,2021,WBS33AZ08MCG53463,Las Vegas,NV
88981,1246,Competition,2021,WBS33AZ0XMCG72547,Enfield,CT
70997,2905,Unspecified,2018,WBS4Y9C56JAG66678,Sacramento,CA
55899,38669,Unspecified,2018,WBS4Y9C58JAA85411,Orange,CA
45900,47970,Unspecified,2015,WBS3U9C52FP967926,Concord,CA
62990,21937,Unspecified,2019,WBS4Y9C5XKAG67530,Ridgefield,CT
51995,49264,Unspecified,2018,WBS4Y9C53JAC86374,San Jose,CA
41991,72476,Unspecified,2015,WBS3U9C53FJ968134,Conroe,TX
41890,72693,Unspecified,2015,WBS3R9C5XFK334671,North Canton,OH
65000,19042,Unspecified,2019,WBS4Y9C56KAG67685,Houston,TX
62976,21293,Unspecified,2018,WBS4Z9C56JED22497,Huntington Station,NY
77499,1189,Unspecified,2020,WBS4Y9C08LFH74486,Torrance,CA
63695,16022,Unspecified,2018,WBS4Y9C50JAC88177,Darien,CT
60988,19499,Unspecified,2018,WBS4Y9C50JAC87465,League City,TX
64879,21461,Unspecified,2019,WBS4Y9C5XKAG67088,Lexington,KY
69975,10803,Unspecified,2019,WBS4Y9C56KAG67377,Los Angeles,CA
59968,28731,Unspecified,2018,WBS4Y9C59JAC88047,Bellevue,WA
39899,64616,Unspecified,2015,WBS3U9C51FP967710,Austin,TX
81900,890,Unspecified,2021,WBS53AZ02MCG55380,Duluth,GA
38980,79340,Unspecified,2015,WBS3R9C56FK331329,Jacksonville,FL
81395,2364,Unspecified,2021,WBS53AZ04MCG57275,Lancaster,PA
48850,44840,Unspecified,2017,WBS3R9C51HK709530,Portland,OR
52491,60243,Unspecified,2018,WBS4Z9C50JEA24141,Hialeah,FL
55590,27027,Unspecified,2017,WBS3R9C30HA014332,Orlando,FL
77950,6567,Unspecified,2020,WBS4Y9C0XLFJ78745,Greenwich,CT
69681,15234,Unspecified,2018,WBS4Z9C57JED31189,Shelby Township,MI
69999,18638,Unspecified,2020,WBS4Y9C03LFH42786,Paramus,NJ
71599,6374,Unspecified,2018,WBS4Z9C5XJED22390,Vista,CA
71500,16264,Unspecified,2020,WBS4Y9C05LFJ63005,Encinitas,CA
59866,25808,Unspecified,2018,WBS4Y9C51JAG66927,Bellevue,WA
71999,6366,Unspecified,2020,WBS4Y9C0XLFJ17878,Nashville,TN
45590,50735,Unspecified,2016,WBS3R9C58GK336579,Portland,OR
53463,36609,Unspecified,2017,WBS3R9C39HK710097,PARAMUS,NJ
68605,2544,Unspecified,2020,WBS4Y9C05LFJ49217,Chattanooga,TN
52900,39204,Unspecified,2017,WBS3U9C3XHP971174,Tulsa,OK
58247,33545,Unspecified,2018,WBS4Y9C50JAC88020,Portland,OR
54765,33830,Unspecified,2017,WBS3R9C31HA014467,Sarasota,FL
61999,21075,Unspecified,2019,WBS4Y9C59KAG67325,Maple Shade,NJ
50999,8243,Unspecified,2015,WBS3R9C59FK330949,Cerritos,CA
59995,21817,Unspecified,2018,WBS4Y9C54JAC87551,Van Nuys,CA
75950,6126,Unspecified,2020,WBS4Y9C0XLFJ19825,King Of Prussia,PA
57149,49719,Unspecified,2018,WBS4Z9C56JED30888,San Diego,CA
39900,66637,Unspecified,2015,WBS3R9C54FK330356,North Plainfield,NJ
50990,14305,Unspecified,2015,WBS3R9C56FK333629,Salinas,CA
39488,91863,Unspecified,2015,WBS3R9C56FK329600,Englewood,CO
59980,34187,Unspecified,2018,WBS4Y9C57JAG66737,Burbank,CA
41997,81219,Unspecified,2016,WBS3R9C53GK337977,Milwaukie,OR
56299,28605,Unspecified,2017,WBS3R9C53HK709089,Ramsey,NJ
76000,8488,Unspecified,2020,WBS4Y9C09LFJ67932,Miami,FL
58900,28937,Unspecified,2018,WBS4Y9C58JAG66679,West Chester,PA
69994,18224,Unspecified,2020,WBS4Y9C03LAH83013,Palo Alto,CA
64999,10719,Unspecified,2018,WBS4Y9C57JAC87933,Houston,TX
47299,36493,Unspecified,2015,WBS3U9C51FP967223,Franklin,TN
38900,70820,Unspecified,2015,WBS3R9C58FK332868,Costa Mesa,CA
71497,11946,Unspecified,2020,WBS4Y9C07LFH97774,Houston,TX
69900,5020,Unspecified,2019,WBS4Y9C5XKAG67091,Dedham,MA
75500,2506,Unspecified,2020,WBS4Y9C08LFJ02635,Rockville,MD
42900,73667,Unspecified,2015,WBS3R9C53FK332714,Conyers,GA
58950,28240,Unspecified,2018,WBS4Y9C59JAA85837,Puyallup,WA
59495,10899,Unspecified,2018,WBS4Y9C54JAA85809,Wilsonville,OR
68998,6160,Unspecified,2019,WBS4Y9C58KAG66974,West Palm Beach,FL
52900,29984,Unspecified,2016,WBS3R9C51GK336780,Coral Gables,FL
45400,49156,Unspecified,2016,WBS3R9C51GK337234,Somerville,NJ
45995,43472,Unspecified,2016,WBS3R9C56GK336029,Ramsey,NJ
67700,24677,Unspecified,2019,WBS4Y9C55KAG67127,Westborough,MA
77371,7386,Unspecified,2020,WBS4Y9C04LAH83084,Topeka,KS
69995,16002,Unspecified,2020,WBS4Y9C0XLFH16833,Great Neck,NY
48998,35889,Unspecified,2016,WBS3R9C53GK336988,Marietta,GA
77985,6892,Unspecified,2020,WBS4Y9C09LFJ31237,Mansfield Center,CT
69250,3506,Unspecified,2020,WBS4Y9C00LFJ64935,Newton,NJ
68997,10280,Unspecified,2019,WBS4Y9C54KAH82866,Lake City,FL
63980,19278,Unspecified,2018,WBS4Y9C56JAC87843,Valencia,CA
58995,22708,Unspecified,2018,WBS4Y9C52JAC87967,Frederick,MD
58990,19024,Unspecified,2017,WBS3R9C52HK709777,Sarasota,FL
47883,45985,Unspecified,2016,WBS3R9C56GK335897,Somerville,NJ
77990,1309,Unspecified,2020,WBS4Y9C05LFJ69919,Scotia,NY
43950,71240,Unspecified,2015,WBS3R9C52FK335555,Midland,TX
71201,34046,Unspecified,2019,WBS4Z9C59KEJ63750,Wesley Chapel,FL
64495,29753,Unspecified,2019,WBS4Y9C51KAG67500,Costa Mesa,CA
72499,14090,Unspecified,2019,WBS4Y9C54KAH82883,Buena Park,CA
75984,21575,Unspecified,2020,WBS4Y9C09LFH40802,Chandler,AZ
78989,7648,Unspecified,2020,WBS4Y9C07LFJ13139,Wilsonville,OR
38990,92192,Unspecified,2015,WBS3R9C59FK334144,Parma,OH
58488,30231,Unspecified,2017,WBS3U9C38HP971173,San Rafael,CA
44995,56912,Unspecified,2015,WBS3U9C58FP968076,Revere,MA
72990,13403,Unspecified,2020,WBS4Y9C00LFH67712,Cheyenne,WY
47894,88152,Unspecified,2018,WBS4Y9C50JAC86512,Hillside,NJ
53500,32959,Unspecified,2017,WBS3R9C5XHK709185,Costa Mesa,CA
52600,33196,Unspecified,2016,WBS3R9C54GK338846,Dublin,OH
46995,62000,Unspecified,2016,WBS3R9C50GK337483,Beaverton,OR
42990,70519,Unspecified,2015,WBS3R9C51FK333683,Huntington Beach,CA
59800,32185,Unspecified,2018,WBS4Y9C56JAA85777,Chicago,IL
49990,33534,Unspecified,2015,WBS3U9C53FJ968330,Carrollton,TX
48908,30205,Unspecified,2015,WBS3R9C51FK330900,Blaine,MN
46991,40107,Unspecified,2015,WBS3R9C5XFK334203,Calabasas,CA
65995,15319,Unspecified,2018,WBS4Y9C53JAC87217,Seattle,WA
61995,9681,Unspecified,2019,WBS4Y9C50KAH82914,Costa Mesa,CA
54998,17649,Unspecified,2016,WBS3R9C55GK708265,San Rafael,CA
43499,66003,Unspecified,2015,WBS3R9C59FK330238,Green Brook,NJ
68995,25545,Unspecified,2019,WBS4Y9C50KAG67505,Portland,OR
75084,11673,Unspecified,2019,WBS4Z9C59KEJ63666,Coconut Creek,FL
42999,62051,Unspecified,2016,WBS3R9C59GK337367,Corona,CA
57900,15789,Unspecified,2016,WBS3R9C50GK338875,Evansville,IN
49995,47826,Unspecified,2017,WBS3R9C55HK709076,Charlotte,NC
73992,10186,Unspecified,2020,WBS4Y9C00LFH51302,Maitland,FL
58490,11431,Unspecified,2018,WBS4Y9C58JAG66715,Jamaica,NY
48649,31467,Unspecified,2016,WBS3R9C51GK337346,Santa Clara,CA
60989,50073,Unspecified,2018,WBS4Z9C50JEA24494,Barrington,IL
53790,26928,Unspecified,2016,WBS3R9C55GK338063,El Monte,CA
47998,48038,Unspecified,2016,WBS3R9C51GK708165,Wichita,KS
77888,4030,Unspecified,2020,WBS4Y9C07LFH83602,Houston,TX
67993,28396,Unspecified,2019,WBS4Y9C56KAG67234,Chicago,IL
77700,9375,Unspecified,2019,WBS4Z9C56KEJ63771,Tenafly,NJ
66987,27680,Unspecified,2018,WBS4Z9C50JED31227,Barrington,IL
47995,30533,Unspecified,2015,WBS3R9C52FK331036,San Jose,CA
72988,15442,Unspecified,2020,WBS4Y9C0XLFH57883,Norwood,MA
77990,4828,Unspecified,2020,WBS4Y9C01LAH83088,Indianapolis,IN
57942,20290,Unspecified,2016,WBS3R9C58GK337473,Peoria,IL
77777,11174,Unspecified,2020,WBS4Y9C0XLFH91175,Sacramento,CA
58490,29730,Unspecified,2018,WBS4Y9C5XJAA85331,Plano,TX
65764,21339,Unspecified,2018,WBS4Y9C54JAC88067,Melbourne,FL
57000,26168,Unspecified,2017,WBS3R9C57HK709743,Parsippany,NJ
62991,33680,Unspecified,2018,WBS4Y9C53JAA92492,Albuquerque,NM
77996,10982,Unspecified,2020,WBS4Y9C03LFH69633,Lynnwood,WA
47952,21252,Unspecified,2015,WBS3R9C52FK332381,Mountain View,CA
51690,38171,Unspecified,2016,WBS3R9C59GK337207,El Monte,CA
59990,40819,Unspecified,2018,WBS4Y9C52JAA85632,Carrollton,TX
94995,2833,Unspecified,2020,WBS4Y9C05LFJ62999,Villa Park,IL
65900,19045,Unspecified,2018,WBS4Y9C51JAG62957,Westborough,MA
42995,70624,Unspecified,2016,WBS3R9C5XGK337930,Fremont,CA
45000,56907,Unspecified,2015,WBS3R9C59FF708535,Parsippany,NJ
81995,1840,Unspecified,2021,WBS53AZ02MCG68520,Dallas,TX
69990,9266,Unspecified,2019,WBS4Y9C56KAG67671,Sarasota,FL
53591,32311,Unspecified,2016,WBS3R9C55GK338922,Reno,NV
66014,14058,Unspecified,2018,WBS4Y9C59JAC87951,Fenton,MO
63552,34681,Unspecified,2018,WBS4Y9C53JAC88013,Santa Monica,CA
58995,24381,Unspecified,2017,WBS3U9C36HP971169,Teterboro,NJ
52888,29454,Unspecified,2015,WBS3R9C53FK329876,San Jose,CA
49690,43700,Unspecified,2016,WBS3R9C55GK335874,Charlotte,NC
49995,41044,Unspecified,2016,WBS3R9C5XGK338267,Roseville,CA
57985,45834,Unspecified,2018,WBS4Y9C59JAA85501,Atlanta,GA
63995,15368,Unspecified,2018,WBS4Y9C58JAC87083,Glendale Heights,IL
74849,15006,Unspecified,2019,WBS4Z9C56KEJ63706,Plano,TX
54999,21268,Unspecified,2016,WBS3R9C51GK338142,Clifton,NJ
44991,73836,Unspecified,2016,WBS3R9C52GK336528,Linden,NJ
57999,60199,Unspecified,2018,WBS4Y9C59JAA92321,Tucson,AZ
45894,49364,Unspecified,2015,WBS3R9C55FK332391,Hillside,NJ
45990,48387,Unspecified,2015,WBS3R9C51FK329164,Portland,OR
68906,6403,Unspecified,2018,WBS4Y9C54JAC88117,Tallahassee,FL
81950,7414,Unspecified,2019,WBS4Z9C55KEJ63812,Mamaroneck,NY
56977,29205,Unspecified,2017,WBS3R9C59HK709498,Barrington,IL
63982,7691,Unspecified,2017,WBS3R9C54HK709361,White Plains,NY
72995,17053,Unspecified,2018,WBS4Z9C50JED30935,Maplewood,MN
60985,22145,Unspecified,2018,WBS4Y9C51JAC87846,Peoria,AZ
56900,43358,Unspecified,2017,WBS3U9C56HP970928,Gilbert,AZ
64999,36250,Unspecified,2018,WBS4Y9C55JAC87008,Houston,TX
54900,53484,Unspecified,2015,WBS3R9C53FK330672,Evansville,IN
62440,24758,Unspecified,2018,WBS4Y9C55JAA85950,Upper Saddle River,NJ
75990,12726,Unspecified,2019,WBS4Y9C55KAG66947,Indianapolis,IN
60991,20315,Unspecified,2017,WBS3U9C35HP971213,Alsip,IL
79798,7050,Unspecified,2020,WBS4Y9C04LFH29500,Allston,MA
45995,55855,Unspecified,2015,WBS3U9C5XFP968080,Raleigh,NC
82900,2450,Unspecified,2021,WBS53AZ01MCF97827,Gainesville,FL
67999,14979,Unspecified,2018,WBS4Y9C54JAC86691,Lakeland,FL
39995,72420,Unspecified,2015,WBS3U9C54FJ968563,The Woodlands,TX
58997,53267,Unspecified,2018,WBS4Y9C56JAC86434,Pelham,AL
47546,48269,Unspecified,2015,WBS3R9C52FK330372,Los Angeles,CA
67162,40532,Unspecified,2018,WBS4Z9C54JEA24434,Charlotte,NC
70995,8179,Unspecified,2019,WBS4Y9C5XKAG67432,Hasbrouck Heights,NJ
47995,45874,Unspecified,2015,WBS3R9C58FK331798,Houston,TX
49977,49703,Unspecified,2016,WBS3R9C57GK335648,Stafford,VA
45888,52052,Unspecified,2015,WBS3R9C57FK334305,Huntington Station,NY
44299,48859,Unspecified,2015,WBS3R9C55FK334500,Ramsey,NJ
45900,52526,Unspecified,2015,WBS3U9C50FP968203,Cerritos,CA
71691,30465,Unspecified,2018,WBS4Y9C58JAC87231,Marietta,GA
69999,44071,Unspecified,2019,WBS4Z9C5XKEJ63675,Morristown,NJ
68204,18189,Unspecified,2018,WBS4Z9C52JED22593,Fayetteville,NC
59999,32904,Unspecified,2016,WBS3R9C58GK336369,Sunnyvale,CA
77476,8756,Unspecified,2020,WBS4Y9C06LFH52129,Coral Springs,FL
61998,33041,Unspecified,2018,WBS4Y9C54JAA92551,Las Vegas,NV
60988,23251,Unspecified,2017,WBS3R9C58HK709606,Grapevine,TX
79950,2816,Unspecified,2021,WBS53AZ06MCG16257,Roswell,GA
64212,28354,Unspecified,2018,WBS4Y9C54JAA85650,Cayce,SC
44790,32229,Unspecified,2016,WBS3R9C55GK337091,Salt Lake City,UT
47995,62074,Unspecified,2016,WBS3R9C55GK335597,Wall Township,NJ
77900,5144,Unspecified,2020,WBS4Y9C08LFH57932,Brighton,MA
52990,15938,Unspecified,2016,WBS3R9C5XGK337488,Freehold,NJ
57985,30152,Unspecified,2018,WBS4Y9C54JAA85664,Encino,CA
56990,15177,Unspecified,2016,WBS3R9C59GK335618,Portland,OR
71989,5394,Unspecified,2020,WBS4Y9C0XLFJ67924,Alexandria,VA
65980,5181,Unspecified,2018,WBS4Y9C5XJAC85996,Beaumont,TX
41991,94798,Unspecified,2016,WBS3R9C54GK336739,Dallas,TX
44995,81018,Unspecified,2015,WBS3R9C56FK330438,Milwaukie,OR
48999,37489,Unspecified,2015,WBS3R9C51FK330251,Concord,NC
53499,38085,Unspecified,2017,WBS3R9C57HK709547,San Jose,CA
48500,51213,Unspecified,2015,WBS3R9C5XFK332855,Cerritos,CA
73950,25051,Unspecified,2020,WBS4Y9C01LFH38896,Miami,FL
75900,7086,Unspecified,2020,WBS4Y9C01LFH51163,San Antonio,TX
62981,22481,Unspecified,2018,WBS4Y9C55JAC86618,Sterling,VA
55900,21354,Unspecified,2015,WBS3R9C59FK334709,Cerritos,CA
49999,37203,Unspecified,2015,WBS3R9C52FK334910,Clifton,NJ
59999,14595,Unspecified,2018,WBS4Y9C51JAC87149,Orlando,FL
61991,15327,Unspecified,2017,WBS3R9C31HA014453,Allentown,PA
43998,57454,Unspecified,2015,WBS3R9C57FK330447,Jacksonville,FL
61995,30006,Unspecified,2018,WBS4Z9C5XJED22566,Teterboro,NJ
44997,57982,Unspecified,2015,WBS3R9C56FK333422,Phoenix,AZ
68999,16362,Unspecified,2019,WBS4Y9C58KAG67106,Tucson,AZ
69635,8144,Unspecified,2018,WBS4Z9C53JED22537,Arden,NC
62000,18046,Unspecified,2018,WBS4Y9C54JAC88182,N/A,N/A
36995,53484,Unspecified,2015,WBS3U9C54FP967765,N/A,N/A
74997,3212,Unspecified,2020,WBS4Y9C04LFH53988,N/A,N/A
62977,12016,Unspecified,2018,WBS4Z9C51JED22990,N/A,N/A
65980,18102,Unspecified,2018,WBS4Y9C57JAG66723,N/A,N/A
44000,60140,Unspecified,2015,WBS3R9C58FF708610,N/A,N/A
56947,44834,Unspecified,2018,WBS4Y9C52JAC87614,N/A,N/A
68997,25320,Unspecified,2019,WBS4Y9C57KAG67291,N/A,N/A
52747,45076,Unspecified,2016,WBS3R9C57GK336721,N/A,N/A
74250,5157,Unspecified,2019,WBS4Y9C54KAG67104,N/A,N/A
73787,14824,Unspecified,2020,WBS4Y9C00LFJ62859,N/A,N/A
52899,14990,Unspecified,2016,WBS3R9C54GK337938,N/A,N/A
