Price,Miles,Trim,Year,Vin,City,State
88995,17089,Base,2018,WBSJF0C53JB283731,Honolulu,HI
93900,12810,Base,2019,WBSJF0C51KB284149,El Cajon,CA
89846,3282,Base,2018,WBSJF0C58JB282199,Falmouth,ME
87994,8553,Base,2019,WBSJF0C53KB284458,Virginia Beach,VA
80995,41840,Base,2018,WBSJF0C53JB283907,Irvine,CA
73988,40597,Base,2018,WBSJF0C59JB282146,Middletown,RI
73999,49288,Base,2018,WBSJF0C52JB282036,Crystal Lake,IL
77675,33088,Base,2018,WBSJF0C56JB282721,Milwaukee,WI
71896,44239,Base,2018,WBSJF0C58JB282168,Butler,NJ
91250,10464,Base,2019,WBSJF0C53KB447268,Melbourne,FL
95995,9788,Base,2019,WBSJF0C52KB447777,Harriman,NY
84500,30546,Base,2019,WBSJF0C56KB285684,Brighton,MA
81476,23836,Base,2018,WBSJF0C59JB283717,Arlington Heights,IL
95711,8307,Base,2019,WBSJF0C57KB446950,Tampa,FL
92544,9660,Base,2019,WBSJF0C54KB447070,Tampa,FL
89987,7996,Base,2019,WBSJF0C50KB446840,Brooklyn,NY
86200,31622,Base,2019,WBSJF0C50KB285339,Wexford,PA
79303,24412,Base,2018,WBSJF0C54JB283107,Coral Springs,FL
80977,36579,Base,2018,WBSJF0C5XJB282107,Barrington,IL
93990,17600,Base,2019,WBSJF0C53KB447660,Saint Louis,MO
78995,29659,Base,2018,WBSJF0C50JB283962,Beaverton,OR
98495,10041,Base,2019,WBSJF0C57KB285449,Suitland,MD
85850,21706,Base,2018,WBSJF0C5XJB282169,Fishers,IN
87800,14114,Base,2019,WBSJF0C50KB447244,Wexford,PA
89977,10510,Base,2019,WBSJF0C51KB447303,Barrington,IL
72998,49589,Base,2018,WBSJF0C58JB283188,West Palm Beach,FL
88995,17089,Base,2018,WBSJF0C53JB283731,Honolulu,HI
77588,42855,Base,2018,WBSJF0C5XJB283323,Saint Louis,MO
93527,14181,Base,2019,WBSJF0C5XKB284232,Clarendon Hills,IL
84497,21104,Base,2019,WBSJF0C52KB285908,Danbury,CT
86371,24055,Base,2018,WBSJF0C58JB283076,Silver Spring,MD
113500,3052,Base,2021,WBS83CH03MCF70025,Melbourne,FL
87997,19862,Base,2018,WBSJF0C52JB283946,San Luis Obispo,CA
82921,24878,Base,2018,WBSJF0C59JB282003,North Charleston,SC
118999,1742,Base,2021,WBS83CH06MCG85959,Livonia,MI
75990,30500,Base,2018,WBSJF0C56JG577465,Valley Stream,NY
99539,11782,Base,2019,WBSJF0C57KB447712,Topeka,KS
83977,26637,Base,2018,WBSJF0C55JB282306,Barrington,IL
82995,36978,Base,2018,WBSJF0C51JB282660,West Palm Beach,FL
90891,9535,Base,2019,WBSJF0C55KB448373,Fife,WA
97999,12725,Base,2019,WBSJF0C52KB447147,Countryside,IL
82990,37410,Base,2018,WBSJF0C58JB283918,Bakersfield,CA
84980,18973,Base,2018,WBSJF0C5XJB282480,Schererville,IN
94985,16384,Base,2019,WBSJF0C5XKB447915,Towson,MD
91990,13344,Base,2019,WBSJF0C55KB284316,Concord,CA
102495,3595,Base,2019,WBSJF0C54KB285862,Suitland,MD
95900,15331,Base,2019,WBSJF0C58KB285329,Warrenville,IL
86480,47971,Base,2018,WBSJF0C5XJB283810,Macon,GA
91491,3697,Base,2018,WBSJF0C50JB282522,Louisville,KY
81475,43561,Base,2018,WBSJF0C58JB283630,Schaumburg,IL
95995,23367,Base,2019,WBSJF0C54KB446808,West Palm Beach,FL
89874,13639,Base,2019,WBSJF0C50KB285065,North Miami Beach,FL
85900,21820,Base,2018,WBSJF0C5XJB282849,Ridgeland,MS
88888,22824,Base,2018,WBSJF0C55JB283228,Des Plaines,IL
79699,37466,Base,2018,WBSJF0C56JB282539,Streetsboro,OH
82950,44640,Base,2018,WBSJF0C59JB283040,Shrewsbury,MA
88507,19964,Base,2018,WBSJF0C5XJB282740,Fort Lauderdale,FL
79996,24600,Base,2018,WBSJF0C52JB282179,Saint James,NY
89950,28823,Base,2018,WBSJF0C59JB282485,Miami,FL
100241,8801,Base,2019,WBSJF0C57KB284155,Springfield,MO
99885,8038,Base,2019,WBSJF0C5XKB448627,N/A,N/A
88888,31574,Base,2019,WBSJF0C5XKB284781,N/A,N/A
85950,6956,Base,2018,WBSJF0C57JB283523,N/A,N/A
99995,6698,Competition,2019,WBSJF0C51KB447270,Rocklin,CA
87995,27395,Competition,2019,WBSJF0C56KB284986,Teterboro,NJ
92995,22930,Competition,2019,WBSJF0C55KB284185,Lake Bluff,IL
97591,23685,Competition,2020,WBSJF0C09LCE38769,Carrollton,TX
87985,27706,Competition,2020,WBSJF0C02LCE42789,Jacksonville,FL
94500,10001,Competition,2019,WBSJF0C55KB446607,Archbold,OH
91850,25003,Competition,2019,WBSJF0C59KB447002,Shrewsbury,MA
94500,26736,Competition,2019,WBSJF0C5XKB448367,Brighton,MA
97900,4010,Competition,2019,WBSJF0C55KB448566,Barrington,IL
92995,14090,Competition,2019,WBSJF0C51KB285849,Costa Mesa,CA
89675,20388,Competition,2019,WBSJF0C53KB448095,Knoxville,TN
92886,17012,Competition,2019,WBSJF0C52KB446712,Bloomington,MN
92887,23341,Competition,2019,WBSJF0C53KB285240,Edmond,OK
102855,8322,Competition,2020,WBSJF0C05LCE48005,Murrieta,CA
91991,25090,Competition,2019,WBSJF0C52KB284709,Houston,TX
91990,19490,Competition,2019,WBSJF0C53KB285142,Indian Trail,NC
99999,15680,Competition,2020,WBSJF0C06LCD43862,Alexandria,VA
115933,1764,Competition,2021,WBS83CH07MCF86342,Akron,OH
110000,6046,Competition,2020,WBSJF0C07LCD27590,West Melbourne,FL
92998,20152,Competition,2019,WBSJF0C51KB446684,Rochester,MN
91999,23020,Competition,2019,WBSJF0C58KB448044,San Antonio,TX
95991,17680,Competition,2019,WBSJF0C57KB447516,Los Gatos,CA
89998,32227,Competition,2019,WBSJF0C54KB446758,Doral,FL
102980,9028,Competition,2019,WBSJF0C50KB284160,Cincinnati,OH
92564,15908,Competition,2019,WBSJF0C52KB284385,Norwood,MA
92564,15908,Competition,2019,WBSJF0C52KB284385,Norwood,MA
91990,24066,Competition,2019,WBSJF0C50KB285308,Valley Stream,NY
90999,13890,Competition,2019,WBSJF0C51KB285527,Plymouth,WI
119997,8632,Competition,2020,WBSJF0C05LCD40046,Sacramento,CA
104995,2892,Competition,2019,WBSJF0C55KB285594,Henderson,NV
104995,6837,Competition,2019,WBSJF0C55KB285840,Dallas,TX
101989,10621,Competition,2019,WBSJF0C58KB446715,Streetsboro,OH
99994,14432,Competition,2019,WBSJF0C51KB285057,Scottsdale,AZ
118901,3499,Competition,2020,WBSJF0C03LCE24916,Salt Lake City,UT
110000,16859,Competition,2020,WBSJF0C02LCD90323,Canton,OH
97000,11633,Competition,2019,WBSJF0C53KB446766,Scottsdale,AZ
109998,5164,Competition,2019,WBSJF0C52KB448573,Lynnwood,WA
102800,15777,Competition,2019,WBSJF0C57KB447354,Rockville,MD
99000,13888,Competition,2019,WBSJF0C55KB284350,Scottsdale,AZ
113995,908,Competition,2020,WBSJF0C08LCE65493,The Woodlands,TX
114850,3969,Competition,2021,WBS83CH02MCE95625,Bellingham,WA
105900,4681,Competition,2019,WBSJF0C54KB447845,Cerritos,CA
94996,19898,Competition,2019,WBSJF0C53KB285268,Charlotte,NC
99995,17689,Competition,2020,WBSJF0C06LCD26026,N/A,N/A
80495,42693,Unspecified,2018,WBSJF0C53JB283650,Dallas,TX
81000,31946,Unspecified,2018,WBSJF0C58JB282641,Berkeley,CA
90999,28629,Unspecified,2019,WBSJF0C5XKB447414,Sacramento,CA
77991,36991,Unspecified,2018,WBSJF0C57JB282971,Southborough,MA
74900,39516,Unspecified,2018,WBSJF0C56JB281990,Concord,CA
33000,79955,Unspecified,2013,WBSFV9C56DD096943,San Francisco,CA
30991,115584,Unspecified,2013,WBSFV9C58DD096538,Manassas,VA
96795,5730,Unspecified,2020,WBSJF0C02LCD69892,Paramus,NJ
91898,15645,Unspecified,2019,WBSJF0C55KB284218,Chandler,AZ
83990,29482,Unspecified,2018,WBSJF0C5XJB283399,Weston,FL
80590,25494,Unspecified,2018,WBSJF0C56JB282203,Boulder,CO
79405,26283,Unspecified,2018,WBSJF0C53JB282465,El Paso,TX
34995,71540,Unspecified,2013,WBSFV9C59DC773344,Fontana,CA
95988,10659,Unspecified,2020,WBSJF0C03LCD76446,Carrollton,TX
91995,15432,Unspecified,2019,WBSJF0C54KB447828,Cleveland,OH
79995,24161,Unspecified,2018,WBSJF0C52JB283428,Birmingham,MI
85608,26275,Unspecified,2019,WBSJF0C5XKB448059,Chattanooga,TN
92774,6242,Unspecified,2018,WBSJF0C52JB283395,Downers Grove,IL
38500,77376,Unspecified,2014,WBSFV9C59ED593146,Baton Rouge,LA
77988,31236,Unspecified,2018,WBSJF0C52JB283302,Garland,TX
48499,66463,Unspecified,2016,WBSFV9C58GD595490,San Jose,CA
79898,29359,Unspecified,2018,WBSJF0C51JB282707,Allston,MA
40500,73480,Unspecified,2014,WBSFV9C50ED593620,Lakeside,CA
101900,4199,Unspecified,2020,WBSJF0C08LCD26156,Brighton,MA
89900,12235,Unspecified,2019,WBSJF0C50KB284272,Concord,CA
84999,12589,Unspecified,2018,WBSJF0C51JB282545,Darien,CT
34995,79787,Unspecified,2014,WBSFV9C57ED097424,Sumner,WA
29995,106156,Unspecified,2013,WBSFV9C50DD096727,Haltom City,TX
79000,35231,Unspecified,2018,WBSJF0C52JB282599,Berkeley,CA
82000,21810,Unspecified,2018,WBSJF0C59JB283152,Bonner Springs,KS
89924,9498,Unspecified,2018,WBSJF0C58JB284079,Phoenix,AZ
18995,68972,Unspecified,2006,WBSNB93556CX06117,Fort Worth,TX
33995,88807,Unspecified,2013,WBSFV9C53DD095877,Roseville,CA
18500,107658,Unspecified,2006,WBSNB93586B582995,Stuart,FL
101990,8090,Unspecified,2020,WBSJF0C00LCE13212,Catonsville,MD
84985,24844,Unspecified,2019,WBSJF0C59KB447923,Orlando,FL
54995,29637,Unspecified,2016,WBSFV9C53GD595557,Oakland,CA
95990,10069,Unspecified,2019,WBSJF0C59KB448263,Turnersville,NJ
19995,98110,Unspecified,2008,WBSNB93558CX10090,Fairfax,VA
48465,59812,Unspecified,2016,WBSFV9C56GD595715,Libertyville,IL
84995,18801,Unspecified,2018,WBSJF0C50JB283301,San Antonio,TX
37200,70833,Unspecified,2013,WBSFV9C53DD095409,Summerville,SC
23991,60870,Unspecified,2008,WBSNB93528CX09723,Jacksonville,FL
85777,13943,Unspecified,2018,WBSJF0C51JB284067,Boerne,TX
53659,44420,Unspecified,2016,WBSFV9C5XGG343478,Houston,TX
89995,5320,Unspecified,2019,WBSJF0C5XKB448112,Fort Wayne,IN
89900,27214,Unspecified,2019,WBSJF0C56KB446714,Costa Mesa,CA
81550,33182,Unspecified,2018,WBSJF0C58JB282977,Englewood,CO
93900,14909,Unspecified,2019,WBSJF0C56KB285782,Costa Mesa,CA
58499,34154,Unspecified,2016,WBSFV9C52GG343684,New Hope,MN
56998,7917,Unspecified,2016,WBSFV9C53GG343676,Doral,FL
79347,21876,Unspecified,2018,WBSJF0C55JB281964,Santa Monica,CA
52798,45837,Unspecified,2016,WBSFV9C56GD595679,Allston,MA
85888,26073,Unspecified,2018,WBSJF0C5XJB282432,Grapevine,TX
86999,28023,Unspecified,2019,WBSJF0C50KB284899,Fairfax,VA
17895,98188,Unspecified,2006,WBSNB93536B583908,Alsip,IL
22400,68731,Unspecified,2008,WBSNB93538CX08726,Aurora,CO
95980,16780,Unspecified,2019,WBSJF0C57KB284396,Cincinnati,OH
14999,106050,Unspecified,2007,WBSNB93587CX06873,Nampa,ID
84900,27349,Unspecified,2019,WBSJF0C58KB284147,Fort Lauderdale,FL
42777,62196,Unspecified,2015,WBSFV9C50FD594610,Prosper,TX
81950,17990,Unspecified,2018,WBSJF0C57JB282467,Lewisville,TX
29995,107284,Unspecified,2013,WBSFV9C55DD096481,Spotsylvania,VA
39999,57191,Unspecified,2013,WBSFV9C5XDD096606,Des Plaines,IL
38995,62514,Unspecified,2013,WBSFV9C52DD096860,Streamwood,IL
17000,141000,Unspecified,2008,WBSNB93538CX08340,Modesto,CA
105000,3453,Unspecified,2020,WBSJF0C04LCD75306,Canton,OH
84585,28395,Unspecified,2018,WBSJF0C54JB282927,Vista,CA
43375,72150,Unspecified,2015,WBSFV9C50FD595045,Fresno,CA
81990,19646,Unspecified,2018,WBSJF0C59JB283054,Tampa,FL
89975,27458,Unspecified,2019,WBSJF0C5XKB285123,Hyannis,MA
88997,24448,Unspecified,2019,WBSJF0C52KB284287,Morristown,NJ
49995,65890,Unspecified,2016,WBSFV9C54GD595664,San Luis Obispo,CA
83999,24088,Unspecified,2018,WBSJF0C55JB284038,Fort Myers,FL
41048,65656,Unspecified,2015,WBSFV9C59FD595139,San Luis Obispo,CA
25900,71344,Unspecified,2008,WBSNB93518CX09213,Indianapolis,IN
79999,49281,Unspecified,2019,WBSJF0C58KB285024,Los Angeles,CA
30900,102275,Unspecified,2013,WBSFV9C5XDC772896,Tucson,AZ
29995,109490,Unspecified,2013,WBSFV9C51DC773421,Midvale,UT
34985,86574,Unspecified,2013,WBSFV9C52DD096518,Massapequa,NY
27990,154772,Unspecified,2001,WBSDE93481BZ99326,Sun Valley,CA
27995,140880,Unspecified,2002,WBSDE93432CF90455,Virginia Beach,VA
43399,77846,Unspecified,2015,WBSFV9C59FD594704,Colton,CA
99990,5695,Unspecified,2020,WBSJF0C00LCD77795,Freehold,NJ
39602,57909,Unspecified,2013,WBSFV9C50DC772700,Noblesville,IN
93000,16851,Unspecified,2019,WBSJF0C55KB284204,Sterling,VA
82800,29824,Unspecified,2018,WBSJF0C52JB282568,Chicago,IL
84987,13236,Unspecified,2018,WBSJF0C56JB283383,Highlands Ranch,CO
91990,10767,Unspecified,2019,WBSJF0C56KB284230,Great Neck,NY
84000,31589,Unspecified,2018,WBSJF0C50JB282889,Encinitas,CA
59988,32339,Unspecified,2016,WBSFV9C54GD595440,Buford,GA
36990,87377,Unspecified,2013,WBSFV9C59DD096547,Willow Grove,PA
85450,17069,Unspecified,2018,WBSJF0C50JB282083,Santa Monica,CA
42777,57039,Unspecified,2014,WBSFV9C58ED593882,Houston,TX
18499,101789,Unspecified,2006,WBSNB93546B581584,Capitol Heights,MD
84950,21653,Unspecified,2018,WBSJF0C59JB282163,King Of Prussia,PA
20950,81095,Unspecified,2009,WBSNB93539CX10994,Rancho Cordova,CA
41975,49252,Unspecified,2014,WBSFV9C54ED097512,El Paso,TX
54900,31847,Unspecified,2015,WBSFV9C51FD595068,Bellevue,WA
94884,25203,Unspecified,2020,WBSJF0C04LCD20712,Frisco,TX
94884,25203,Unspecified,2020,WBSJF0C04LCD20712,Frisco,TX
27997,129050,Unspecified,2003,WBSDE93453CF91995,Hickory,NC
42590,43354,Unspecified,2013,WBSFV9C58DC772637,Phoenix,AZ
89999,25048,Unspecified,2018,WBSJF0C59JB282552,N Miami Beach,FL
24000,65221,Unspecified,2006,WBSNB93506CX06462,Noblesville,IN
61500,27326,Unspecified,2016,WBSFV9C50GD595788,Grand Rapids,MI
84995,18282,Unspecified,2018,WBSJF0C53JB283339,Buda,TX
82991,27417,Unspecified,2018,WBSJF0C53JB283230,Dallas,TX
49499,32386,Unspecified,2015,WBSFV9C52FD595418,Worthington,OH
101487,12388,Unspecified,2020,WBSJF0C04LCD95829,Durham,NC
14555,137002,Unspecified,2006,WBSNB93596B582603,Duluth,GA
47991,50665,Unspecified,2015,WBSFV9C57FD595091,Lewisville,TX
39995,50473,Unspecified,2013,WBSFV9C50DC773653,Everett,WA
84998,17525,Unspecified,2018,WBSJF0C53JB282871,Rancho Cordova,CA
108888,12438,Unspecified,2019,WBSJF0C5XKB446649,Palm Springs,CA
92599,12045,Unspecified,2019,WBSJF0C58KB448223,Torrance,CA
83850,15273,Unspecified,2018,WBSJF0C50JB282049,Redwood City,CA
73894,39803,Unspecified,2018,WBSJF0C56JB282329,Hillside,NJ
44995,62414,Unspecified,2014,WBSFV9C59ED594023,Seattle,WA
89000,25692,Unspecified,2018,WBSJF0C56JB283741,Cerritos,CA
84495,32899,Unspecified,2018,WBSJF0C57JB282775,Delray Beach,FL
97500,25907,Unspecified,2020,WBSJF0C00LCD03034,Mamaroneck,NY
39950,86962,Unspecified,2014,WBSFV9C52ED593957,Holbrook,MA
88992,22932,Unspecified,2018,WBSJF0C50JB282777,Fremont,CA
57491,26788,Unspecified,2016,WBSFV9C55GG343646,Flint,MI
45828,64484,Unspecified,2015,WBSFV9C57FD594975,Topeka,KS
73772,50178,Unspecified,2018,WBSJF0C5XJB283502,Jacksonville,FL
112995,10190,Unspecified,2021,WBS83CH04MCF22520,Pleasant Grove,UT
104996,16316,Unspecified,2020,WBSJF0C03LB449074,Bellevue,WA
89900,16420,Unspecified,2019,WBSJF0C54KB284355,Anaheim,CA
37995,55758,Unspecified,2013,WBSFV9C5XDC772994,Orlando,FL
84950,20652,Unspecified,2018,WBSJF0C52JB282442,Tulsa,OK
88433,13851,Unspecified,2018,WBSJF0C5XJB283094,Phoenix,AZ
50709,35182,Unspecified,2015,WBSFV9C51FD594745,Atlanta,GA
19888,102615,Unspecified,2006,WBSNB935X6B583436,Palatine,IL
39998,78255,Unspecified,2014,WBSFV9C53ED592977,Sacramento,CA
48995,39771,Unspecified,2015,WBSFV9C57FD595205,Winter Park,FL
92995,17247,Unspecified,2019,WBSJF0C58KB285850,Newton,NJ
19998,118254,Unspecified,2006,WBSNB93526B584046,Rancho Cordova,CA
42888,75551,Unspecified,2014,WBSFV9C53ED593384,Concord,CA
89995,43480,Unspecified,2001,WBSDE934X1BZ97707,Rancho Santa Fe,CA
94995,47013,Unspecified,2019,WBSJF0C59KB447646,Chandler,AZ
83990,32696,Unspecified,2018,WBSJF0C51JB283954,Las Vegas,NV
19995,90768,Unspecified,2009,WBSNB93509C043088,Frederick,MD
71680,49268,Unspecified,2018,WBSJF0C51JB283257,Massapequa Park,NY
89987,19456,Unspecified,2019,WBSJF0C52KB285293,Fenton,MO
42000,68607,Unspecified,2014,WBSFV9C5XED097594,Cornelius,NC
44820,67126,Unspecified,2015,WBSFV9C59FD594668,Reno,NV
28888,52514,Unspecified,2006,WBSNB93576B582048,San Diego,CA
26490,53961,Unspecified,2006,WBSNB93516B581722,Gaithersburg,MD
87431,57397,Unspecified,2018,WBSJF0C54JB283592,Charlotte,NC
56995,28146,Unspecified,2016,WBSFV9C5XGG343335,Fort Lauderdale,FL
97999,13147,Unspecified,2019,WBSJF0C54KB284243,Ramsey,NJ
89999,16895,Unspecified,2019,WBSJF0C55KB285661,Clifton,NJ
83877,44380,Unspecified,2018,WBSJF0C58JB283885,Encinitas,CA
102950,13376,Unspecified,2020,WBSJF0C00LCE03652,Miami,FL
84999,38247,Unspecified,2019,WBSJF0C55KB447157,Ramsey,NJ
88988,42650,Unspecified,2018,WBSJF0C53JB283518,Buford,GA
49990,61392,Unspecified,2014,WBSFV9C52ED097699,Costa Mesa,CA
68881,54525,Unspecified,2018,WBSJF0C50JB282164,Avenel,NJ
98995,15530,Unspecified,2018,WBSJF0C56JB282959,Wilmington,NC
50900,44969,Unspecified,2014,WBSFV9C56ED593900,Knoxville,TN
58000,6735,Unspecified,2013,WBSFV9C50DC773426,Santa Barbara,CA
96882,3437,Unspecified,2018,WBSJF0C57JB283053,Downers Grove,IL
27900,117368,Unspecified,1991,WBSHD9312MBK05810,Tempe,AZ
94000,23620,Unspecified,2019,WBSJF0C50KB284269,Scottsdale,AZ
92950,17726,Unspecified,2018,WBSJF0C50JB284061,Miami,FL
81988,29504,Unspecified,2018,WBSJF0C59JB282700,Norwood,MA
38995,62457,Unspecified,2014,WBSFV9C59ED593292,Roslyn Heights,NY
20500,82277,Unspecified,2006,WBSNB93516B583342,Chantilly,VA
20995,118177,Unspecified,2009,WBSNB93529CX10971,Indianapolis,IN
53100,33499,Unspecified,2015,WBSFV9C54FD594528,Dublin,OH
77500,54423,Unspecified,2013,WBSFV9C50DC772471,San Jose,CA
88500,35411,Unspecified,2018,WBSJF0C51JB283324,Atlanta,GA
86777,26489,Unspecified,2018,WBSJF0C50JB283573,Eugene,OR
107998,18332,Unspecified,2019,WBSJF0C51KB447852,Fife,WA
32991,101589,Unspecified,2008,WBSNB935X8CX10683,Manassas,VA
107000,2700,Unspecified,2019,WBSJF0C58KB284214,Pompano Beach,FL
89495,11639,Unspecified,2018,WBSJF0C59JB282695,Akron,OH
88995,9850,Unspecified,2018,WBSJF0C5XJB282737,Glendale Heights,IL
89998,16777,Unspecified,2019,WBSJF0C57KB447015,Lynnwood,WA
58998,51884,Unspecified,2014,WBSFV9C56ED593962,Lynnwood,WA
52963,53080,Unspecified,2014,WBSFV9C52ED593165,Longmont,CO
59995,43102,Unspecified,2000,WBSDE9343YBZ95162,Wilmington,DE
104884,9896,Unspecified,2020,WBSJF0C05LB448931,Bellevue,WA
119991,10779,Unspecified,2021,WBS83CH03MCF62930,Urbandale,IA
27999,71135,Unspecified,2010,WBSNB9C53AC043414,Kent,WA
69997,57075,Unspecified,1993,WBSHD9315PBK06566,Hickory,NC
52800,42482,Unspecified,2015,WBSFV9C5XFD594677,Avondale,AZ
24999,67980,Unspecified,2006,WBSNB93596CX06489,Roswell,GA
39987,84231,Unspecified,2013,WBSFV9C55DC772255,Buffalo Grove,IL
49500,42217,Unspecified,2013,WBSFV9C58DC772654,Bloomington,IN
52990,31591,Unspecified,2014,WBSFV9C50ED097734,Sarasota,FL
59995,33725,Unspecified,2013,WBSFV9C54DD096343,Hasbrouck Heights,NJ
104990,988,Unspecified,2021,WBS83CH08MCF77844,Bluffton,SC
94995,15265,Unspecified,2018,WBSJF0C54JB283138,Knoxville,TN
42990,74953,Unspecified,2014,WBSFV9C56ED594111,Countryside,IL
94989,34157,Unspecified,2019,WBSJF0C50KB447681,Doylestown,PA
91999,10731,Unspecified,2019,WBSJF0C52KB447519,Fort Myers,FL
26480,98090,Unspecified,2009,WBSNB93529CX10937,Daytona Beach,FL
75986,31870,Unspecified,2018,WBSJF0C55JB282645,Cleveland,OH
39900,41000,Unspecified,2012,WBSFV9C53CC772317,Glenshaw,PA
41998,35716,Unspecified,2013,WBSFV9C50DC772759,Lynnwood,WA
44995,58102,Unspecified,2008,WBSNB93508CX09560,Orlando,FL
37495,31510,Unspecified,2007,WBSNB935X7CX07295,Akron,OH
37900,58000,Unspecified,2012,WBSFV9C58CC772393,Glenshaw,PA
49900,37630,Unspecified,2013,WBSFV9C50DD096257,Nashville,TN
49000,44521,Unspecified,2015,WBSFV9C57FD594295,Lansing,IL
49885,88119,Unspecified,2014,WBSFV9C51ED593528,Daly City,CA
87995,15062,Unspecified,2018,WBSJF0C51JB282870,Pleasant Grove,UT
50462,45712,Unspecified,2014,WBSFV9C58ED097805,Reno,NV
92900,20159,Unspecified,2019,WBSJF0C53KB284699,Baton Rouge,LA
116995,3550,Unspecified,2021,WBS83CH01MCF22796,Totowa,NJ
49988,62702,Unspecified,2016,WBSFV9C52GD595775,Wilmington,NC
59990,43393,Unspecified,2003,WBSDE93403CF93783,Gaithersburg,MD
77900,29200,Unspecified,2002,WBSDE93472CF91267,Orlando,FL
43900,65802,Unspecified,2015,WBSFV9C57FD594670,North Plainfield,NJ
92500,15610,Unspecified,2019,WBSJF0C56KB448706,Bellingham,WA
88900,39108,Unspecified,2018,WBSJF0C50JG577462,Pompano Beach,FL
50976,39826,Unspecified,2014,WBSFV9C5XED593558,Tampa,FL
44995,56602,Unspecified,2014,WBSFV9C53ED097601,Edison,NJ
37500,78009,Unspecified,2014,WBSFV9C57ED593260,Mason,OH
87998,17038,Unspecified,2018,WBSJF0C58JB282980,Shrewsbury,MA
36995,61212,Unspecified,2012,WBSFV9C50CC772243,SADDLE BROOK,NJ
44900,72283,Unspecified,2016,WBSFV9C56GG343168,Greensboro,NC
54995,16785,Unspecified,2014,WBSFV9C55ED097437,Dallas,TX
59995,25262,Unspecified,2016,WBSFV9C5XGG343674,Bellevue,WA
113410,3387,Unspecified,2021,WBS83CH03MCF49403,Grapevine,TX
81990,26001,Unspecified,2018,WBSJF0C56JB283979,N/A,N/A
84950,14443,Unspecified,2018,WBSJF0C54JB282393,N/A,N/A
88537,10782,Unspecified,2018,WBSJF0C53JB282773,N/A,N/A
38500,113496,Unspecified,1993,WBSHD9310PBK06622,N/A,N/A
109988,5972,Unspecified,2021,WBS83CH09MCF70000,N/A,N/A
23950,95499,Unspecified,2010,WBSNB9C57AC043481,N/A,N/A
91002,21354,Unspecified,2019,WBSJF0C57KB446897,N/A,N/A
93999,17178,Unspecified,2019,WBSJF0C53KB285772,N/A,N/A
99747,9033,Unspecified,2020,WBSJF0C04LCD80540,N/A,N/A
77665,45472,Unspecified,2018,WBSJF0C50JB282892,N/A,N/A
88999,26948,Unspecified,2018,WBSJF0C50JB283024,N/A,N/A
67931,39909,Unspecified,2000,WBSDE9347YBZ94449,N/A,N/A
36999,109241,Unspecified,2002,WBSDE93452CF91672,N/A,N/A
51586,38986,Unspecified,2015,WBSFV9C59FD594380,N/A,N/A
47995,59362,Unspecified,2015,WBSFV9C56FD595342,N/A,N/A
27995,116851,Unspecified,2008,WBSNB93518CX09535,N/A,N/A
99447,25260,Unspecified,2019,WBSJF0C56KB447944,N/A,N/A
119995,9802,Unspecified,2021,WBS83CH00MCF80270,N/A,N/A
