Price,Miles,Trim,Year,Vin,City,State
76900,25372,500,2018,JTHHP5AY5JA001414,Roseville,CA
78896,13527,500,2018,JTHHP5AY5JA004829,El Cajon,CA
88750,3367,500,2020,JTHBP5AY2LA007566,Seaside,CA
74372,36571,500,2018,JTHHP5AY1JA001118,SACRAMENTO,CA
78900,13797,500,2018,JTHHP5AY8JA005778,Longwood,FL
74999,28015,500,2018,JTHHP5AY1JA003273,Dublin,OH
73995,21998,500,2018,JTHHP5AY2JA002990,Hollywood,FL
73990,37024,500,2018,JTHHP5AY7JA000653,Clarksville,AR
77000,13218,500,2018,JTHHP5AY8JA005702,Cerritos,CA
80744,9824,500,2018,JTHHP5AY5JA000425,Salisbury,MD
94220,4643,500,2021,JTHEP5AY8MA008221,Boca Raton,FL
72998,29135,500,2018,JTHHP5AY0JA001644,Houston,TX
79996,11104,500,2018,JTHHP5AY1JA001376,Dallas,TX
71900,24376,500,2018,JTHHP5AYXJA003238,Summit,NJ
80991,10445,500,2018,JTHHP5AY3JA001475,Seaside,CA
79990,13320,500,2018,JTHHP5AY6JA005858,Atlanta,GA
76998,12529,500,2018,JTHHP5AY1JA004973,Columbia,SC
79995,11908,500,2018,JTHHP5AY1JA000809,Greenwood Village,CO
97500,4225,500,2021,JTHEP5AY6MA008248,FORT WORTH,TX
77888,7445,500,2018,JTHHP5AY0JA005628,Colma,CA
73988,32962,500,2018,JTHHP5AY8JA000953,FREMONT,CA
74900,14259,500,2018,JTHHP5AY5JA003101,Rahway,NJ
76400,34001,500,2018,JTHHP5AY3JA003694,Westminster,CA
83591,11643,500,2018,JTHHP5AY2JA001693,Carrollton,TX
91900,2838,500,2020,JTHAP5AY9LA007740,Dayton,OH
73391,36907,500,2018,JTHHP5AY6JA001227,Spring,TX
75998,12328,500,2018,JTHHP5AY6JA002751,West Palm Beach,FL
94995,5068,500,2020,JTHAP5AY6LA008084,North Chesterfield,VA
64985,62270,500,2018,JTHHP5AY6JA001003,San Juan Capistrano,CA
77081,11540,500,2018,JTHHP5AY3JA001394,Rockwall,TX
79990,12554,500,2018,JTHHP5AY7JA000331,Dallas,TX
81495,11858,500,2018,JTHHP5AY6JA002104,Arlington Heights,IL
101991,1078,500,2021,JTHBP5AY7MA102125,Louisville,KY
82995,13995,500,2019,JTHHP5AY4KA006864,Van Nuys,CA
73500,11866,500,2018,JTHHP5AYXJA000954,Grand Rapids,MI
76900,26678,500,2018,JTHHP5AY6JA005214,Wayzata,MN
81779,26469,500,2018,JTHHP5AY4JA000609,El Cajon,CA
89999,4396,500,2020,JTHBP5AY9LA007810,Seaside,CA
79272,10588,500,2018,JTHHP5AY2JA002648,Knoxville,TN
79995,3481,500,2018,JTHHP5AY9JA005207,San Antonio,TX
79990,12998,500,2018,JTHHP5AY8JA000399,Geneva,NY
80749,24594,500,2018,JTHHP5AY6JA005360,San Antonio,TX
105777,1125,500,2021,JTHAP5AY7MA101701,Buford,GA
86988,6025,500,2018,JTHHP5AY0JA005046,Litchfield,MN
74588,39929,500,2018,JTHHP5AY7JA002127,Rockville Centre,NY
97999,2300,500,2021,JTHBP5AY1MA100063,TRACY,CA
77300,9531,500,2018,JTHHP5AY2JA005680,North Miami,FL
83500,9388,500,2018,JTHHP5AY0JA000395,Pompano Beach,FL
104998,1105,500,2021,JTHAP5AY1MA100012,Dallas,TX
83000,11828,500,2019,JTHHP5AY1KA007020,Cerritos,CA
79500,34790,500,2018,JTHHP5AY2JA001757,Lenoir,NC
82000,14884,500,2019,JTHHP5AY2KA006295,Cerritos,CA
89995,6575,500,2020,JTHBP5AY8LA007992,Sugar Land,TX
84000,12015,500,2019,JTHHP5AY1KA006952,Scottsdale,AZ
84950,8982,500,2018,JTHHP5AY7JA005979,Austin,TX
87498,7137,500,2018,JTHHP5AY9JA000850,Dallas,TX
78698,35091,500,2018,JTHHP5AY1JA001555,Pembroke Pines,FL
84998,18680,500,2018,JTHHP5AY6JA000952,Dallas,TX
92988,10602,500,2020,JTHBP5AY7LA007997,Garland,TX
84999,10584,500,2019,JTHHP5AY1KA006644,Irving,TX
81697,21099,500,2018,JTHHP5AY5JA005978,Charlotte,NC
82990,19125,500,2018,JTHHP5AY3JA002366,West Palm Beach,FL
76000,37404,500,2018,JTHHP5AYXJA001182,Las Vegas,NV
77391,21028,500,2018,JTHHP5AY6JA002748,SACRAMENTO,CA
81662,9197,500,2018,JTHHP5AY4JA000867,Irving,TX
119999,1079,500,2021,JTHKPAAY6MA101721,Sarasota,FL
82000,4438,500,2018,JTHHP5AY7JA003780,Fife,WA
85000,4972,500,2018,JTHHP5AY2JA004738,Grapevine,TX
87988,5543,500,2018,JTHHP5AY4JA005731,Fort Worth,TX
78777,22856,500,2018,JTHHP5AY9JA004929,Boerne,TX
82988,11848,500,2018,JTHHP5AY5JA005415,Delray Beach,FL
109699,545,500,2021,JTHKPAAY8MA101199,Charleston,SC
83900,4158,500,2018,JTHHP5AY4JA002716,Wayzata,MN
78800,18130,500,2018,JTHHP5AYXJA003630,Chicago,IL
78999,18402,500,2018,JTHHP5AY0JA000686,El Paso,TX
88223,6011,500,2018,JTHHP5AY6JA004306,Mission Viejo,CA
79495,13610,500,2018,JTHHP5AY3JA000892,Sewell,NJ
103900,1989,500,2021,JTHAP5AY4MA008313,Fort Wayne,IN
110950,2355,500,2021,JTHKPAAY6MA100715,Murfreesboro,TN
114950,544,500,2021,JTHKPAAY5MA101614,North Chesterfield,VA
81997,3606,500,2019,JTHHP5AY2KA006541,Davenport,IA
98998,6226,500,2021,JTHAP5AY2MA101153,Winston Salem,NC
109995,1882,500,2021,JTHKPAAY5MA100351,West Chester,OH
79890,21198,500,2018,JTHHP5AYXJA000484,Plano,TX
134888,160,500,2018,JTHHP5AY0JA004818,Costa Mesa,CA
93999,5963,500,2019,JTHHP5AY8KA006897,Plainfield,IL
89988,14496,500,2019,JTHHP5AY0KA007011,North Miami,FL
84950,6415,500,2018,JTHHP5AY7JA000250,Bellevue,WA
80995,5333,500,2018,JTHHP5AYXJA005975,Dallas,TX
79990,27083,500,2018,JTHHP5AY2JA001306,Dallas,TX
87990,11205,500,2019,JTHHP5AY1KA006305,West Palm Beach,FL
93850,3225,500,2020,JTHEP5AY8LA007343,Fishers,IN
81990,15156,500,2018,JTHHP5AY1JA000924,Atlanta,GA
77850,13138,500,2018,JTHHP5AY3JA004019,Fishers,IN
95000,14492,500,2020,JTHDP5AY2LA008015,Henderson,NV
84500,4636,500,2018,JTHHP5AY3JA003615,Scottsdale,AZ
86222,24534,500,2018,JTHHP5AY0JA004981,Carlsbad,CA
89988,12715,500,2018,JTHHP5AY6JA005679,Buford,GA
97998,7506,500,2020,JTHAP5AY9LA007690,Dallas,TX
81933,17518,500,2018,JTHHP5AY9JA003523,Portland,OR
82743,20864,500,2018,JTHHP5AY4JA002926,Lubbock,TX
89999,11150,500,2020,JTHBP5AY8LA007426,Brattleboro,VT
82995,5209,500,2018,JTHHP5AY5JA003857,Arlington Heights,IL
81850,19839,500,2018,JTHHP5AY8JA002234,Fishers,IN
94888,20007,500,2020,JTHBP5AY1LA007767,Mesa,AZ
88888,14135,500,2019,JTHHP5AY9KA007122,Wilsonville,OR
80777,15809,500,2018,JTHHP5AYXJA001716,Prosper,TX
87989,3994,500,2018,JTHHP5AY9JA005661,Lowell,MA
82490,14691,500,2018,JTHHP5AY4JA003090,Atlanta,GA
84991,12302,500,2018,JTHHP5AYXJA005510,Jacksonville,FL
79990,22594,500,2018,JTHHP5AY0JA003636,Sarasota,FL
80971,18881,500,2018,JTHHP5AY1JA003032,Margate,FL
82000,9436,500,2018,JTHHP5AYXJA005765,Jackson,TN
83886,3369,500,2018,JTHHP5AY2JA002228,Bellevue,WA
89995,3649,500,2018,JTHHP5AY5JA001722,Honolulu,HI
75995,19628,500,2018,JTHHP5AY1JA000681,Syosset,NY
107000,2075,500,2021,JTHBP5AY9MA008327,Bellevue,WA
87847,4255,500,2018,JTHHP5AY7JA003679,Mendon,MA
75998,36214,500,2018,JTHHP5AY6JA003799,Houston,TX
89980,7914,500,2019,JTHHP5AYXKA006724,Newport Beach,CA
102998,7015,500,2020,JTHBP5AY6LA007828,Dallas,TX
79906,24274,500,2018,JTHHP5AY8JA001939,Owings Mills,MD
83900,18100,500,2019,JTHHP5AY5KA006114,Baton Rouge,LA
82995,8298,500,2018,JTHHP5AY2JA003282,Lynnwood,WA
79995,10936,500,2018,JTHHP5AY5JA004832,Friendswood,TX
84490,10814,500,2018,JTHHP5AY0JA003667,Lynnwood,WA
84000,24791,500,2018,JTHHP5AY1JA003564,North Chesterfield,VA
89990,4147,500,2019,JTHHP5AY8KA007046,Houston,TX
93980,10625,500,2020,JTHBP5AY7LA007904,Atlanta,GA
77990,31994,500,2018,JTHHP5AY2JA003265,Duluth,GA
79995,22191,500,2018,JTHHP5AY6JA000840,Delray Beach,FL
85633,13851,500,2019,JTHHP5AYXKA006318,Alvin,TX
82000,14175,500,2018,JTHHP5AY2JA003427,Clive,IA
75999,13500,500,2018,JTHHP5AY5JA001803,Hollywood,FL
86998,15784,500,2018,JTHHP5AY7JA004976,Dallas,TX
86950,10913,500,2018,JTHHP5AY5JA004751,Austin,TX
114990,1220,500,2021,JTHKPAAY6MA100892,Sarasota,FL
81998,27237,500,2018,JTHHP5AY7JA003018,Dallas,TX
76448,30229,500,2018,JTHHP5AY7JA005190,N/A,N/A
77488,27200,500,2018,JTHHP5AY3JA001766,N/A,N/A
79988,17284,500,2018,JTHHP5AY7JA002404,N/A,N/A
84988,3727,500,2018,JTHHP5AY9JA003649,N/A,N/A
89888,592,500,2018,JTHHP5AY9JA001528,N/A,N/A
81998,27339,500,2019,JTHHP5AYXKA006352,N/A,N/A
98000,6998,500,2020,JTHBP5AY9LA008116,N/A,N/A
88496,14567,500,2018,JTHHP5AY9JA002680,N/A,N/A
72989,30137,500h,2018,JTHHY5AY2JA000153,Fort Pierce,FL
96999,716,500h,2020,JTHBY5AY0LA001858,Chicago,IL
74999,22324,500h,2018,JTHHY5AY4JA000199,Houston,TX
80919,12254,500h,2018,JTHHY5AY9JA000165,Lawndale,CA
79900,18813,500h,2018,JTHHY5AY7JA000276,Saint Paul,MN
105500,578,500h,2021,JTHEY5AY7MA002083,Corbin,KY
72995,20094,500h,2018,JTHHY5AY2JA000640,Fort Worth,TX
84955,5471,500h,2018,JTHHY5AYXJA000305,N/A,N/A
77254,5190,500h,2019,JTHHY5AYXKA001519,N/A,N/A
