Price,Miles,Trim,Year,Vin,City,State
45875,15597,350,2019,JTHHZ5BC7K5020215,Diberville,MS
36995,22000,350,2016,JTHSE5BC5G5006418,Bentleyville,PA
34995,46938,350,2015,JTHSE5BC8F5002507,Seattle,WA
26950,79042,350,2015,JTHSE5BCXF5002279,Newport,VT
48000,3816,350,2019,JTHHZ5BC6K5020304,San Diego,CA
42950,27761,350,2018,JTHSZ5BC1J5008727,Haverford,PA
31434,36321,350,2015,JTHHE5BC9F5010867,Watertown,MA
41586,23684,350,2019,JTHHZ5BC8K5021647,Melbourne,FL
37700,31350,350,2018,JTHHZ5BCXJ5018005,Thousand Oaks,CA
48075,12110,350,2020,JTHGZ5BC2L5022354,Torrance,CA
31980,50951,350,2015,JTHSE5BC5F5002965,Hoffman Estates,IL
30850,67470,350,2015,JTHSE5BCXF5001181,Columbia,SC
31110,60866,350,2015,JTHHE5BC8F5000959,Sherman Oaks,CA
29657,66204,350,2016,JTHHE5BC8G5012031,Kingwood,TX
28590,66906,350,2015,JTHHE5BC4F5006256,Houston,TX
42998,19438,350,2018,JTHSZ5BC7J5008716,Chicago,IL
37079,35101,350,2017,JTHSE5BC8H5007435,MILWAUKEE,WI
29998,67137,350,2015,JTHHE5BC9F5010111,Mesquite,TX
36520,41588,350,2017,JTHSE5BC3H5007326,Blue Ash,OH
40122,12776,350,2018,JTHHZ5BC9J5018626,Garden Grove,CA
25611,105401,350,2015,JTHSE5BC1F5001604,Covington,KY
30827,71723,350,2015,JTHHE5BC8F5007894,Mckinney,TX
33997,45644,350,2017,JTHHE5BC4H5017650,Pompano Beach,FL
32897,50083,350,2015,JTHSE5BC2F5005581,Sarasota,FL
29995,68522,350,2015,JTHHE5BC5F5006783,West Palm Beach,FL
23000,133761,350,2015,JTHSE5BC8F5000353,Arlington Heights,IL
31401,42920,350,2015,JTHHE5BC3F5001503,Tulsa,OK
36281,15419,350,2015,JTHSE5BC2F5004267,Durham,NC
30940,55260,350,2015,JTHSE5BC6F5003428,Westmont,IL
44590,5924,350,2019,JTHSZ5BC8K5009469,Cheyenne,WY
28999,60804,350,2015,JTHHE5BC8F5005059,San Antonio,TX
34990,18508,350,2015,JTHSE5BC3F5004925,Hayward,CA
30990,56267,350,2015,JTHHE5BCXF5002485,Oxnard,CA
37785,26409,350,2018,JTHSZ5BC8J5008708,Davenport,IA
42000,20580,350,2017,JTHHE5BC8H5017666,Las Vegas,NV
45831,8324,350,2018,JTHHZ5BC3J5018668,SACRAMENTO,CA
44995,18832,350,2018,JTHHZ5BC8J5018780,San Juan,TX
35181,26051,350,2015,JTHHE5BC3F5006068,Columbus,OH
45891,7083,350,2020,JTHDZ5BC5L5022609,Charlotte,NC
41099,7024,350,2018,JTHHZ5BC4J5018565,Margate,FL
36619,18557,350,2015,JTHSE5BC8F5002085,Logan,UT
42949,49628,350,2018,JTHSZ5BC5J5008505,Bellingham,WA
34789,99603,350,2018,JTHSZ5BC0J5008721,Clarksville,IN
26750,89888,350,2015,JTHHE5BC0F5004052,San Diego,CA
49884,7233,350,2020,JTHGZ5DC6L5010303,Silver Spring,MD
37000,38880,350,2017,JTHSE5BC4H5007920,Cincinnati,OH
31919,45991,350,2015,JTHSE5BC2F5002373,Columbus,OH
45875,15597,350,2019,JTHHZ5BC7K5020215,Diberville,MS
28990,63473,350,2015,JTHSE5BC0F5000847,Portland,OR
25999,71146,350,2015,JTHSE5BC8F5001504,Jamaica,NY
25999,71146,350,2015,JTHSE5BC8F5001504,Jamaica,NY
30391,58749,350,2015,JTHHE5BC2F5003131,Lakewood,CO
38649,16856,350,2017,JTHSE5BC6H5008437,Waukesha,WI
37618,33539,350,2015,JTHHE5BC1F5006280,Austin,TX
32995,47081,350,2015,JTHSE5BC6F5002988,Davenport,IA
29751,65842,350,2015,JTHSE5BC6F5004367,Groveport,OH
30624,54493,350,2015,JTHHE5BCXF5002308,San Antonio,TX
38587,39033,350,2017,JTHHE5BC7H5016119,Westminster,CA
28350,63592,350,2015,JTHSE5BC0F5003568,Lawrence Township,NJ
25999,111078,350,2015,JTHHE5BC6F5001303,Ontario,CA
44600,20094,350,2019,JTHHZ5BC6K5020433,Wesley Chapel,FL
49997,11182,350,2021,JTHGZ5DCXM5010533,Nashua,NH
45499,19586,350,2019,JTHHZ5BC4K5019619,Conroe,TX
34795,39753,350,2015,JTHSE5BC3F5004536,Arlington Heights,IL
41911,39336,350,2018,JTHHZ5BC5J5018655,Broomfield,CO
30950,51715,350,2015,JTHSE5BC1F5003059,Sylvania,OH
30888,70264,350,2015,JTHHE5BC7F5005330,Sarasota,FL
36995,22000,350,2016,JTHSE5BC5G5006418,Bentleyville,PA
33895,30165,350,2016,JTHHE5BC7G5013526,Clearwater,FL
48999,3243,350,2021,JTHAZ5BC4M5023464,Orlando,FL
33888,24226,350,2015,JTHHE5BC4F5007116,Phoenix,AZ
42000,12726,350,2019,JTHHZ5BC3K5020664,Ontario,CA
29500,68639,350,2015,JTHHE5BC2F5001346,Sherwood,AR
34950,34308,350,2015,JTHHE5BC2F5010578,Destin,FL
40230,36432,350,2018,JTHSZ5BC2J5009000,Lees Summit,MO
32000,51120,350,2015,JTHHE5BC6F5006436,Phoenix,AZ
34975,27199,350,2015,JTHSE5BC8F5001289,Peoria,IL
36500,32502,350,2015,JTHHE5BC3F5003574,GREENVILLE,SC
30766,59142,350,2015,JTHHE5BC8F5001481,Strongsville,OH
29900,77926,350,2015,JTHHE5BC1F5000785,San Antonio,TX
27998,93610,350,2015,JTHSE5BC8F5002863,Fayetteville,NC
28990,60349,350,2015,JTHSE5BC5F5001606,Columbia,SC
31895,49701,350,2015,JTHHE5BC2F5003212,Atlanta,GA
26990,90908,350,2015,JTHSE5BC0F5003070,Owings Mills,MD
41598,25463,350,2018,JTHSZ5BCXJ5008614,Wichita,KS
40495,26783,350,2018,JTHHZ5BC8J5019122,Atlanta,GA
38995,21157,350,2015,JTHSE5BC5F5001640,Fountain Hills,AZ
53782,2799,350,2021,JTHGZ5BC6M5023279,Knoxville,TN
39495,48718,350,2018,JTHSZ5BC1J5008775,Lawrence Township,NJ
32699,36077,350,2015,JTHHE5BC0F5001989,Escondido,CA
35900,66624,350,2017,JTHSE5BCXH5008148,Saint Paul,MN
36998,40871,350,2017,JTHHE5BC5H5016426,Delray Beach,FL
32888,56923,350,2015,JTHHE5BC0F5006397,Edmonds,WA
32647,56820,350,2016,JTHSE5BC2G5006201,Adrian,MI
29945,73622,350,2015,JTHHE5BC8F5001030,Orlando,FL
28998,91580,350,2015,JTHHE5BC0F5010501,AUSTIN,TX
33388,25908,350,2015,JTHHE5BC7F5005635,Cumming,GA
34999,31819,350,2015,JTHSE5BC7F5005155,Dallas,TX
51700,2240,350,2020,JTHGZ5BC9L5022089,Birmingham,AL
36482,26465,350,2016,JTHSE5BC8G5006932,Henrico,VA
33987,20550,350,2015,JTHSE5BC5F5001914,Barrington,IL
39990,43260,350,2018,JTHHZ5BC7J5018611,Kennesaw,GA
47999,9460,350,2020,JTHGZ5BCXL5021923,Columbus,GA
43391,25787,350,2019,JTHHZ5BC5K5021394,Houston,TX
33590,37183,350,2015,JTHSE5BC6F5005275,Phoenix,AZ
35590,14919,350,2015,JTHHE5BC2F5006577,St George,UT
37887,34147,350,2017,JTHHE5BCXH5017507,Cathedral City,CA
36940,19142,350,2015,JTHHE5BC8F5003683,Temecula,CA
47898,13990,350,2019,JTHSZ5BC2K5009161,Livermore,CA
32990,57297,350,2015,JTHSE5BC6F5002537,Atlanta,GA
30991,70431,350,2015,JTHSE5BC8F5002300,Orland Park,IL
31900,63863,350,2015,JTHHE5BC8F5001934,Thousand Oaks,CA
34340,35539,350,2015,JTHSE5BC5F5000990,Virginia Beach,VA
33000,52114,350,2015,JTHSE5BC0F5002369,Fort Collins,CO
26900,113515,350,2015,JTHSE5BC3F5000325,Middleton,WI
35590,25946,350,2015,JTHHE5BC3F5006488,Lansing,MI
45989,21207,350,2019,JTHSZ5BC2K5009211,Lowell,MA
33837,46658,350,2016,JTHHE5BC5G5014321,Riverside,CA
29590,55368,350,2015,JTHSE5BC9F5001995,Worcester,MA
34990,25735,350,2017,JTHHE5BC5H5015101,Bakersfield,CA
32445,62471,350,2015,JTHSE5BC7F5003616,Naperville,IL
35300,31514,350,2015,JTHSE5BC2F5000655,Pittsburgh,PA
33998,53870,350,2015,JTHSE5BC5F5000407,Houston,TX
42991,15165,350,2018,JTHHZ5BC7J5019144,Spring,TX
33800,36762,350,2016,JTHHE5BC2G5011859,Tarpon Springs,FL
33998,53870,350,2015,JTHSE5BC5F5000407,Houston,TX
33920,45898,350,2016,JTHHE5BC8G5012076,Suitland,MD
37193,35935,350,2017,JTHSE5BC1H5007261,Myrtle Beach,SC
28490,49908,350,2015,JTHSE5BC2F5001966,Fishers,IN
39499,11445,350,2017,JTHSE5BC9H5008335,Los Angeles,CA
29429,65550,350,2015,JTHHE5BC0F5004696,Tampa,FL
34995,46938,350,2015,JTHSE5BC8F5002507,Seattle,WA
29995,91717,350,2015,JTHHE5BC9F5007838,Memphis,TN
32895,51252,350,2015,JTHHE5BC9F5009251,Tampa,FL
33999,50102,350,2016,JTHSE5BC5G5006791,Los Angeles,CA
32988,59729,350,2016,JTHHE5BC4G5011376,Hernando,MS
37555,26904,350,2017,JTHHE5BC8H5015576,Bellflower,CA
30873,45151,350,2015,JTHHE5BC7F5001343,Daytona Beach,FL
40983,11952,350,2017,JTHSE5BC3H5007374,Portland,OR
36099,32357,350,2016,JTHHE5BC0G5011939,Dallas,TX
41100,7969,350,2018,JTHHZ5BC2J5018449,Pompano Beach,FL
47979,18452,350,2019,JTHHZ5BC0K5019701,Dallas,TX
50987,5575,350,2020,JTHGZ5BC0L5023065,Valencia,CA
34441,46873,350,2015,JTHHE5BC1F5005713,Olive Branch,MS
32995,42499,350,2015,JTHHE5BC8F5009435,Frisco,TX
38000,33685,350,2015,JTHHE5BC8F5002761,Kailua Kona,HI
32991,55399,350,2015,JTHHE5BC3F5001498,Sugar Land,TX
48992,12466,350,2020,JTHGZ5BC6L5022406,Waxahachie,TX
35495,38858,350,2015,JTHHE5BC7F5010916,Houston,TX
53967,1856,350,2021,JTHGZ5BC1M5023982,Sarasota,FL
33076,57640,350,2015,JTHHE5BC6F5010258,Portland,OR
37498,41712,350,2017,JTHHE5BC3H5015517,Irondale,AL
32968,47620,350,2015,JTHSE5BC4F5002827,Charlotte,NC
30999,81235,350,2015,JTHHE5BCXF5003975,Houston,TX
35590,25498,350,2016,JTHHE5BC3G5012499,Nashville,TN
39892,36342,350,2017,JTHSE5BC5H5008090,Memphis,TN
40998,19292,350,2017,JTHHE5BC1H5016357,Wichita,KS
33495,63464,350,2015,JTHSE5BC5F5004246,Fayetteville,AR
33882,49424,350,2016,JTHHE5BC8G5013860,Savannah,GA
31850,74333,350,2015,JTHHE5BC7F5008776,Henderson,TX
40245,30758,350,2017,JTHHE5BC9H5017434,Nash,TX
35707,34389,350,2015,JTHHE5BC9F5005555,Portland,OR
31875,60722,350,2015,JTHHE5BC0F5004889,Scottsdale,AZ
35477,34862,350,2015,JTHHE5BC2F5000987,Tucson,AZ
39646,35218,350,2017,JTHSE5BC4H5007772,Gresham,OR
46748,32787,350,2020,JTHGZ5BCXL5022313,Webster,TX
39900,2220,350,2016,JTHHE5BC3G5012115,San Antonio,TX
33590,66102,350,2016,JTHHE5BCXG5012998,Austin,TX
30977,51629,350,2015,JTHHE5BC2F5007521,Carrollton,TX
32990,51808,350,2015,JTHHE5BC1F5000267,Grand Rapids,MI
38913,25814,350,2016,JTHHE5BC9G5012345,Savannah,GA
26500,69245,350,2015,JTHHE5BC1F5005243,Royal Palm Beach,FL
29217,91000,350,2015,JTHHE5BC3F5004126,Springfield,TN
40521,27656,350,2017,JTHHE5BC1H5015533,Tampa,FL
32995,31200,350,2015,JTHSE5BC4F5004108,Naugatuck,CT
35995,55937,350,2016,JTHHE5BC8G5012143,Yuba City,CA
28897,89785,350,2015,JTHHE5BC1F5009986,Katy,TX
27999,112263,350,2015,JTHSE5BC7F5003549,Detroit,MI
40985,22256,350,2017,JTHHE5BC0H5017645,Richardson,TX
48995,12055,350,2019,JTHSZ5BC3K5009590,Yakima,WA
34419,51645,350,2015,JTHHE5BC2F5001766,Pembroke Pines,FL
32000,80916,350,2016,JTHHE5BC6G5013131,Mobile,AL
32995,64364,350,2015,JTHSE5BC0F5003702,Schaumburg,IL
53995,7599,350,2019,JTHSZ5BC0K5009286,North Chesterfield,VA
29995,85077,350,2016,JTHHE5BC4G5012365,Birmingham,AL
38339,27362,350,2017,JTHSE5BC7H5007734,Palo Alto,CA
33332,41677,350,2015,JTHHE5BC3F5010458,Marietta,GA
39551,33187,350,2017,JTHSE5BC1H5008409,Laurel,MD
38990,45150,350,2017,JTHHE5BCXH5017524,Buford,GA
34590,49288,350,2015,JTHSE5BC0F5003764,Greenville,SC
36888,14451,350,2015,JTHHE5BC6F5000507,North Miami,FL
34699,82583,350,2017,JTHSE5BC3H5008119,Mount Laurel,NJ
31664,83750,350,2015,JTHSE5BC7F5005690,Ankeny,IA
49990,20315,350,2019,JTHSZ5BC9K5009576,Pelham,AL
36850,33270,350,2016,JTHHE5BC7G5013462,Carrollton,TX
28900,101060,350,2015,JTHHE5BC6F5011085,Cerritos,CA
33444,54651,350,2015,JTHHE5BCXF5008786,Marietta,GA
51998,5574,350,2019,JTHHZ5BC3K5021782,Dallas,TX
32499,67692,350,2015,JTHHE5BC2F5007261,Austin,TX
41272,19225,350,2017,JTHHE5BC7H5017285,El Cajon,CA
31995,66606,350,2016,JTHHE5BC8G5014779,Costa Mesa,CA
58887,4424,350,2020,JTHGZ5DC5L5010079,Viera,FL
34500,54140,350,2015,JTHSE5BC9F5002855,Houston,TX
42998,9860,350,2018,JTHHZ5BC4J5019036,Pembroke Pines,FL
39800,29922,350,2017,JTHHE5BC3H5015159,VALLEJO,CA
27999,99286,350,2015,JTHSE5BC5F5005137,Blue Springs,MO
44000,46008,350,2019,JTHHZ5BC0K5020508,Las Vegas,NV
36980,76854,350,2015,JTHSE5BC9F5004699,Spokane,WA
27999,65217,350,2015,JTHHE5BC6F5004105,Montclair,CA
47991,9752,350,2019,JTHHZ5BC9K5020698,ALBUQUERQUE,NM
51771,12218,350,2019,JTHSZ5BC6K5009826,Watertown,MA
33998,80538,350,2017,JTHHE5BCXH5016244,Bradenton,FL
35990,35922,350,2015,JTHSE5BC1F5004079,Salt Lake City,UT
37787,27511,350,2015,JTHHE5BC4F5002661,Webster,TX
45998,21791,350,2018,JTHSZ5BC5J5008746,Dallas,TX
50999,11390,350,2020,JTHGZ5BC6L5021790,Tacoma,WA
43995,14041,350,2015,JTHHE5BC5F5007352,San Antonio,TX
32500,76844,350,2015,JTHHE5BC7F5010799,Escondido,CA
52988,5393,350,2020,JTHGZ5DC3L5010355,Naperville,IL
39755,47803,350,2017,JTHHE5BC2H5015962,Paris,TX
31595,94926,350,2015,JTHHE5BC0F5008912,Selma,TX
41950,36485,350,2017,JTHHE5BC9H5014887,Austin,TX
41214,33462,350,2017,JTHHE5BCXH5017197,Houston,TX
33997,71057,350,2015,JTHHE5BC4F5007827,Sacramento,CA
32950,49271,350,2015,JTHHE5BC4F5006032,South San Francisco,CA
38995,40358,350,2015,JTHSE5BC5F5005249,Eaton,OH
39999,33924,350,2017,JTHHE5BC4H5017213,Austin,TX
37995,27815,350,2015,JTHSE5BC6F5005566,Frederick,MD
38590,28526,350,2019,JTHSZ5BC5K5009283,Orlando,FL
36999,72656,350,2015,JTHHE5BC6F5010647,Roseville,CA
36987,38764,350,2015,JTHHE5BC5F5007156,Henderson,NV
35995,59833,350,2015,JTHHE5BC8F5011170,Friendswood,TX
34990,51943,350,2015,JTHSE5BC7F5005043,Lowell,MA
38250,54793,350,2015,JTHHE5BC7F5008440,Easley,SC
37475,21600,350,2015,JTHHE5BC8F5004414,Commerce,GA
37576,39482,350,2017,JTHHE5BC1H5016522,Montclair,CA
45998,22632,350,2018,JTHHZ5BC5J5018476,Dallas,TX
36915,61580,350,2015,JTHHE5BC0F5007422,Monroe,LA
40794,24480,350,2017,JTHHE5BC6H5016242,AUSTIN,TX
41000,63804,350,2015,JTHHE5BC0F5003614,Austin,TX
42987,26032,350,2017,JTHSE5BC6H5007739,Georgetown,KY
43983,37888,350,2018,JTHHZ5BC1J5018748,OXNARD,CA
33686,68783,350,2015,JTHHE5BCXF5002163,Webster,TX
35998,58464,350,2015,JTHHE5BC6F5001186,Webster,TX
47991,12568,350,2019,JTHHZ5BC0K5020394,La Quinta,CA
31601,75358,350,2015,JTHSE5BC2F5000669,Cheyenne,WY
37900,36136,350,2015,JTHSE5BC2F5001725,Pittsburgh,PA
38181,21985,350,2017,JTHHE5BC7H5014886,Montclair,CA
33250,22186,350,2015,JTHSE5BC1F5000128,Bay City,TX
47800,21850,350,2018,JTHSZ5BCXJ5009018,Saint Louis,MO
34995,54777,350,2016,JTHSE5BC3G5006742,Dearborn,MI
42895,22246,350,2017,JTHHE5BC1H5016598,Fort Worth,TX
42886,25832,350,2017,JTHHE5BC3H5015100,Houston,TX
34499,81073,350,2017,JTHHE5BC0H5015491,Cincinnati,OH
35900,59743,350,2015,JTHHE5BC2F5008796,Honolulu,HI
36998,34581,350,2015,JTHHE5BC5F5006461,Lynnwood,WA
34993,43753,350,2015,JTHHE5BCXF5001496,Longwood,FL
43250,24550,350,2018,JTHHZ5BC5J5017943,Austin,TX
32590,36101,350,2015,JTHSE5BC0F5004221,Austin,TX
32000,91295,350,2015,JTHHE5BCXF5004060,Cape Coral,FL
36990,32801,350,2015,JTHSE5BC4F5002780,Daytona Beach,FL
36990,20492,350,2016,JTHSE5BC3G5006580,Malden,MA
35490,37291,350,2015,JTHHE5BC2F5006384,Kennesaw,GA
40995,14839,350,2019,JTHHZ5BC9K5020121,West Palm Beach,FL
30488,63793,350,2015,JTHHE5BC7F5007613,Dallas,TX
45998,6789,350,2017,JTHHE5BC0H5016253,Dallas,TX
39195,62939,350,2017,JTHHE5BC3H5015906,San Antonio,TX
39995,38979,350,2016,JTHHE5BC5G5014450,El Paso,TX
38991,24511,350,2017,JTHSE5BC2H5007785,Westmont,IL
29998,76729,350,2015,JTHHE5BC1F5011253,Dallas,TX
43990,34403,350,2018,JTHHZ5BC5J5018591,Sarasota,FL
32997,57079,350,2015,JTHHE5BC0F5009574,Hurst,TX
53998,2579,350,2021,JTHDZ5BC6M5024001,Dallas,TX
36998,33498,350,2015,JTHSE5BC1F5001800,N/A,N/A
35868,55986,350,2015,JTHSE5BC9F5004184,N/A,N/A
42965,20494,350,2019,JTHHZ5BC2K5019439,N/A,N/A
37941,49785,350,2015,JTHHE5BC2F5003260,N/A,N/A
37986,9425,350,2015,JTHSE5BC4F5004643,N/A,N/A
30995,77761,350,2015,JTHHE5BC0F5001684,N/A,N/A
32989,40616,350,2015,JTHHE5BC2F5003937,N/A,N/A
34313,29735,350,2015,JTHSE5BCXF5003819,N/A,N/A
40831,15692,350,2018,JTHHZ5BC7J5018575,N/A,N/A
32999,36537,350,2015,JTHHE5BC2F5008619,N/A,N/A
40888,41165,350,2019,JTHHZ5BC9K5021169,N/A,N/A
33350,49191,350,2015,JTHSE5BC6F5005227,N/A,N/A
31950,66123,350,2015,JTHSE5BC6F5005003,N/A,N/A
45998,6186,350,2019,JTHHZ5BC9K5020748,N/A,N/A
36987,30166,350,2015,JTHHE5BC4F5007620,N/A,N/A
31849,69110,350,2015,JTHHE5BC0F5004715,N/A,N/A
37218,53810,350,2017,JTHHE5BC4H5016093,N/A,N/A
52995,6173,350,2021,JTHDZ5BC0M5023572,N/A,N/A
36544,40500,350,2017,JTHHE5BC4H5016482,N/A,N/A
36000,66992,350,2017,JTHSE5BC8H5007516,N/A,N/A
42999,5726,350,2015,JTHSE5BC0F5001979,N/A,N/A
46500,12000,350,2017,JTHHE5BC9H5017854,N/A,N/A
40900,29805,350,2017,JTHHE5BC5H5017494,N/A,N/A
41432,23658,300,2019,JTHHA5BCXK5009216,Newport Beach,CA
42887,17834,300,2019,JTHHA5BC6K5009696,Viera,FL
30950,68515,300,2016,JTHSM5BC8G5001703,Hudson,NC
38990,10293,300,2019,JTHHA5BC5K5009382,Coral Springs,FL
42979,5560,300,2020,JTHGA5BC5L5011033,Maitland,FL
42500,3445,300,2019,JTHS85BC1K5005198,Brookfield,WI
34966,19487,300,2016,JTHSM5BC8G5002169,MILWAUKEE,WI
27995,36204,300,2017,JTHSM5BC2H5003481,Bronx,NY
30970,43587,300,2016,JTHSM5BCXG5001864,Royersford,PA
41659,13529,300,2019,JTHHA5BC6K5010265,Bellflower,CA
37499,7966,300,2019,JTHHA5BC9K5009384,San Diego,CA
29960,51802,300,2016,JTHSM5BC9G5001841,Lutherville Timonium,MD
42626,7257,300,2019,JTHHA5BC4K5010250,Cordova,TN
35990,23416,300,2018,JTHS85BC7J5004281,New Orleans,LA
36499,34698,300,2019,JTHS85BC7K5005092,Burnsville,MN
40444,6767,300,2020,JTHAA5BC7L5010911,Wesley Chapel,FL
36300,23021,300,2018,JTHHA5BC3J5008794,Santa Clara,CA
43194,2350,300,2020,JTHAA5BC6L5010933,Weatherford,TX
42500,13606,300,2019,JTHS85BC0K5004821,Bellevue,WA
40900,11892,300,2018,JTHS85BC7J5004409,Wayzata,MN
41997,16211,300,2019,JTHS85BC4K5005034,Chicago,IL
38399,28504,300,2019,JTHHA5BCXK5009796,Margate,FL
29900,61095,300,2016,JTHSM5BC6G5000887,Pompano Beach,FL
33390,30123,300,2017,JTHSM5BC0H5003642,Pleasantville,NJ
36972,18624,300,2017,JTHSM5BC9H5003865,White Plains,NY
38233,18807,300,2017,JTHSM5BC1H5002984,Dublin,OH
32990,34930,300,2017,JTHSM5BC3H5003795,Brooklyn,NY
42486,18891,300,2019,JTHHA5BC3K5010210,Westlake Village,CA
37494,23373,300,2018,JTHS85BC5J5004067,Mount Laurel,NJ
42900,9926,300,2019,JTHHA5BC0K5009502,Baton Rouge,LA
40000,14099,300,2018,JTHS85BC7J5004491,Noblesville,IN
30985,57610,300,2016,JTHSM5BC2G5000868,Chicago,IL
35795,47746,300,2017,JTHSM5BC6H5003886,Schaumburg,IL
37000,6337,300,2017,JTHSM5BC3H5003702,Englewood,NJ
35995,31881,300,2017,JTHSM5BC6H5003855,White Plains,NY
44995,18603,300,2020,JTHD85EC5L5005839,Suitland,MD
47360,5945,300,2020,JTHGA5BC8L5011012,Tampa,FL
38900,8588,300,2018,JTHHA5BC2J5008737,Costa Mesa,CA
45995,4410,300,2021,JTHGA5BC0M5011202,Weston,FL
44320,6523,300,2019,JTHHA5BC6K5009925,Tampa,FL
41900,16709,300,2019,JTHS85BC7K5004976,Wayzata,MN
36550,14094,300,2017,JTHSM5BC7H5002892,Saint Paul,MN
34320,64845,300,2018,JTHS85BC6J5004353,Prince Frederick,MD
36999,31388,300,2018,JTHS85BC8J5004323,Ramsey,NJ
42999,23949,300,2019,JTHHA5BC2K5009503,Ontario,CA
42824,11404,300,2019,JTHHA5BC5K5009706,Vista,CA
32590,37851,300,2016,JTHSM5BC5G5000475,Farmington Hills,MI
45998,9212,300,2020,JTHGA5BC8L5010779,Dallas,TX
39995,11543,300,2018,JTHHA5BC7J5008233,Buena Park,CA
35950,29926,300,2017,JTHSM5BC1H5002743,Amarillo,TX
34777,64970,300,2017,JTHSM5BCXH5003518,Schaumburg,IL
42000,23219,300,2019,JTHHA5BC2K5008884,Lafayette,IN
41991,28960,300,2019,JTHHA5BC6K5010251,CEDAR PARK,TX
36754,63214,300,2019,JTHHA5BC1K5009525,Kirkland,WA
30995,70395,300,2017,JTHSM5BC3H5003098,Philadelphia,PA
41995,15674,300,2019,JTHHA5BC2K5010179,Williamstown,NJ
38900,22620,300,2018,JTHHA5BC3J5008505,Charleston,SC
32995,41353,300,2016,JTHSM5BC8G5000177,Renton,WA
40000,23177,300,2018,JTHS85BC8J5004113,Highland Park,IL
34880,33597,300,2017,JTHSM5BC1H5002404,Plainfield,IN
43700,20574,300,2019,JTHHA5BC0K5009516,Scottsdale,AZ
37777,18315,300,2018,JTHHA5BC2J5008415,West Covina,CA
37000,28137,300,2018,JTHHA5BC4J5008318,Cerritos,CA
38999,23604,300,2018,JTHHA5BC0J5008283,Opa Locka,FL
38995,21019,300,2018,JTHS85BC2J5004317,Lexington,KY
41902,18101,300,2019,JTHHA5BC4K5009065,Prescott,AZ
40908,17320,300,2018,JTHS85BC0J5004302,Little Rock,AR
36995,36679,300,2018,JTHS85BCXJ5004517,Minneapolis,MN
32995,60345,300,2017,JTHSM5BC6H5003841,Pelham,AL
42844,15764,300,2019,JTHS85BC1K5005475,Pittsburgh,PA
40995,20679,300,2019,JTHS85BC0K5005189,Williamstown,NJ
40993,18523,300,2018,JTHS85BC2J5004138,Cartersville,GA
43741,12504,300,2018,JTHS85BC3J5004326,Watertown,MA
44191,28964,300,2019,JTHHA5BC1K5010335,ALBUQUERQUE,NM
40788,21699,300,2018,JTHHA5BC6J5008739,FREMONT,CA
42999,25788,300,2019,JTHHA5BC2K5010232,Birmingham,AL
36500,66045,300,2017,JTHSM5BC5H5003197,Anchorage,AK
35000,27994,300,2017,JTHSM5BCXH5002434,Owings Mills,MD
33990,46008,300,2017,JTHSM5BC0H5002460,Boston,MA
38995,23957,300,2018,JTHHA5BC8J5008774,San Diego,CA
48995,9538,300,2019,JTHHA5BC3K5010241,San Antonio,TX
44573,18134,300,2019,JTHHA5BC2K5010330,Houston,TX
36990,19811,300,2016,JTHSM5BC3G5000443,Maplewood,MN
43598,9846,300,2020,JTHAA5BC2L5010587,Pembroke Pines,FL
45997,9875,300,2020,JTHAA5BC3L5010582,Miami,FL
48777,3493,300,2020,JTHGA5BCXL5010721,San Antonio,TX
41414,13680,300,2018,JTHHA5BC6J5008661,Beaverton,OR
38995,14755,300,2017,JTHSM5BC0H5003284,Doylestown,PA
42995,23357,300,2017,JTHSM5BC4H5002736,North Chesterfield,VA
28999,76567,300,2016,JTHSM5BC6G5000825,Longmont,CO
47900,14528,300,2019,JTHHA5BC9K5009823,Marietta,GA
48900,5179,300,2019,JTHHA5BC6K5009004,Greenville,SC
38590,25768,300,2018,JTHHA5BC5J5008344,Cheyenne,WY
38990,38902,300,2018,JTHHA5BC6J5008272,Dallas,TX
37397,35308,300,2016,JTHSM5BC9G5002004,Charlotte,NC
47999,16555,300,2017,JTHSM5BCXH5003650,Hartford,CT
52995,2156,300,2021,JTHGA5BC7M5011424,Mount Juliet,TN
49093,2718,300,2021,JTHGA5BC0M5011183,Miami Lakes,FL
47999,11144,300,2020,JTHG85EC1L5005964,La Follette,TN
23840,64742,300,2017,JTHSM5BC7H5002598,Amityville,NY
44963,12663,300,2019,JTHHA5BC2K5010294,Columbia,SC
33481,39286,300,2016,JTHSM5BC5G5001559,Carrollton,GA
40000,28638,300,2018,JTHS85BC7J5004538,Norfolk,VA
39999,23689,300,2017,JTHSM5BC4H5003319,North Chesterfield,VA
39999,27021,300,2018,JTHHA5BC7J5008751,Orlando,FL
35995,29938,300,2016,JTHSM5BC7G5000154,Oak Lawn,IL
46990,12261,300,2019,JTHHA5BC0K5009029,Sarasota,FL
37998,22384,300,2017,JTHSM5BC2H5003349,Lynnwood,WA
39999,21820,300,2016,JTHSM5BC0G5002120,North Chesterfield,VA
32466,41677,300,2016,JTHSM5BC5G5001898,Bedford,OH
31248,54371,300,2017,JTHSM5BC8H5003677,Raleigh,NC
39500,19501,300,2018,JTHS85BC6J5004224,Summit,NJ
35698,35076,300,2018,JTHS85BC1J5004454,Larchmont,NY
37944,7886,300,2019,JTHHA5BC5K5010337,Delray Beach,FL
39998,13546,300,2018,JTHS85BC1J5004227,Warwick,RI
35998,46425,300,2016,JTHSM5BC2G5000904,Minneapolis,MN
34486,45593,300,2017,JTHSM5BC7H5002441,Winston Salem,NC
35988,32255,300,2018,JTHS85BC1J5004437,N/A,N/A
38424,11869,300,2019,JTHHA5BC7K5009836,N/A,N/A
33989,36269,300,2018,JTHHA5BC1J5008115,N/A,N/A
40999,8735,300,2019,JTHHA5BC8K5009831,N/A,N/A
41900,12280,300,2019,JTHHA5BC7K5009898,N/A,N/A
34994,43963,300,2016,JTHSM5BC1G5000988,N/A,N/A
34995,23034,300,2016,JTHSM5BC5G5002209,N/A,N/A
36888,28521,300,2018,JTHHA5BC5J5007856,N/A,N/A
39988,29353,300,2017,JTHSM5BC3H5002369,N/A,N/A
33590,24513,200t,2017,JTHHA5BC2H5007503,Blacklick,OH
33314,31205,200t,2016,JTHHA5BC7G5001369,Savannah,GA
34809,10459,200t,2017,JTHHA5BC4H5007261,Scottsdale,AZ
30887,36336,200t,2016,JTHHA5BC1G5004316,Cathedral City,CA
28998,24264,200t,2016,JTHHA5BC1G5001836,West Palm Beach,FL
29988,38504,200t,2016,JTHHA5BC1G5002274,Springdale,AR
28550,61255,200t,2016,JTHHA5BC3G5002891,Garner,NC
29222,74209,200t,2017,JTHHA5BC9H5006848,Macon,GA
31590,42162,200t,2017,JTHHA5BC1H5005497,Clearwater,FL
32998,30717,200t,2017,JTHHA5BC1H5007122,West Palm Beach,FL
29590,43169,200t,2016,JTHHA5BC5G5000849,Las Vegas,NV
29999,36941,200t,2017,JTHHA5BC8H5006520,Atlanta,GA
30980,31763,200t,2016,JTHHA5BC7G5000450,Hoffman Estates,IL
29989,36015,200t,2016,JTHHA5BC6G5003999,Houston,TX
25995,62714,200t,2016,JTHHA5BC0G5001973,Lawrence Township,NJ
26590,49982,200t,2016,JTHHA5BC4G5003712,Cheyenne,WY
28900,28731,200t,2017,JTHHA5BC2H5005878,Sheboygan,WI
33200,27417,200t,2017,JTHHA5BC4H5005378,Rogers,AR
34993,22739,200t,2017,JTHHA5BC9H5007000,SACRAMENTO,CA
31499,40567,200t,2017,JTHHA5BC2H5006741,Scottsdale,AZ
29991,40947,200t,2016,JTHHA5BC6G5000990,Cerritos,CA
30900,40120,200t,2016,JTHHA5BC4G5004231,Moncks Corner,SC
29990,66491,200t,2016,JTHHA5BC2G5003532,Towson,MD
32999,35603,200t,2017,JTHHA5BC2H5006142,Margate,FL
32895,27295,200t,2016,JTHHA5BC9G5001678,Columbia,SC
35999,18927,200t,2017,JTHHA5BC9H5007692,Columbus,GA
26990,94802,200t,2016,JTHHA5BC6G5000228,Kansas City,MO
27900,25764,200t,2016,JTHHA5BC4G5004035,Miami,FL
29990,50132,200t,2016,JTHHA5BC1G5004090,Farmers Branch,TX
34999,50054,200t,2017,JTHHA5BC2H5004911,El Paso,TX
34999,21030,200t,2017,JTHHA5BC1H5005595,San Diego,CA
33900,29253,200t,2017,JTHHA5BC1H5005337,Jacksonville,FL
35638,35307,200t,2017,JTHHA5BCXH5005756,Charlotte,NC
34990,51472,200t,2017,JTHHA5BC3H5006067,Duluth,GA
34809,10459,200t,2017,JTHHA5BC4H5007261,Scottsdale,AZ
29977,67711,200t,2016,JTHHA5BC5G5004657,Hollywood,FL
32459,32549,200t,2017,JTHHA5BC7H5007514,San Diego,CA
32952,41459,200t,2017,JTHHA5BC4H5005025,Knoxville,TN
17999,222884,200t,2016,JTHHA5BC5G5000902,Irondale,AL
33434,42415,200t,2017,JTHHA5BC0H5005104,Irving,TX
34995,37012,200t,2017,JTHHA5BC9H5007384,Clearwater,FL
28999,83635,200t,2016,JTHHA5BC7G5001338,Hallandale,FL
30961,53850,200t,2016,JTHHA5BC9G5000904,San Antonio,TX
35997,16174,200t,2017,JTHHA5BC8H5006839,OXNARD,CA
32590,37857,200t,2016,JTHHA5BC2G5001246,Denver,CO
28500,66963,200t,2016,JTHHA5BC5G5003119,Ladson,SC
32435,27197,200t,2017,JTHHA5BC4H5007423,Carlsbad,CA
34680,24857,200t,2017,JTHHA5BCXH5005983,Pembroke Pines,FL
33000,15573,200t,2016,JTHHA5BC9G5000627,Miami,FL
31995,38550,200t,2016,JTHHA5BC1G5004171,Irving,TX
31895,59235,200t,2016,JTHHA5BC5G5002164,Fort Worth,TX
31990,53831,200t,2016,JTHHA5BC6G5003615,Atlanta,GA
39588,15147,200t,2017,JTHHA5BC4H5007213,FREMONT,CA
35977,37018,200t,2016,JTHHA5BC4G5004052,Covington,KY
34599,21711,200t,2017,JTHHA5BCXH5006776,Tempe,AZ
32591,53935,200t,2016,JTHHA5BC5G5003346,San Antonio,TX
34990,20612,200t,2017,JTHHA5BC8H5005982,New York,NY
34999,50640,200t,2016,JTHHA5BC3G5004799,El Paso,TX
34995,36416,200t,2016,JTHHA5BC7G5002988,Dallas,TX
33987,43846,200t,2016,JTHHA5BC7G5000898,Cincinnati,OH
36995,48844,200t,2017,JTHHA5BC6H5006869,Bossier City,LA
37900,24186,200t,2016,JTHHA5BC3G5001692,Belmont,NC
35903,51158,200t,2016,JTHHA5BCXG5001785,Buford,GA
33990,30214,200t,2017,JTHHA5BC2H5007131,Roswell,GA
31900,57867,200t,2016,JTHHA5BC9G5003267,Cerritos,CA
28990,66335,200t,2017,JTHHA5BC3H5005212,Gardendale,AL
32684,35939,200t,2017,JTHHA5BC3H5005064,Miami,FL
32875,48524,200t,2017,JTHHA5BC4H5007177,Vista,CA
39900,10641,200t,2017,JTHHA5BC5H5006099,Honolulu,HI
41995,2259,200t,2017,JTHHA5BC0H5007547,Honolulu,HI
32699,51629,200t,2016,JTHHA5BC8G5001347,Marietta,GA
32961,57933,200t,2016,JTHHA5BC8G5001932,Newport Beach,CA
33990,30909,200t,2017,JTHHA5BC9H5004839,Buford,GA
36999,27158,200t,2016,JTHHA5BC0G5002458,Carlsbad,CA
34562,18075,200t,2017,JTHHA5BC6H5005799,Chandler,AZ
32897,33837,200t,2016,JTHHA5BC5G5004044,Olive Branch,MS
34800,34273,200t,2017,JTHHA5BC0H5007550,N/A,N/A
32982,27431,200t,2017,JTHHA5BC5H5007317,N/A,N/A
36987,32631,200t,2017,JTHHA5BC0H5007449,N/A,N/A
33997,39427,200t,2016,JTHHA5BC3G5004348,N/A,N/A
33073,56731,200t,2016,JTHHA5BC7G5000416,N/A,N/A
72900,1020,F,2020,JTHDP5BC6L5007672,Miami,FL
69504,10267,F,2020,JTHJP5BC7L5007442,SACRAMENTO,CA
48845,45439,F,2016,JTHHP5BC1G5004783,Margate,FL
64500,13894,F,2019,JTHHP5BC9K5007309,Duluth,GA
54882,12016,F,2017,JTHHP5BC0H5006350,Pompano Beach,FL
39550,95826,F,2017,JTHHP5BC1H5005790,New Port Richey,FL
48895,28582,F,2015,JTHHP5BC2F5001079,San Antonio,TX
49146,22548,F,2015,JTHHP5BC6F5000615,Fort Myers,FL
76880,2823,F,2020,JTHDP5BC7L5007907,Seattle,WA
43080,66418,F,2015,JTHHP5BC2F5002863,Fort Myers,FL
59776,16408,F,2019,JTHHP5BC4K5007203,Chicago,IL
47790,35957,F,2015,JTHHP5BC9F5001094,Addison,TX
57906,15241,F,2017,JTHHP5BC1H5005871,Georgetown,TX
46881,57964,F,2016,JTHHP5BC1G5005383,Nashville,TN
74995,978,F,2020,JTHDP5BC6L5007610,Costa Mesa,CA
75998,12344,F,2020,JTHDP5BC6L5007445,Shrewsbury,MA
51989,23111,F,2017,JTHHP5BC0H5005957,Dallas,TX
50998,32644,F,2017,JTHHP5BC7H5006068,Coral Gables,FL
48991,45680,F,2015,JTHHP5BC0F5000769,ALBUQUERQUE,NM
72992,11180,F,2020,JTHDP5BC3L5007838,Memphis,TN
49999,26127,F,2015,JTHHP5BCXF5003775,Orlando,FL
75998,3066,F,2020,JTHDP5BC7L5007843,Montclair,CA
47938,34700,F,2015,JTHHP5BC9F5004352,Austin,TX
73999,1352,F,2020,JTHDP5BC8L5007463,Puyallup,WA
47999,47431,F,2016,JTHHP5BC5G5005077,Anaheim,CA
53970,10462,F,2015,JTHHP5BCXF5003677,Piedmont,SC
79499,4659,F,2021,JTHDP5BC5M5008068,Tampa,FL
75836,7203,F,2020,JTHDP5BC2L5007426,El Cajon,CA
69850,9927,F,2019,JTHHP5BC0K5007215,Fishers,IN
73991,2749,F,2020,JTHAP5BC4L5007561,Jacksonville,FL
45998,74771,F,2015,JTHHP5BCXF5002769,Houston,TX
45499,58213,F,2015,JTHHP5BC8F5000244,Stafford,TX
77990,3086,F,2020,JTHDP5BC9L5007522,Atlanta,GA
45941,69092,F,2015,JTHHP5BC7F5000154,Buffalo Grove,IL
51998,26180,F,2015,JTHHP5BC1F5003261,Dallas,TX
50750,42204,F,2017,JTHHP5BC6H5005817,Gilbert,AZ
52990,33665,F,2015,JTHHP5BC0F5001808,Sarasota,FL
57399,4275,F,2019,JTHHP5BC0K5006923,Lewisville,TX
79950,11131,F,2020,JTHJP5BC0L5007623,Bellevue,WA
45500,46754,F,2016,JTHHP5BC3G5005661,Las Vegas,NV
77498,5849,F,2020,JTHDP5BC1L5007417,Dallas,TX
77389,9091,F,2020,JTHDP5BC6L5007459,Fort Washington,PA
74000,2650,F,2020,JTHJP5BC6L5007349,N/A,N/A
57993,62915,F,2019,JTHHP5BCXK5007089,N/A,N/A
76810,5930,F,2020,JTHJP5BC4L5007477,N/A,N/A
94521,1620,F-Track,2020,JTHYP5BC7L5007410,Newport Beach,CA
86980,8018,F-Track,2020,JTHYP5BC8L5007805,Pompano Beach,FL
96950,5190,F-Track,2020,JTHYP5BC5L5007499,Bellingham,WA
95798,1374,F-Track,2020,JTHYP5BC7L5007407,Utica,MI
93999,3239,F-Track,2020,JTHYP5BC0L5007409,Saint Clair Shores,MI
98993,2195,F-Track,2020,JTHYP5BC0L5007801,SACRAMENTO,CA
97788,1080,F-Track,2020,JTHYP5BC2L5007525,Heath,OH
